"STATION","DATE","LATITUDE","LONGITUDE","ELEVATION","NAME","REPORT_TYPE","SOURCE","HourlyAltimeterSetting","HourlyDewPointTemperature","HourlyDryBulbTemperature","HourlyPrecipitation","HourlyPresentWeatherType","HourlyPressureChange","HourlyPressureTendency","HourlyRelativeHumidity","HourlySkyConditions","HourlySeaLevelPressure","HourlyStationPressure","HourlyVisibility","HourlyWetBulbTemperature","HourlyWindDirection","HourlyWindGustSpeed","HourlyWindSpeed","Sunrise","Sunset","DailyAverageDewPointTemperature","DailyAverageDryBulbTemperature","DailyAverageRelativeHumidity","DailyAverageSeaLevelPressure","DailyAverageStationPressure","DailyAverageWetBulbTemperature","DailyAverageWindSpeed","DailyCoolingDegreeDays","DailyDepartureFromNormalAverageTemperature","DailyHeatingDegreeDays","DailyMaximumDryBulbTemperature","DailyMinimumDryBulbTemperature","DailyPeakWindDirection","DailyPeakWindSpeed","DailyPrecipitation","DailySnowDepth","DailySnowfall","DailySustainedWindDirection","DailySustainedWindSpeed","DailyWeather","MonthlyAverageRH","MonthlyDaysWithGT001Precip","MonthlyDaysWithGT010Precip","MonthlyDaysWithGT32Temp","MonthlyDaysWithGT90Temp","MonthlyDaysWithLT0Temp","MonthlyDaysWithLT32Temp","MonthlyDepartureFromNormalAverageTemperature","MonthlyDepartureFromNormalCoolingDegreeDays","MonthlyDepartureFromNormalHeatingDegreeDays","MonthlyDepartureFromNormalMaximumTemperature","MonthlyDepartureFromNormalMinimumTemperature","MonthlyDepartureFromNormalPrecipitation","MonthlyDewpointTemperature","MonthlyGreatestPrecip","MonthlyGreatestPrecipDate","MonthlyGreatestSnowDepth","MonthlyGreatestSnowDepthDate","MonthlyGreatestSnowfall","MonthlyGreatestSnowfallDate","MonthlyMaxSeaLevelPressureValue","MonthlyMaxSeaLevelPressureValueDate","MonthlyMaxSeaLevelPressureValueTime","MonthlyMaximumTemperature","MonthlyMeanTemperature","MonthlyMinSeaLevelPressureValue","MonthlyMinSeaLevelPressureValueDate","MonthlyMinSeaLevelPressureValueTime","MonthlyMinimumTemperature","MonthlySeaLevelPressure","MonthlyStationPressure","MonthlyTotalLiquidPrecipitation","MonthlyTotalSnowfall","MonthlyWetBulb","AWND","CDSD","CLDD","DSNW","HDSD","HTDD","DYTS","DYHF","NormalsCoolingDegreeDay","NormalsHeatingDegreeDay","ShortDurationEndDate005","ShortDurationEndDate010","ShortDurationEndDate015","ShortDurationEndDate020","ShortDurationEndDate030","ShortDurationEndDate045","ShortDurationEndDate060","ShortDurationEndDate080","ShortDurationEndDate100","ShortDurationEndDate120","ShortDurationEndDate150","ShortDurationEndDate180","ShortDurationPrecipitationValue005","ShortDurationPrecipitationValue010","ShortDurationPrecipitationValue015","ShortDurationPrecipitationValue020","ShortDurationPrecipitationValue030","ShortDurationPrecipitationValue045","ShortDurationPrecipitationValue060","ShortDurationPrecipitationValue080","ShortDurationPrecipitationValue100","ShortDurationPrecipitationValue120","ShortDurationPrecipitationValue150","ShortDurationPrecipitationValue180","REM","BackupDirection","BackupDistance","BackupDistanceUnit","BackupElements","BackupElevation","BackupEquipment","BackupLatitude","BackupLongitude","BackupName","WindEquipmentChangeDate"
"01024099999","2023-01-04T01:00:00","78.65","16.3666666","20.0","PYRAMIDEN, NO","FM-12","4","","25","32","","","-0.00","0","76","","30.07","30.03","","29","026","11","2","","","","","","","","","","","","","","","","","","","","","","","","","","","","","","","","","","","","","","","","","","","","","","","","","","","","","","","","","","","","","","","","","","","","","","","","","","","","","","","","","","","","","","","","","","","SYN004BUFR","","","","","","","","","",""
"01024099999","2023-01-10T14:00:00","78.65","16.3666666","20.0","PYRAMIDEN, NO","FM-12","4","","24","32","","","+0.06","8","71","","29.36","29.32","","29","096","27","21","","","","","","","","","","","","","","","","","","","","","","","","","","","","","","","","","","","","","","","","","","","","","","","","","","","","","","","","","","","","","","","","","","","","","","","","","","","","","","","","","","","","","","","","","","","SYN004BUFR","","","","","","","","","",""
"01024099999","2023-01-12T08:00:00","78.65","16.3666666","20.0","PYRAMIDEN, NO","FM-12","4","","18","24","","","+0.01","7","79","","29.34","29.30","","22","268","","2","","","","","","","","","","","","","","","","","","","","","","","","","","","","","","","","","","","","","","","","","","","","","","","","","","","","","","","","","","","","","","","","","","","","","","","","","","","","","","","","","","","","","","","","","","","SYN004BUFR","","","","","","","","","",""
"01024099999","2023-01-12T09:00:00","78.65","16.3666666","20.0","PYRAMIDEN, NO","FM-12","4","","18","24","","","+0.01","7","80","","29.33","29.29","","22","181","","3","","","","","","","","","","","","","","","","","","","","","","","","","","","","","","","","","","","","","","","","","","","","","","","","","","","","","","","","","","","","","","","","","","","","","","","","","","","","","","","","","","","","","","","","","","","SYN004BUFR","","","","","","","","","",""
"01024099999","2023-01-12T10:00:00","78.65","16.3666666","20.0","PYRAMIDEN, NO","FM-12","4","","18","24","","","+0.01","7","76","","29.33","29.29","","22","007","","0","","","","","","","","","","","","","","","","","","","","","","","","","","","","","","","","","","","","","","","","","","","","","","","","","","","","","","","","","","","","","","","","","","","","","","","","","","","","","","","","","","","","","","","","","","","SYN004BUFR","","","","","","","","","",""
"01024099999","2023-01-12T23:00:00","78.65","16.3666666","20.0","PYRAMIDEN, NO","FM-12","4","","18","31","","","+0.03","7","60","","29.27","29.23","","27","040","24","13","","","","","","","","","","","","","","","","","","","","","","","","","","","","","","","","","","","","","","","","","","","","","","","","","","","","","","","","","","","","","","","","","","","","","","","","","","","","","","","","","","","","","","","","","","","SYN004BUFR","","","","","","","","","",""
"01024099999","2023-01-15T00:00:00","78.65","16.3666666","20.0","PYRAMIDEN, NO","FM-12","4","","18","29","","","-0.04","2","64","","29.46","29.42","","25","068","29","21","","","","","","","","","","","","","","","","","","","","","","","","","","","","","","","","","","","","","","","","","","","","","","","","","","","","","","","","","","","","","","","","","","","","","","","","","","","","","","","","","","","","","","","","","","","SYN004BUFR","","","","","","","","","",""
"01024099999","2023-01-19T22:00:00","78.65","16.3666666","20.0","PYRAMIDEN, NO","FM-12","4","","20","31","","","+0.06","7","63","","29.54","29.50","","27","064","28","16","","","","","","","","","","","","","","","","","","","","","","","","","","","","","","","","","","","","","","","","","","","","","","","","","","","","","","","","","","","","","","","","","","","","","","","","","","","","","","","","","","","","","","","","","","","SYN004BUFR","","","","","","","","","",""
"01024099999","2023-01-25T22:00:00","78.65","16.3666666","20.0","PYRAMIDEN, NO","FM-12","4","","2","14","","","-0.05","3","60","","29.47","29.43","","11","235","","2","","","","","","","","","","","","","","","","","","","","","","","","","","","","","","","","","","","","","","","","","","","","","","","","","","","","","","","","","","","","","","","","","","","","","","","","","","","","","","","","","","","","","","","","","","","SYN004BUFR","","","","","","","","","",""
"01024099999","2023-01-27T23:00:00","78.65","16.3666666","20.0","PYRAMIDEN, NO","FM-12","4","","6","18","","","+0.01","7","59","","29.36","29.32","","15","093","22","15","","","","","","","","","","","","","","","","","","","","","","","","","","","","","","","","","","","","","","","","","","","","","","","","","","","","","","","","","","","","","","","","","","","","","","","","","","","","","","","","","","","","","","","","","","","SYN004BUFR","","","","","","","","","",""
"01024099999","2023-02-04T21:00:00","78.65","16.3666666","20.0","PYRAMIDEN, NO","FM-12","4","","2","11","","","+0.07","8","67","","30.21","30.17","","9","336","","2","","","","","","","","","","","","","","","","","","","","","","","","","","","","","","","","","","","","","","","","","","","","","","","","","","","","","","","","","","","","","","","","","","","","","","","","","","","","","","","","","","","","","","","","","","","SYN004BUFR","","","","","","","","","",""
"01024099999","2023-02-07T21:00:00","78.65","16.3666666","20.0","PYRAMIDEN, NO","FM-12","4","","18","20","","","-0.08","1","90","","28.67","28.63","","19","278","33","21","","","","","","","","","","","","","","","","","","","","","","","","","","","","","","","","","","","","","","","","","","","","","","","","","","","","","","","","","","","","","","","","","","","","","","","","","","","","","","","","","","","","","","","","","","","SYN004BUFR","","","","","","","","","",""
"01024099999","2023-02-08T01:00:00","78.65","16.3666666","20.0","PYRAMIDEN, NO","FM-12","4","","12","18","","","-0.12","3","77","","28.83","28.79","","16","291","18","11","","","","","","","","","","","","","","","","","","","","","","","","","","","","","","","","","","","","","","","","","","","","","","","","","","","","","","","","","","","","","","","","","","","","","","","","","","","","","","","","","","","","","","","","","","","SYN004BUFR","","","","","","","","","",""
"01024099999","2023-02-09T01:00:00","78.65","16.3666666","20.0","PYRAMIDEN, NO","FM-12","4","","20","27","","","-0.01","0","75","","28.07","28.03","","25","228","25","10","","","","","","","","","","","","","","","","","","","","","","","","","","","","","","","","","","","","","","","","","","","","","","","","","","","","","","","","","","","","","","","","","","","","","","","","","","","","","","","","","","","","","","","","","","","SYN004BUFR","","","","","","","","","",""
"01024099999","2023-02-11T01:00:00","78.65","16.3666666","20.0","PYRAMIDEN, NO","FM-12","4","","15","24","","","-0.05","2","68","","28.84","28.80","","21","311","16","10","","","","","","","","","","","","","","","","","","","","","","","","","","","","","","","","","","","","","","","","","","","","","","","","","","","","","","","","","","","","","","","","","","","","","","","","","","","","","","","","","","","","","","","","","","","SYN004BUFR","","","","","","","","","",""
"01024099999","2023-02-12T01:00:00","78.65","16.3666666","20.0","PYRAMIDEN, NO","FM-12","4","","8","16","","","+0.02","6","70","","29.49","29.44","","14","325","","1","","","","","","","","","","","","","","","","","","","","","","","","","","","","","","","","","","","","","","","","","","","","","","","","","","","","","","","","","","","","","","","","","","","","","","","","","","","","","","","","","","","","","","","","","","","SYN004BUFR","","","","","","","","","",""
"01024099999","2023-02-14T08:00:00","78.65","16.3666666","20.0","PYRAMIDEN, NO","FM-12","4","","9","14","","","+0.05","6","82","","29.66","29.62","","13","309","","2","","","","","","","","","","","","","","","","","","","","","","","","","","","","","","","","","","","","","","","","","","","","","","","","","","","","","","","","","","","","","","","","","","","","","","","","","","","","","","","","","","","","","","","","","","","SYN004BUFR","","","","","","","","","",""
"01024099999","2023-02-14T11:00:00","78.65","16.3666666","20.0","PYRAMIDEN, NO","FM-12","4","","15","25","","","+0.08","7","65","","29.58","29.54","","22","079","18","13","","","","","","","","","","","","","","","","","","","","","","","","","","","","","","","","","","","","","","","","","","","","","","","","","","","","","","","","","","","","","","","","","","","","","","","","","","","","","","","","","","","","","","","","","","","SYN004BUFR","","","","","","","","","",""
"01024099999","2023-02-14T13:00:00","78.65","16.3666666","20.0","PYRAMIDEN, NO","FM-12","4","","18","27","","","+0.10","7","70","","29.52","29.48","","24","081","20","12","","","","","","","","","","","","","","","","","","","","","","","","","","","","","","","","","","","","","","","","","","","","","","","","","","","","","","","","","","","","","","","","","","","","","","","","","","","","","","","","","","","","","","","","","","","SYN004BUFR","","","","","","","","","",""
"01024099999","2023-02-14T14:00:00","78.65","16.3666666","20.0","PYRAMIDEN, NO","FM-12","4","","22","27","","","+0.12","6","84","","29.46","29.42","","25","083","19","15","","","","","","","","","","","","","","","","","","","","","","","","","","","","","","","","","","","","","","","","","","","","","","","","","","","","","","","","","","","","","","","","","","","","","","","","","","","","","","","","","","","","","","","","","","","SYN004BUFR","","","","","","","","","",""
"01024099999","2023-02-14T15:00:00","78.65","16.3666666","20.0","PYRAMIDEN, NO","FM-12","4","","24","27","","","+0.14","6","89","","29.41","29.37","","26","078","22","17","","","","","","","","","","","","","","","","","","","","","","","","","","","","","","","","","","","","","","","","","","","","","","","","","","","","","","","","","","","","","","","","","","","","","","","","","","","","","","","","","","","","","","","","","","","SYN004BUFR","","","","","","","","","",""
"01024099999","2023-02-14T16:00:00","78.65","16.3666666","20.0","PYRAMIDEN, NO","FM-12","4","","26","28","","","+0.16","7","92","","29.35","29.31","","27","085","22","15","","","","","","","","","","","","","","","","","","","","","","","","","","","","","","","","","","","","","","","","","","","","","","","","","","","","","","","","","","","","","","","","","","","","","","","","","","","","","","","","","","","","","","","","","","","SYN004BUFR","","","","","","","","","",""
"01024099999","2023-02-14T17:00:00","78.65","16.3666666","20.0","PYRAMIDEN, NO","FM-12","4","","28","28","","","+0.18","6","100","","29.28","29.24","","28","080","21","16","","","","","","","","","","","","","","","","","","","","","","","","","","","","","","","","","","","","","","","","","","","","","","","","","","","","","","","","","","","","","","","","","","","","","","","","","","","","","","","","","","","","","","","","","","","SYN004BUFR","","","","","","","","","",""
"01024099999","2023-02-14T18:00:00","78.65","16.3666666","20.0","PYRAMIDEN, NO","FM-12","4","","29","30","","","+0.18","7","97","","29.23","29.19","","30","066","20","10","","","","","","","","","","","","","","","","","","","","","","","","","","","","","","","","","","","","","","","","","","","","","","","","","","","","","","","","","","","","","","","","","","","","","","","","","","","","","","","","","","","","","","","","","","","SYN004BUFR","","","","","","","","","",""
"01024099999","2023-02-14T19:00:00","78.65","16.3666666","20.0","PYRAMIDEN, NO","FM-12","4","","29","29","","","+0.14","8","99","","29.22","29.18","","29","331","13","6","","","","","","","","","","","","","","","","","","","","","","","","","","","","","","","","","","","","","","","","","","","","","","","","","","","","","","","","","","","","","","","","","","","","","","","","","","","","","","","","","","","","","","","","","","","SYN004BUFR","","","","","","","","","",""
"01024099999","2023-02-14T20:00:00","78.65","16.3666666","20.0","PYRAMIDEN, NO","FM-12","4","","29","29","","","+0.11","7","99","","29.17","29.13","","29","321","","3","","","","","","","","","","","","","","","","","","","","","","","","","","","","","","","","","","","","","","","","","","","","","","","","","","","","","","","","","","","","","","","","","","","","","","","","","","","","","","","","","","","","","","","","","","","SYN004BUFR","","","","","","","","","",""
"01024099999","2023-02-14T22:00:00","78.65","16.3666666","20.0","PYRAMIDEN, NO","FM-12","4","","29","29","","","+0.07","8","100","","29.15","29.11","","29","011","","0","","","","","","","","","","","","","","","","","","","","","","","","","","","","","","","","","","","","","","","","","","","","","","","","","","","","","","","","","","","","","","","","","","","","","","","","","","","","","","","","","","","","","","","","","","","SYN004BUFR","","","","","","","","","",""
"01024099999","2023-02-15T12:00:00","78.65","16.3666666","20.0","PYRAMIDEN, NO","FM-12","4","","21","29","","","-0.06","2","73","","29.24","29.20","","26","310","","9","","","","","","","","","","","","","","","","","","","","","","","","","","","","","","","","","","","","","","","","","","","","","","","","","","","","","","","","","","","","","","","","","","","","","","","","","","","","","","","","","","","","","","","","","","","SYN004BUFR","","","","","","","","","",""
"01024099999","2023-02-15T13:00:00","78.65","16.3666666","20.0","PYRAMIDEN, NO","FM-12","4","","22","28","","","-0.06","3","77","","29.26","29.22","","26","311","","7","","","","","","","","","","","","","","","","","","","","","","","","","","","","","","","","","","","","","","","","","","","","","","","","","","","","","","","","","","","","","","","","","","","","","","","","","","","","","","","","","","","","","","","","","","","SYN004BUFR","","","","","","","","","",""
"01024099999","2023-02-16T00:00:00","78.65","16.3666666","20.0","PYRAMIDEN, NO","FM-12","4","","12","18","","","+0.03","7","80","","29.26","29.23","","16","074","","1","","","","","","","","","","","","","","","","","","","","","","","","","","","","","","","","","","","","","","","","","","","","","","","","","","","","","","","","","","","","","","","","","","","","","","","","","","","","","","","","","","","","","","","","","","","SYN004BUFR","","","","","","","","","",""
"01024099999","2023-02-16T23:00:00","78.65","16.3666666","20.0","PYRAMIDEN, NO","FM-12","4","","15","20","","","+0.06","7","79","","28.77","28.73","","19","002","","1","","","","","","","","","","","","","","","","","","","","","","","","","","","","","","","","","","","","","","","","","","","","","","","","","","","","","","","","","","","","","","","","","","","","","","","","","","","","","","","","","","","","","","","","","","","SYN004BUFR","","","","","","","","","",""
"01024099999","2023-02-17T01:00:00","78.65","16.3666666","20.0","PYRAMIDEN, NO","FM-12","4","","14","19","","","+0.05","7","81","","28.74","28.70","","18","091","","2","","","","","","","","","","","","","","","","","","","","","","","","","","","","","","","","","","","","","","","","","","","","","","","","","","","","","","","","","","","","","","","","","","","","","","","","","","","","","","","","","","","","","","","","","","","SYN004BUFR","","","","","","","","","",""
"01024099999","2023-02-18T01:00:00","78.65","16.3666666","20.0","PYRAMIDEN, NO","FM-12","4","","8","18","","","-0.07","3","63","","29.10","29.06","","15","299","15","12","","","","","","","","","","","","","","","","","","","","","","","","","","","","","","","","","","","","","","","","","","","","","","","","","","","","","","","","","","","","","","","","","","","","","","","","","","","","","","","","","","","","","","","","","","","SYN004BUFR","","","","","","","","","",""
"01024099999","2023-02-18T22:00:00","78.65","16.3666666","20.0","PYRAMIDEN, NO","FM-12","4","","-8","6","","","-0.05","2","53","","29.50","29.47","","4","301","12","9","","","","","","","","","","","","","","","","","","","","","","","","","","","","","","","","","","","","","","","","","","","","","","","","","","","","","","","","","","","","","","","","","","","","","","","","","","","","","","","","","","","","","","","","","","","SYN004BUFR","","","","","","","","","",""
"01024099999","2023-02-19T00:00:00","78.65","16.3666666","20.0","PYRAMIDEN, NO","FM-12","4","","-7","6","","","-0.04","3","55","","29.52","29.48","","4","309","","6","","","","","","","","","","","","","","","","","","","","","","","","","","","","","","","","","","","","","","","","","","","","","","","","","","","","","","","","","","","","","","","","","","","","","","","","","","","","","","","","","","","","","","","","","","","SYN004BUFR","","","","","","","","","",""
"01024099999","2023-02-19T22:00:00","78.65","16.3666666","20.0","PYRAMIDEN, NO","FM-12","4","","-6","1","","","-0.02","2","74","","29.76","29.72","","0","355","","0","","","","","","","","","","","","","","","","","","","","","","","","","","","","","","","","","","","","","","","","","","","","","","","","","","","","","","","","","","","","","","","","","","","","","","","","","","","","","","","","","","","","","","","","","","","SYN004BUFR","","","","","","","","","",""
"01024099999","2023-02-20T01:00:00","78.65","16.3666666","20.0","PYRAMIDEN, NO","FM-12","4","","-7","0","","","-0.01","2","73","","29.78","29.74","","-1","349","","1","","","","","","","","","","","","","","","","","","","","","","","","","","","","","","","","","","","","","","","","","","","","","","","","","","","","","","","","","","","","","","","","","","","","","","","","","","","","","","","","","","","","","","","","","","","SYN004BUFR","","","","","","","","","",""
"01024099999","2023-02-21T01:00:00","78.65","16.3666666","20.0","PYRAMIDEN, NO","FM-12","4","","0","6","","","-0.01","2","76","","29.85","29.80","","5","014","","0","","","","","","","","","","","","","","","","","","","","","","","","","","","","","","","","","","","","","","","","","","","","","","","","","","","","","","","","","","","","","","","","","","","","","","","","","","","","","","","","","","","","","","","","","","","SYN004BUFR","","","","","","","","","",""
"01024099999","2023-02-21T22:00:00","78.65","16.3666666","20.0","PYRAMIDEN, NO","FM-12","4","","27","27","","","+0.02","8","100","","29.77","29.73","","27","267","32","14","","","","","","","","","","","","","","","","","","","","","","","","","","","","","","","","","","","","","","","","","","","","","","","","","","","","","","","","","","","","","","","","","","","","","","","","","","","","","","","","","","","","","","","","","","","SYN004BUFR","","","","","","","","","",""
"01024099999","2023-02-22T00:00:00","78.65","16.3666666","20.0","PYRAMIDEN, NO","FM-12","4","","24","28","","","","","83","","29.76","29.72","","27","237","30","14","","","","","","","","","","","","","","","","","","","","","","","","","","","","","","","","","","","","","","","","","","","","","","","","","","","","","","","","","","","","","","","","","","","","","","","","","","","","","","","","","","","","","","","","","","","SYN004BUFR","","","","","","","","","",""
"01024099999","2023-02-23T01:00:00","78.65","16.3666666","20.0","PYRAMIDEN, NO","FM-12","4","","21","29","","","+0.08","6","72","","29.43","29.39","","26","088","16","14","","","","","","","","","","","","","","","","","","","","","","","","","","","","","","","","","","","","","","","","","","","","","","","","","","","","","","","","","","","","","","","","","","","","","","","","","","","","","","","","","","","","","","","","","","","SYN004BUFR","","","","","","","","","",""
"01024099999","2023-02-24T01:00:00","78.65","16.3666666","20.0","PYRAMIDEN, NO","FM-12","4","","27","31","","","+0.00","5","85","","28.97","28.94","","30","334","","3","","","","","","","","","","","","","","","","","","","","","","","","","","","","","","","","","","","","","","","","","","","","","","","","","","","","","","","","","","","","","","","","","","","","","","","","","","","","","","","","","","","","","","","","","","","SYN004BUFR","","","","","","","","","",""
"01024099999","2023-02-25T01:00:00","78.65","16.3666666","20.0","PYRAMIDEN, NO","FM-12","4","","23","31","","","-0.09","2","71","","29.33","29.29","","28","071","11","7","","","","","","","","","","","","","","","","","","","","","","","","","","","","","","","","","","","","","","","","","","","","","","","","","","","","","","","","","","","","","","","","","","","","","","","","","","","","","","","","","","","","","","","","","","","SYN004BUFR","","","","","","","","","",""
"01024099999","2023-02-26T01:00:00","78.65","16.3666666","20.0","PYRAMIDEN, NO","FM-12","4","","26","33","","","+0.20","7","77","","28.92","28.88","","30","290","15","9","","","","","","","","","","","","","","","","","","","","","","","","","","","","","","","","","","","","","","","","","","","","","","","","","","","","","","","","","","","","","","","","","","","","","","","","","","","","","","","","","","","","","","","","","","","SYN004BUFR","","","","","","","","","",""
"01024099999","2023-02-28T01:00:00","78.65","16.3666666","20.0","PYRAMIDEN, NO","FM-12","4","","-1","9","","","-0.09","2","64","","29.62","29.58","","7","041","12","8","","","","","","","","","","","","","","","","","","","","","","","","","","","","","","","","","","","","","","","","","","","","","","","","","","","","","","","","","","","","","","","","","","","","","","","","","","","","","","","","","","","","","","","","","","","SYN004BUFR","","","","","","","","","",""
"01024099999","2023-02-28T23:00:00","78.65","16.3666666","20.0","PYRAMIDEN, NO","FM-12","4","","1","7","","","+0.02","7","75","","29.86","29.82","","6","327","","2","","","","","","","","","","","","","","","","","","","","","","","","","","","","","","","","","","","","","","","","","","","","","","","","","","","","","","","","","","","","","","","","","","","","","","","","","","","","","","","","","","","","","","","","","","","SYN004BUFR","","","","","","","","","",""
"01024099999","2023-03-01T01:00:00","78.65","16.3666666","20.0","PYRAMIDEN, NO","FM-12","4","","1","7","","","+0.04","6","74","","29.83","29.79","","6","315","","2","","","","","","","","","","","","","","","","","","","","","","","","","","","","","","","","","","","","","","","","","","","","","","","","","","","","","","","","","","","","","","","","","","","","","","","","","","","","","","","","","","","","","","","","","","","SYN004BUFR","","","","","","","","","",""
"01024099999","2023-03-01T13:00:00","78.65","16.3666666","20.0","PYRAMIDEN, NO","FM-12","4","","17","19","","","+0.10","7","91","","29.46","29.42","","18","050","12","1","","","","","","","","","","","","","","","","","","","","","","","","","","","","","","","","","","","","","","","","","","","","","","","","","","","","","","","","","","","","","","","","","","","","","","","","","","","","","","","","","","","","","","","","","","","SYN004BUFR","","","","","","","","","",""
"01024099999","2023-03-03T23:00:00","78.65","16.3666666","20.0","PYRAMIDEN, NO","FM-12","4","","-13","5","","","-0.05","3","43","","30.11","30.07","","3","058","15","6","","","","","","","","","","","","","","","","","","","","","","","","","","","","","","","","","","","","","","","","","","","","","","","","","","","","","","","","","","","","","","","","","","","","","","","","","","","","","","","","","","","","","","","","","","","SYN004BUFR","","","","","","","","","",""
"01024099999","2023-03-04T01:00:00","78.65","16.3666666","20.0","PYRAMIDEN, NO","FM-12","4","","-9","5","","","-0.02","2","53","","30.12","30.08","","3","210","17","4","","","","","","","","","","","","","","","","","","","","","","","","","","","","","","","","","","","","","","","","","","","","","","","","","","","","","","","","","","","","","","","","","","","","","","","","","","","","","","","","","","","","","","","","","","","SYN004BUFR","","","","","","","","","",""
"01024099999","2023-03-06T00:00:00","78.65","16.3666666","20.0","PYRAMIDEN, NO","FM-12","4","","-11","2","","","-0.02","3","54","","30.17","30.12","","0","328","17","5","","","","","","","","","","","","","","","","","","","","","","","","","","","","","","","","","","","","","","","","","","","","","","","","","","","","","","","","","","","","","","","","","","","","","","","","","","","","","","","","","","","","","","","","","","","SYN004BUFR","","","","","","","","","",""
"01024099999","2023-03-07T01:00:00","78.65","16.3666666","20.0","PYRAMIDEN, NO","FM-12","4","","-13","-2","","","-0.02","2","58","","30.29","30.25","","-3","313","","2","","","","","","","","","","","","","","","","","","","","","","","","","","","","","","","","","","","","","","","","","","","","","","","","","","","","","","","","","","","","","","","","","","","","","","","","","","","","","","","","","","","","","","","","","","","SYN004BUFR","","","","","","","","","",""
"01024099999","2023-03-09T23:00:00","78.65","16.3666666","20.0","PYRAMIDEN, NO","FM-12","4","","-4","7","","","+0.01","5","60","","29.33","29.29","","5","283","29","7","","","","","","","","","","","","","","","","","","","","","","","","","","","","","","","","","","","","","","","","","","","","","","","","","","","","","","","","","","","","","","","","","","","","","","","","","","","","","","","","","","","","","","","","","","","SYN004BUFR","","","","","","","","","",""
"01024099999","2023-03-13T07:00:00","78.65","16.3666666","20.0","PYRAMIDEN, NO","FM-12","4","","-2","15","","","-0.00","0","47","","29.72","29.67","","11","027","23","14","","","","","","","","","","","","","","","","","","","","","","","","","","","","","","","","","","","","","","","","","","","","","","","","","","","","","","","","","","","","","","","","","","","","","","","","","","","","","","","","","","","","","","","","","","","SYN004BUFR","","","","","","","","","",""
"01024099999","2023-03-13T22:00:00","78.65","16.3666666","20.0","PYRAMIDEN, NO","FM-12","4","","-6","11","","","+0.00","5","46","","29.77","29.73","","8","046","20","11","","","","","","","","","","","","","","","","","","","","","","","","","","","","","","","","","","","","","","","","","","","","","","","","","","","","","","","","","","","","","","","","","","","","","","","","","","","","","","","","","","","","","","","","","","","SYN004BUFR","","","","","","","","","",""
"01024099999","2023-03-15T21:00:00","78.65","16.3666666","20.0","PYRAMIDEN, NO","FM-12","4","","-12","-3","","","-0.02","2","66","","29.93","29.89","","-4","000","","0","","","","","","","","","","","","","","","","","","","","","","","","","","","","","","","","","","","","","","","","","","","","","","","","","","","","","","","","","","","","","","","","","","","","","","","","","","","","","","","","","","","","","","","","","","","SYN004BUFR","","","","","","","","","",""
"01024099999","2023-03-17T07:00:00","78.65","16.3666666","20.0","PYRAMIDEN, NO","FM-12","4","","-16","-7","","","+0.02","7","63","","30.07","30.02","","-8","000","","0","","","","","","","","","","","","","","","","","","","","","","","","","","","","","","","","","","","","","","","","","","","","","","","","","","","","","","","","","","","","","","","","","","","","","","","","","","","","","","","","","","","","","","","","","","","SYN004BUFR","","","","","","","","","",""
"01024099999","2023-03-18T21:00:00","78.65","16.3666666","20.0","PYRAMIDEN, NO","FM-12","4","","1","8","","","+0.02","7","72","","29.77","29.73","","7","011","","0","","","","","","","","","","","","","","","","","","","","","","","","","","","","","","","","","","","","","","","","","","","","","","","","","","","","","","","","","","","","","","","","","","","","","","","","","","","","","","","","","","","","","","","","","","","SYN004BUFR","","","","","","","","","",""
"01024099999","2023-03-20T02:00:00","78.65","16.3666666","20.0","PYRAMIDEN, NO","FM-12","4","","-12","1","","","+0.06","7","54","","29.60","29.56","","-1","","","0","","","","","","","","","","","","","","","","","","","","","","","","","","","","","","","","","","","","","","","","","","","","","","","","","","","","","","","","","","","","","","","","","","","","","","","","","","","","","","","","","","","","","","","","","","","SYN004BUFR","","","","","","","","","",""
"01024099999","2023-03-20T18:00:00","78.65","16.3666666","20.0","PYRAMIDEN, NO","FM-12","4","","-18","-3","","","-0.01","2","50","","29.63","29.59","","-4","047","19","9","","","","","","","","","","","","","","","","","","","","","","","","","","","","","","","","","","","","","","","","","","","","","","","","","","","","","","","","","","","","","","","","","","","","","","","","","","","","","","","","","","","","","","","","","","","SYN004BUFR","","","","","","","","","",""
"01024099999","2023-03-20T19:00:00","78.65","16.3666666","20.0","PYRAMIDEN, NO","FM-12","4","","-19","-4","","","-0.01","1","48","","29.64","29.59","","-5","052","21","6","","","","","","","","","","","","","","","","","","","","","","","","","","","","","","","","","","","","","","","","","","","","","","","","","","","","","","","","","","","","","","","","","","","","","","","","","","","","","","","","","","","","","","","","","","","SYN004BUFR","","","","","","","","","",""
"01024099999","2023-03-24T13:00:00","78.65","16.3666666","20.0","PYRAMIDEN, NO","FM-12","4","","-10","4","","","-0.04","1","52","","29.70","29.66","","2","018","25","16","","","","","","","","","","","","","","","","","","","","","","","","","","","","","","","","","","","","","","","","","","","","","","","","","","","","","","","","","","","","","","","","","","","","","","","","","","","","","","","","","","","","","","","","","","","SYN004BUFR","","","","","","","","","",""
"01024099999","2023-03-24T14:00:00","78.65","16.3666666","20.0","PYRAMIDEN, NO","FM-12","4","","-9","6","","","-0.04","3","52","","29.70","29.66","","4","020","29","20","","","","","","","","","","","","","","","","","","","","","","","","","","","","","","","","","","","","","","","","","","","","","","","","","","","","","","","","","","","","","","","","","","","","","","","","","","","","","","","","","","","","","","","","","","","SYN004BUFR","","","","","","","","","",""
"01024099999","2023-03-24T21:00:00","78.65","16.3666666","20.0","PYRAMIDEN, NO","FM-12","4","","-9","7","","","-0.05","2","48","","29.83","29.79","","5","018","24","19","","","","","","","","","","","","","","","","","","","","","","","","","","","","","","","","","","","","","","","","","","","","","","","","","","","","","","","","","","","","","","","","","","","","","","","","","","","","","","","","","","","","","","","","","","","SYN004BUFR","","","","","","","","","",""
"01024099999","2023-03-25T01:00:00","78.65","16.3666666","20.0","PYRAMIDEN, NO","FM-12","4","","-9","1","","","-0.04","3","62","","29.87","29.83","","0","014","","3","","","","","","","","","","","","","","","","","","","","","","","","","","","","","","","","","","","","","","","","","","","","","","","","","","","","","","","","","","","","","","","","","","","","","","","","","","","","","","","","","","","","","","","","","","","SYN004BUFR","","","","","","","","","",""
"01024099999","2023-03-26T21:00:00","78.65","16.3666666","20.0","PYRAMIDEN, NO","FM-12","4","","-1","6","","","","","70","","30.12","30.08","","5","001","14","2","","","","","","","","","","","","","","","","","","","","","","","","","","","","","","","","","","","","","","","","","","","","","","","","","","","","","","","","","","","","","","","","","","","","","","","","","","","","","","","","","","","","","","","","","","","SYN004BUFR","","","","","","","","","",""
"01024099999","2023-03-27T21:00:00","78.65","16.3666666","20.0","PYRAMIDEN, NO","FM-12","4","","-5","1","","","-0.02","2","73","","30.12","30.08","","0","347","","0","","","","","","","","","","","","","","","","","","","","","","","","","","","","","","","","","","","","","","","","","","","","","","","","","","","","","","","","","","","","","","","","","","","","","","","","","","","","","","","","","","","","","","","","","","","SYN004BUFR","","","","","","","","","",""
"01024099999","2023-03-29T21:00:00","78.65","16.3666666","20.0","PYRAMIDEN, NO","FM-12","4","","1","7","","","+0.02","8","78","","30.21","30.16","","6","101","","2","","","","","","","","","","","","","","","","","","","","","","","","","","","","","","","","","","","","","","","","","","","","","","","","","","","","","","","","","","","","","","","","","","","","","","","","","","","","","","","","","","","","","","","","","","","SYN004BUFR","","","","","","","","","",""
"01024099999","2023-03-30T21:00:00","78.65","16.3666666","20.0","PYRAMIDEN, NO","FM-12","4","","11","13","","","+0.04","7","93","","30.05","30.01","","13","359","","0","","","","","","","","","","","","","","","","","","","","","","","","","","","","","","","","","","","","","","","","","","","","","","","","","","","","","","","","","","","","","","","","","","","","","","","","","","","","","","","","","","","","","","","","","","","SYN004BUFR","","","","","","","","","",""
"01024099999","2023-04-01T21:00:00","78.65","16.3666666","20.0","PYRAMIDEN, NO","FM-12","4","","-2","6","","","","","71","","30.24","30.19","","5","000","","0","","","","","","","","","","","","","","","","","","","","","","","","","","","","","","","","","","","","","","","","","","","","","","","","","","","","","","","","","","","","","","","","","","","","","","","","","","","","","","","","","","","","","","","","","","","SYN004BUFR","","","","","","","","","",""
"01024099999","2023-04-04T07:00:00","78.65","16.3666666","20.0","PYRAMIDEN, NO","FM-12","4","","-13","-2","","","-0.08","3","59","","30.22","30.17","","-3","356","12","0","","","","","","","","","","","","","","","","","","","","","","","","","","","","","","","","","","","","","","","","","","","","","","","","","","","","","","","","","","","","","","","","","","","","","","","","","","","","","","","","","","","","","","","","","","","SYN004BUFR","","","","","","","","","",""
"01024099999","2023-04-05T21:00:00","78.65","16.3666666","20.0","PYRAMIDEN, NO","FM-12","4","","13","15","","","+0.11","7","91","","30.00","29.96","","14","","","","","","","","","","","","","","","","","","","","","","","","","","","","","","","","","","","","","","","","","","","","","","","","","","","","","","","","","","","","","","","","","","","","","","","","","","","","","","","","","","","","","","","","","","","","","","SYN004BUFR","","","","","","","","","",""
"01024099999","2023-04-05T23:00:00","78.65","16.3666666","20.0","PYRAMIDEN, NO","FM-12","4","","20","20","","","+0.12","7","99","","29.92","29.88","","20","336","","1","","","","","","","","","","","","","","","","","","","","","","","","","","","","","","","","","","","","","","","","","","","","","","","","","","","","","","","","","","","","","","","","","","","","","","","","","","","","","","","","","","","","","","","","","","","SYN004BUFR","","","","","","","","","",""
"01024099999","2023-04-06T01:00:00","78.65","16.3666666","20.0","PYRAMIDEN, NO","FM-12","4","","22","22","","","+0.09","8","100","","29.87","29.83","","22","357","","","","","","","","","","","","","","","","","","","","","","","","","","","","","","","","","","","","","","","","","","","","","","","","","","","","","","","","","","","","","","","","","","","","","","","","","","","","","","","","","","","","","","","","","","","","","SYN004BUFR","","","","","","","","","",""
"01024099999","2023-04-07T07:00:00","78.65","16.3666666","20.0","PYRAMIDEN, NO","FM-12","4","","25","28","","","-0.09","1","86","","29.57","29.54","","27","310","20","15","","","","","","","","","","","","","","","","","","","","","","","","","","","","","","","","","","","","","","","","","","","","","","","","","","","","","","","","","","","","","","","","","","","","","","","","","","","","","","","","","","","","","","","","","","","SYN004BUFR","","","","","","","","","",""
"01024099999","2023-04-07T21:00:00","78.65","16.3666666","20.0","PYRAMIDEN, NO","FM-12","4","","4","13","","","-0.09","2","65","","29.96","29.92","","11","327","","8","","","","","","","","","","","","","","","","","","","","","","","","","","","","","","","","","","","","","","","","","","","","","","","","","","","","","","","","","","","","","","","","","","","","","","","","","","","","","","","","","","","","","","","","","","","SYN004BUFR","","","","","","","","","",""
"01024099999","2023-04-10T07:00:00","78.65","16.3666666","20.0","PYRAMIDEN, NO","FM-12","4","","23","30","","","-0.03","2","75","","29.89","29.85","","28","323","15","8","","","","","","","","","","","","","","","","","","","","","","","","","","","","","","","","","","","","","","","","","","","","","","","","","","","","","","","","","","","","","","","","","","","","","","","","","","","","","","","","","","","","","","","","","","","SYN004BUFR","","","","","","","","","",""
"01024099999","2023-04-13T07:00:00","78.65","16.3666666","20.0","PYRAMIDEN, NO","FM-12","4","","26","31","","","","","83","","30.24","30.20","","29","360","","0","","","","","","","","","","","","","","","","","","","","","","","","","","","","","","","","","","","","","","","","","","","","","","","","","","","","","","","","","","","","","","","","","","","","","","","","","","","","","","","","","","","","","","","","","","","SYN004BUFR","","","","","","","","","",""
"01024099999","2023-04-14T06:00:00","78.65","16.3666666","20.0","PYRAMIDEN, NO","FM-12","4","","29","29","","","+0.02","6","99","","30.21","30.17","","29","","","1","","","","","","","","","","","","","","","","","","","","","","","","","","","","","","","","","","","","","","","","","","","","","","","","","","","","","","","","","","","","","","","","","","","","","","","","","","","","","","","","","","","","","","","","","","","SYN004BUFR","","","","","","","","","",""
"01024099999","2023-04-15T07:00:00","78.65","16.3666666","20.0","PYRAMIDEN, NO","FM-12","4","","33","39","","","","","78","","30.14","30.11","","37","323","14","11","","","","","","","","","","","","","","","","","","","","","","","","","","","","","","","","","","","","","","","","","","","","","","","","","","","","","","","","","","","","","","","","","","","","","","","","","","","","","","","","","","","","","","","","","","","SYN004BUFR","","","","","","","","","",""
"01024099999","2023-04-16T00:00:00","78.65","16.3666666","20.0","PYRAMIDEN, NO","FM-12","4","","31","31","","","","","100","","30.16","30.12","","31","002","","0","","","","","","","","","","","","","","","","","","","","","","","","","","","","","","","","","","","","","","","","","","","","","","","","","","","","","","","","","","","","","","","","","","","","","","","","","","","","","","","","","","","","","","","","","","","SYN004BUFR","","","","","","","","","",""
"01024099999","2023-04-16T21:00:00","78.65","16.3666666","20.0","PYRAMIDEN, NO","FM-12","4","","34","34","","","0.00","4","100","","29.97","29.93","","34","054","","1","","","","","","","","","","","","","","","","","","","","","","","","","","","","","","","","","","","","","","","","","","","","","","","","","","","","","","","","","","","","","","","","","","","","","","","","","","","","","","","","","","","","","","","","","","","SYN004BUFR","","","","","","","","","",""
"01024099999","2023-04-19T00:00:00","78.65","16.3666666","20.0","PYRAMIDEN, NO","FM-12","4","","29","29","","","+0.01","8","100","","29.54","29.50","","29","000","","0","","","","","","","","","","","","","","","","","","","","","","","","","","","","","","","","","","","","","","","","","","","","","","","","","","","","","","","","","","","","","","","","","","","","","","","","","","","","","","","","","","","","","","","","","","","SYN004BUFR","","","","","","","","","",""
"01024099999","2023-04-19T05:00:00","78.65","16.3666666","20.0","PYRAMIDEN, NO","FM-12","4","","27","32","","","-0.05","2","82","","29.60","29.56","","30","159","13","4","","","","","","","","","","","","","","","","","","","","","","","","","","","","","","","","","","","","","","","","","","","","","","","","","","","","","","","","","","","","","","","","","","","","","","","","","","","","","","","","","","","","","","","","","","","SYN004BUFR","","","","","","","","","",""
"01024099999","2023-04-22T07:00:00","78.65","16.3666666","20.0","PYRAMIDEN, NO","FM-12","4","","-7","2","","","+0.02","8","65","","29.96","29.92","","1","090","24","13","","","","","","","","","","","","","","","","","","","","","","","","","","","","","","","","","","","","","","","","","","","","","","","","","","","","","","","","","","","","","","","","","","","","","","","","","","","","","","","","","","","","","","","","","","","SYN004BUFR","","","","","","","","","",""
"01024099999","2023-04-24T07:00:00","78.65","16.3666666","20.0","PYRAMIDEN, NO","FM-12","4","","10","20","","","-0.01","2","66","","30.07","30.03","","17","114","17","3","","","","","","","","","","","","","","","","","","","","","","","","","","","","","","","","","","","","","","","","","","","","","","","","","","","","","","","","","","","","","","","","","","","","","","","","","","","","","","","","","","","","","","","","","","","SYN004BUFR","","","","","","","","","",""
"01024099999","2023-04-24T22:00:00","78.65","16.3666666","20.0","PYRAMIDEN, NO","FM-12","4","","6","14","","","-0.03","2","71","","30.15","30.11","","12","306","11","1","","","","","","","","","","","","","","","","","","","","","","","","","","","","","","","","","","","","","","","","","","","","","","","","","","","","","","","","","","","","","","","","","","","","","","","","","","","","","","","","","","","","","","","","","","","SYN004BUFR","","","","","","","","","",""
"01024099999","2023-04-28T00:00:00","78.65","16.3666666","20.0","PYRAMIDEN, NO","FM-12","4","","27","29","","","+0.04","6","93","","30.19","30.15","","28","073","","6","","","","","","","","","","","","","","","","","","","","","","","","","","","","","","","","","","","","","","","","","","","","","","","","","","","","","","","","","","","","","","","","","","","","","","","","","","","","","","","","","","","","","","","","","","","SYN004BUFR","","","","","","","","","",""
"01024099999","2023-04-30T07:00:00","78.65","16.3666666","20.0","PYRAMIDEN, NO","FM-12","4","","12","20","","","-0.05","2","70","","30.17","30.13","","18","275","","4","","","","","","","","","","","","","","","","","","","","","","","","","","","","","","","","","","","","","","","","","","","","","","","","","","","","","","","","","","","","","","","","","","","","","","","","","","","","","","","","","","","","","","","","","","","SYN004BUFR","","","","","","","","","",""
"01024099999","2023-05-01T00:00:00","78.65","16.3666666","20.0","PYRAMIDEN, NO","FM-12","4","","-8","6","","","","","54","","30.24","30.20","","4","031","13","4","","","","","","","","","","","","","","","","","","","","","","","","","","","","","","","","","","","","","","","","","","","","","","","","","","","","","","","","","","","","","","","","","","","","","","","","","","","","","","","","","","","","","","","","","","","SYN004BUFR","","","","","","","","","",""
"01024099999","2023-05-04T00:00:00","78.65","16.3666666","20.0","PYRAMIDEN, NO","FM-12","4","","16","18","","","+0.04","7","91","","30.20","30.16","","17","297","","2","","","","","","","","","","","","","","","","","","","","","","","","","","","","","","","","","","","","","","","","","","","","","","","","","","","","","","","","","","","","","","","","","","","","","","","","","","","","","","","","","","","","","","","","","","","SYN004BUFR","","","","","","","","","",""
"01024099999","2023-05-04T21:00:00","78.65","16.3666666","20.0","PYRAMIDEN, NO","FM-12","4","","25","27","","","+0.02","7","89","","30.04","30.00","","26","298","","5","","","","","","","","","","","","","","","","","","","","","","","","","","","","","","","","","","","","","","","","","","","","","","","","","","","","","","","","","","","","","","","","","","","","","","","","","","","","","","","","","","","","","","","","","","","SYN004BUFR","","","","","","","","","",""
"01024099999","2023-05-07T21:00:00","78.65","16.3666666","20.0","PYRAMIDEN, NO","FM-12","4","","22","27","","","-0.02","2","81","","29.75","29.71","","25","288","","1","","","","","","","","","","","","","","","","","","","","","","","","","","","","","","","","","","","","","","","","","","","","","","","","","","","","","","","","","","","","","","","","","","","","","","","","","","","","","","","","","","","","","","","","","","","SYN004BUFR","","","","","","","","","",""
"01024099999","2023-05-12T01:00:00","78.65","16.3666666","20.0","PYRAMIDEN, NO","FM-12","4","","14","21","","","-0.03","2","75","","29.84","29.80","","19","358","","0","","","","","","","","","","","","","","","","","","","","","","","","","","","","","","","","","","","","","","","","","","","","","","","","","","","","","","","","","","","","","","","","","","","","","","","","","","","","","","","","","","","","","","","","","","","SYN004BUFR","","","","","","","","","",""
"01024099999","2023-05-16T00:00:00","78.65","16.3666666","20.0","PYRAMIDEN, NO","FM-12","4","","11","21","","","+0.06","7","65","","29.66","29.62","","18","099","12","7","","","","","","","","","","","","","","","","","","","","","","","","","","","","","","","","","","","","","","","","","","","","","","","","","","","","","","","","","","","","","","","","","","","","","","","","","","","","","","","","","","","","","","","","","","","SYN004BUFR","","","","","","","","","",""
"01024099999","2023-05-16T21:00:00","78.65","16.3666666","20.0","PYRAMIDEN, NO","FM-12","4","","21","24","","","","","86","","29.49","29.46","","23","000","","0","","","","","","","","","","","","","","","","","","","","","","","","","","","","","","","","","","","","","","","","","","","","","","","","","","","","","","","","","","","","","","","","","","","","","","","","","","","","","","","","","","","","","","","","","","","SYN004BUFR","","","","","","","","","",""
"01024099999","2023-05-25T05:00:00","78.65","16.3666666","20.0","PYRAMIDEN, NO","FM-12","4","","29","37","","","+0.05","7","73","","29.14","29.10","","34","038","13","9","","","","","","","","","","","","","","","","","","","","","","","","","","","","","","","","","","","","","","","","","","","","","","","","","","","","","","","","","","","","","","","","","","","","","","","","","","","","","","","","","","","","","","","","","","","SYN004BUFR","","","","","","","","","",""
"01024099999","2023-05-25T06:00:00","78.65","16.3666666","20.0","PYRAMIDEN, NO","FM-12","4","","30","36","","","+0.04","7","77","","29.14","29.10","","34","049","15","9","","","","","","","","","","","","","","","","","","","","","","","","","","","","","","","","","","","","","","","","","","","","","","","","","","","","","","","","","","","","","","","","","","","","","","","","","","","","","","","","","","","","","","","","","","","SYN004BUFR","","","","","","","","","",""
"01024099999","2023-05-26T01:00:00","78.65","16.3666666","20.0","PYRAMIDEN, NO","FM-12","4","","23","30","","","","","73","","29.13","29.09","","28","044","","5","","","","","","","","","","","","","","","","","","","","","","","","","","","","","","","","","","","","","","","","","","","","","","","","","","","","","","","","","","","","","","","","","","","","","","","","","","","","","","","","","","","","","","","","","","","SYN004BUFR","","","","","","","","","",""
"01024099999","2023-05-28T23:00:00","78.65","16.3666666","20.0","PYRAMIDEN, NO","FM-12","4","","21","30","","","+0.01","7","71","","29.83","29.78","","27","354","","0","","","","","","","","","","","","","","","","","","","","","","","","","","","","","","","","","","","","","","","","","","","","","","","","","","","","","","","","","","","","","","","","","","","","","","","","","","","","","","","","","","","","","","","","","","","SYN004BUFR","","","","","","","","","",""
"01024099999","2023-05-31T23:00:00","78.65","16.3666666","20.0","PYRAMIDEN, NO","FM-12","4","","23","34","","","-0.06","2","66","","29.73","29.69","","30","003","","1","","","","","","","","","","","","","","","","","","","","","","","","","","","","","","","","","","","","","","","","","","","","","","","","","","","","","","","","","","","","","","","","","","","","","","","","","","","","","","","","","","","","","","","","","","","SYN004BUFR","","","","","","","","","",""
"01024099999","2023-06-01T01:00:00","78.65","16.3666666","20.0","PYRAMIDEN, NO","FM-12","4","","24","33","","","-0.05","3","71","","29.75","29.72","","30","280","","2","","","","","","","","","","","","","","","","","","","","","","","","","","","","","","","","","","","","","","","","","","","","","","","","","","","","","","","","","","","","","","","","","","","","","","","","","","","","","","","","","","","","","","","","","","","SYN004BUFR","","","","","","","","","",""
"01024099999","2023-06-04T01:00:00","78.65","16.3666666","20.0","PYRAMIDEN, NO","FM-12","4","","29","33","","","0.00","4","84","","29.89","29.85","","31","253","","2","","","","","","","","","","","","","","","","","","","","","","","","","","","","","","","","","","","","","","","","","","","","","","","","","","","","","","","","","","","","","","","","","","","","","","","","","","","","","","","","","","","","","","","","","","","SYN004BUFR","","","","","","","","","",""
"01024099999","2023-06-05T07:00:00","78.65","16.3666666","20.0","PYRAMIDEN, NO","FM-12","4","","27","35","","","-0.01","2","72","","29.95","29.91","","32","122","12","6","","","","","","","","","","","","","","","","","","","","","","","","","","","","","","","","","","","","","","","","","","","","","","","","","","","","","","","","","","","","","","","","","","","","","","","","","","","","","","","","","","","","","","","","","","","SYN004BUFR","","","","","","","","","",""
"01024099999","2023-06-08T07:00:00","78.65","16.3666666","20.0","PYRAMIDEN, NO","FM-12","4","","28","39","","","-0.02","2","66","","30.01","29.97","","35","134","","3","","","","","","","","","","","","","","","","","","","","","","","","","","","","","","","","","","","","","","","","","","","","","","","","","","","","","","","","","","","","","","","","","","","","","","","","","","","","","","","","","","","","","","","","","","","SYN004BUFR","","","","","","","","","",""
"01024099999","2023-06-09T22:00:00","78.65","16.3666666","20.0","PYRAMIDEN, NO","FM-12","4","","28","36","","","0.00","4","74","","30.08","30.04","","33","295","","7","","","","","","","","","","","","","","","","","","","","","","","","","","","","","","","","","","","","","","","","","","","","","","","","","","","","","","","","","","","","","","","","","","","","","","","","","","","","","","","","","","","","","","","","","","","SYN004BUFR","","","","","","","","","",""
"01024099999","2023-06-10T22:00:00","78.65","16.3666666","20.0","PYRAMIDEN, NO","FM-12","4","","39","39","","","+0.02","8","100","","29.83","29.80","","39","334","","1","","","","","","","","","","","","","","","","","","","","","","","","","","","","","","","","","","","","","","","","","","","","","","","","","","","","","","","","","","","","","","","","","","","","","","","","","","","","","","","","","","","","","","","","","","","SYN004BUFR","","","","","","","","","",""
"01024099999","2023-06-12T03:00:00","78.65","16.3666666","20.0","PYRAMIDEN, NO","FM-12","4","","35","35","","","-0.01","0","100","","29.15","29.12","","35","","","1","","","","","","","","","","","","","","","","","","","","","","","","","","","","","","","","","","","","","","","","","","","","","","","","","","","","","","","","","","","","","","","","","","","","","","","","","","","","","","","","","","","","","","","","","","","SYN004BUFR","","","","","","","","","",""
"01024099999","2023-07-07T13:00:00","78.65","16.3666666","20.0","PYRAMIDEN, NO","FM-12","4","","48","51","","","0.00","4","89","","30.21","30.17","","49","159","","6","","","","","","","","","","","","","","","","","","","","","","","","","","","","","","","","","","","","","","","","","","","","","","","","","","","","","","","","","","","","","","","","","","","","","","","","","","","","","","","","","","","","","","","","","","","SYN004BUFR","","","","","","","","","",""
"01024099999","2023-07-07T14:00:00","78.65","16.3666666","20.0","PYRAMIDEN, NO","FM-12","4","","51","51","","","0.00","4","100","","30.21","30.17","","51","163","","7","","","","","","","","","","","","","","","","","","","","","","","","","","","","","","","","","","","","","","","","","","","","","","","","","","","","","","","","","","","","","","","","","","","","","","","","","","","","","","","","","","","","","","","","","","","SYN004BUFR","","","","","","","","","",""
"01024099999","2023-07-24T00:00:00","78.65","16.3666666","20.0","PYRAMIDEN, NO","FM-12","4","","42","50","","","","","74","","29.99","29.95","","46","095","","5","","","","","","","","","","","","","","","","","","","","","","","","","","","","","","","","","","","","","","","","","","","","","","","","","","","","","","","","","","","","","","","","","","","","","","","","","","","","","","","","","","","","","","","","","","","SYN004BUFR","","","","","","","","","",""
"01024099999","2023-07-28T08:00:00","78.65","16.3666666","20.0","PYRAMIDEN, NO","FM-12","4","","39","44","","","","","84","","29.80","29.76","","42","","","0","","","","","","","","","","","","","","","","","","","","","","","","","","","","","","","","","","","","","","","","","","","","","","","","","","","","","","","","","","","","","","","","","","","","","","","","","","","","","","","","","","","","","","","","","","","SYN004BUFR","","","","","","","","","",""
"01024099999","2023-07-31T07:00:00","78.65","16.3666666","20.0","PYRAMIDEN, NO","FM-12","4","","39","46","","","","","77","","29.84","29.80","","43","130","","3","","","","","","","","","","","","","","","","","","","","","","","","","","","","","","","","","","","","","","","","","","","","","","","","","","","","","","","","","","","","","","","","","","","","","","","","","","","","","","","","","","","","","","","","","","","SYN004BUFR","","","","","","","","","",""
"01024099999","2023-08-08T12:00:00","78.65","16.3666666","20.0","PYRAMIDEN, NO","FM-12","4","","37","48","","","-0.05","2","67","","30.01","29.97","","43","135","","7","","","","","","","","","","","","","","","","","","","","","","","","","","","","","","","","","","","","","","","","","","","","","","","","","","","","","","","","","","","","","","","","","","","","","","","","","","","","","","","","","","","","","","","","","","","SYN004BUFR","","","","","","","","","",""
"01024099999","2023-09-06T00:00:00","78.65","16.3666666","20.0","PYRAMIDEN, NO","FM-12","4","","","41","","","-0.04","2","","","29.11","29.07","","","","","0","","","","","","","","","","","","","","","","","","","","","","","","","","","","","","","","","","","","","","","","","","","","","","","","","","","","","","","","","","","","","","","","","","","","","","","","","","","","","","","","","","","","","","","","","","","SYN004BUFR","","","","","","","","","",""
"01024099999","2023-09-11T12:00:00","78.65","16.3666666","20.0","PYRAMIDEN, NO","FM-12","4","","24","40","","","-0.04","3","53","","29.31","29.27","","34","066","11","4","","","","","","","","","","","","","","","","","","","","","","","","","","","","","","","","","","","","","","","","","","","","","","","","","","","","","","","","","","","","","","","","","","","","","","","","","","","","","","","","","","","","","","","","","","","SYN004BUFR","","","","","","","","","",""
"01024099999","2023-09-11T16:00:00","78.65","16.3666666","20.0","PYRAMIDEN, NO","FM-12","4","","27","39","","","-0.04","2","63","","29.36","29.32","","34","052","","4","","","","","","","","","","","","","","","","","","","","","","","","","","","","","","","","","","","","","","","","","","","","","","","","","","","","","","","","","","","","","","","","","","","","","","","","","","","","","","","","","","","","","","","","","","","SYN004BUFR","","","","","","","","","",""
"01024099999","2023-09-12T00:00:00","78.65","16.3666666","20.0","PYRAMIDEN, NO","FM-12","4","","29","35","","","-0.05","2","80","","29.49","29.45","","33","308","","2","","","","","","","","","","","","","","","","","","","","","","","","","","","","","","","","","","","","","","","","","","","","","","","","","","","","","","","","","","","","","","","","","","","","","","","","","","","","","","","","","","","","","","","","","","","SYN004BUFR","","","","","","","","","",""
"01024099999","2023-09-12T01:00:00","78.65","16.3666666","20.0","PYRAMIDEN, NO","FM-12","4","","29","35","","","-0.04","2","77","","29.50","29.46","","33","287","","2","","","","","","","","","","","","","","","","","","","","","","","","","","","","","","","","","","","","","","","","","","","","","","","","","","","","","","","","","","","","","","","","","","","","","","","","","","","","","","","","","","","","","","","","","","","SYN004BUFR","","","","","","","","","",""
"01024099999","2023-09-28T23:00:00","78.65","16.3666666","20.0","PYRAMIDEN, NO","FM-12","4","","19","33","","","+0.05","8","56","","29.84","29.80","","28","088","23","18","","","","","","","","","","","","","","","","","","","","","","","","","","","","","","","","","","","","","","","","","","","","","","","","","","","","","","","","","","","","","","","","","","","","","","","","","","","","","","","","","","","","","","","","","","","SYN004BUFR","","","","","","","","","",""
"01024099999","2023-10-18T16:00:00","78.65","16.3666666","20.0","PYRAMIDEN, NO","FM-12","4","","","","","","+0.05","7","","","","30.12","","","290","","7","","","","","","","","","","","","","","","","","","","","","","","","","","","","","","","","","","","","","","","","","","","","","","","","","","","","","","","","","","","","","","","","","","","","","","","","","","","","","","","","","","","","","","","","","","","SYN05201024 46/// /2903 29068 30200 57017 333 90710 91104=","","","","","","","","","",""
"01024099999","2023-10-18T22:00:00","78.65","16.3666666","20.0","PYRAMIDEN, NO","FM-12","4","","","","","","+0.12","7","","","","29.92","","","050","","2","","","","","","","","","","","","","","","","","","","","","","","","","","","","","","","","","","","","","","","","","","","","","","","","","","","","","","","","","","","","","","","","","","","","","","","","","","","","","","","","","","","","","","","","","","","SYN05201024 46/// /0501 29094 30132 57040 333 90710 91103=","","","","","","","","","",""
"01024099999","2023-10-19T04:00:00","78.65","16.3666666","20.0","PYRAMIDEN, NO","FM-12","4","","","","","","+0.13","8","","","","29.67","","","270","","20","","","","","","","","","","","","","","","","","","","","","","","","","","","","","","","","","","","","","","","","","","","","","","","","","","","","","","","","","","","","","","","","","","","","","","","","","","","","","","","","","","","","","","","","","","","SYN05201024 46/// /2709 29079 30046 58044 333 90710 91114=","","","","","","","","","",""
