"STATION","DATE","LATITUDE","LONGITUDE","ELEVATION","NAME","REPORT_TYPE","SOURCE","HourlyAltimeterSetting","HourlyDewPointTemperature","HourlyDryBulbTemperature","HourlyPrecipitation","HourlyPresentWeatherType","HourlyPressureChange","HourlyPressureTendency","HourlyRelativeHumidity","HourlySkyConditions","HourlySeaLevelPressure","HourlyStationPressure","HourlyVisibility","HourlyWetBulbTemperature","HourlyWindDirection","HourlyWindGustSpeed","HourlyWindSpeed","Sunrise","Sunset","DailyAverageDewPointTemperature","DailyAverageDryBulbTemperature","DailyAverageRelativeHumidity","DailyAverageSeaLevelPressure","DailyAverageStationPressure","DailyAverageWetBulbTemperature","DailyAverageWindSpeed","DailyCoolingDegreeDays","DailyDepartureFromNormalAverageTemperature","DailyHeatingDegreeDays","DailyMaximumDryBulbTemperature","DailyMinimumDryBulbTemperature","DailyPeakWindDirection","DailyPeakWindSpeed","DailyPrecipitation","DailySnowDepth","DailySnowfall","DailySustainedWindDirection","DailySustainedWindSpeed","DailyWeather","MonthlyAverageRH","MonthlyDaysWithGT001Precip","MonthlyDaysWithGT010Precip","MonthlyDaysWithGT32Temp","MonthlyDaysWithGT90Temp","MonthlyDaysWithLT0Temp","MonthlyDaysWithLT32Temp","MonthlyDepartureFromNormalAverageTemperature","MonthlyDepartureFromNormalCoolingDegreeDays","MonthlyDepartureFromNormalHeatingDegreeDays","MonthlyDepartureFromNormalMaximumTemperature","MonthlyDepartureFromNormalMinimumTemperature","MonthlyDepartureFromNormalPrecipitation","MonthlyDewpointTemperature","MonthlyGreatestPrecip","MonthlyGreatestPrecipDate","MonthlyGreatestSnowDepth","MonthlyGreatestSnowDepthDate","MonthlyGreatestSnowfall","MonthlyGreatestSnowfallDate","MonthlyMaxSeaLevelPressureValue","MonthlyMaxSeaLevelPressureValueDate","MonthlyMaxSeaLevelPressureValueTime","MonthlyMaximumTemperature","MonthlyMeanTemperature","MonthlyMinSeaLevelPressureValue","MonthlyMinSeaLevelPressureValueDate","MonthlyMinSeaLevelPressureValueTime","MonthlyMinimumTemperature","MonthlySeaLevelPressure","MonthlyStationPressure","MonthlyTotalLiquidPrecipitation","MonthlyTotalSnowfall","MonthlyWetBulb","AWND","CDSD","CLDD","DSNW","HDSD","HTDD","DYTS","DYHF","NormalsCoolingDegreeDay","NormalsHeatingDegreeDay","ShortDurationEndDate005","ShortDurationEndDate010","ShortDurationEndDate015","ShortDurationEndDate020","ShortDurationEndDate030","ShortDurationEndDate045","ShortDurationEndDate060","ShortDurationEndDate080","ShortDurationEndDate100","ShortDurationEndDate120","ShortDurationEndDate150","ShortDurationEndDate180","ShortDurationPrecipitationValue005","ShortDurationPrecipitationValue010","ShortDurationPrecipitationValue015","ShortDurationPrecipitationValue020","ShortDurationPrecipitationValue030","ShortDurationPrecipitationValue045","ShortDurationPrecipitationValue060","ShortDurationPrecipitationValue080","ShortDurationPrecipitationValue100","ShortDurationPrecipitationValue120","ShortDurationPrecipitationValue150","ShortDurationPrecipitationValue180","REM","BackupDirection","BackupDistance","BackupDistanceUnit","BackupElements","BackupElevation","BackupEquipment","BackupLatitude","BackupLongitude","BackupName","WindEquipmentChangeDate"
"01009099999","2022-01-03T22:00:00","80.65","25.0","5.0","KARL XII OYA, SV","FM-12","4","","","2","","","+0.03","8","","","30.15","30.13","","","087","17","11","","","","","","","","","","","","","","","","","","","","","","","","","","","","","","","","","","","","","","","","","","","","","","","","","","","","","","","","","","","","","","","","","","","","","","","","","","","","","","","","","","","","","","","","","","","SYN004BUFR","","","","","","","","","",""
"01009099999","2022-01-04T10:00:00","80.65","25.0","5.0","KARL XII OYA, SV","FM-12","4","","","1","","","+0.04","7","","","29.99","29.97","","","","","","","","","","","","","","","","","","","","","","","","","","","","","","","","","","","","","","","","","","","","","","","","","","","","","","","","","","","","","","","","","","","","","","","","","","","","","","","","","","","","","","","","","","","","","","","","SYN004BUFR","","","","","","","","","",""
"01009099999","2022-01-05T22:00:00","80.65","25.0","5.0","KARL XII OYA, SV","FM-12","4","","","8","","","-0.00","0","","","29.53","29.51","","","344","13","9","","","","","","","","","","","","","","","","","","","","","","","","","","","","","","","","","","","","","","","","","","","","","","","","","","","","","","","","","","","","","","","","","","","","","","","","","","","","","","","","","","","","","","","","","","","SYN004BUFR","","","","","","","","","",""
"01009099999","2022-01-06T00:00:00","80.65","25.0","5.0","KARL XII OYA, SV","FM-12","4","","","8","","","-0.02","3","","","29.53","29.51","","","349","","5","","","","","","","","","","","","","","","","","","","","","","","","","","","","","","","","","","","","","","","","","","","","","","","","","","","","","","","","","","","","","","","","","","","","","","","","","","","","","","","","","","","","","","","","","","","SYN004BUFR","","","","","","","","","",""
"01009099999","2022-01-06T21:00:00","80.65","25.0","5.0","KARL XII OYA, SV","FM-12","4","","","2","","","-0.01","2","","","29.74","29.72","","","097","22","19","","","","","","","","","","","","","","","","","","","","","","","","","","","","","","","","","","","","","","","","","","","","","","","","","","","","","","","","","","","","","","","","","","","","","","","","","","","","","","","","","","","","","","","","","","","SYN004BUFR","","","","","","","","","",""
"01009099999","2022-01-09T21:00:00","80.65","25.0","5.0","KARL XII OYA, SV","FM-12","4","","","18","","","-0.09","1","","","29.56","29.54","","","311","22","19","","","","","","","","","","","","","","","","","","","","","","","","","","","","","","","","","","","","","","","","","","","","","","","","","","","","","","","","","","","","","","","","","","","","","","","","","","","","","","","","","","","","","","","","","","","SYN004BUFR","","","","","","","","","",""
"01009099999","2022-01-11T21:00:00","80.65","25.0","5.0","KARL XII OYA, SV","FM-12","4","","","16","","","+0.12","7","","","29.22","29.20","","","126","45","37","","","","","","","","","","","","","","","","","","","","","","","","","","","","","","","","","","","","","","","","","","","","","","","","","","","","","","","","","","","","","","","","","","","","","","","","","","","","","","","","","","","","","","","","","","","SYN004BUFR","","","","","","","","","",""
"01009099999","2022-01-14T10:00:00","80.65","25.0","5.0","KARL XII OYA, SV","FM-12","4","","","1","","","-0.03","2","","","29.47","29.45","","","","26","18","","","","","","","","","","","","","","","","","","","","","","","","","","","","","","","","","","","","","","","","","","","","","","","","","","","","","","","","","","","","","","","","","","","","","","","","","","","","","","","","","","","","","","","","","","","SYN004BUFR","","","","","","","","","",""
"01009099999","2022-01-14T21:00:00","80.65","25.0","5.0","KARL XII OYA, SV","FM-12","4","","","1","","","+0.04","7","","","29.43","29.41","","","348","32","20","","","","","","","","","","","","","","","","","","","","","","","","","","","","","","","","","","","","","","","","","","","","","","","","","","","","","","","","","","","","","","","","","","","","","","","","","","","","","","","","","","","","","","","","","","","SYN004BUFR","","","","","","","","","",""
"01009099999","2022-01-17T21:00:00","80.65","25.0","5.0","KARL XII OYA, SV","FM-12","4","","","12","","","-0.03","1","","","29.30","29.28","","","316","18","14","","","","","","","","","","","","","","","","","","","","","","","","","","","","","","","","","","","","","","","","","","","","","","","","","","","","","","","","","","","","","","","","","","","","","","","","","","","","","","","","","","","","","","","","","","","SYN004BUFR","","","","","","","","","",""
"01009099999","2022-01-18T22:00:00","80.65","25.0","5.0","KARL XII OYA, SV","FM-12","4","","","2","","","","","","","29.26","29.24","","","098","14","11","","","","","","","","","","","","","","","","","","","","","","","","","","","","","","","","","","","","","","","","","","","","","","","","","","","","","","","","","","","","","","","","","","","","","","","","","","","","","","","","","","","","","","","","","","","SYN004BUFR","","","","","","","","","",""
"01009099999","2022-01-20T01:00:00","80.65","25.0","5.0","KARL XII OYA, SV","FM-12","4","","","10","","","-0.04","2","","","29.47","29.45","","","020","15","10","","","","","","","","","","","","","","","","","","","","","","","","","","","","","","","","","","","","","","","","","","","","","","","","","","","","","","","","","","","","","","","","","","","","","","","","","","","","","","","","","","","","","","","","","","","SYN004BUFR","","","","","","","","","",""
"01009099999","2022-01-23T01:00:00","80.65","25.0","5.0","KARL XII OYA, SV","FM-12","4","","","27","","","+0.12","8","","","28.77","28.76","","","131","33","29","","","","","","","","","","","","","","","","","","","","","","","","","","","","","","","","","","","","","","","","","","","","","","","","","","","","","","","","","","","","","","","","","","","","","","","","","","","","","","","","","","","","","","","","","","","SYN004BUFR","","","","","","","","","",""
"01009099999","2022-01-23T22:00:00","80.65","25.0","5.0","KARL XII OYA, SV","FM-12","4","","","26","","","-0.02","2","","","28.40","28.38","","","205","23","14","","","","","","","","","","","","","","","","","","","","","","","","","","","","","","","","","","","","","","","","","","","","","","","","","","","","","","","","","","","","","","","","","","","","","","","","","","","","","","","","","","","","","","","","","","","SYN004BUFR","","","","","","","","","",""
"01009099999","2022-01-25T01:00:00","80.65","25.0","5.0","KARL XII OYA, SV","FM-12","4","","","26","","","-0.04","1","","","28.14","28.12","","","357","44","32","","","","","","","","","","","","","","","","","","","","","","","","","","","","","","","","","","","","","","","","","","","","","","","","","","","","","","","","","","","","","","","","","","","","","","","","","","","","","","","","","","","","","","","","","","","SYN004BUFR","","","","","","","","","",""
"01009099999","2022-01-25T21:00:00","80.65","25.0","5.0","KARL XII OYA, SV","FM-12","4","","","17","","","-0.03","2","","","28.84","28.82","","","338","47","34","","","","","","","","","","","","","","","","","","","","","","","","","","","","","","","","","","","","","","","","","","","","","","","","","","","","","","","","","","","","","","","","","","","","","","","","","","","","","","","","","","","","","","","","","","","SYN004BUFR","","","","","","","","","",""
"01009099999","2022-01-30T21:00:00","80.65","25.0","5.0","KARL XII OYA, SV","FM-12","4","","","9","","","-0.02","1","","","29.94","29.92","","","062","12","5","","","","","","","","","","","","","","","","","","","","","","","","","","","","","","","","","","","","","","","","","","","","","","","","","","","","","","","","","","","","","","","","","","","","","","","","","","","","","","","","","","","","","","","","","","","SYN004BUFR","","","","","","","","","",""
"01009099999","2022-01-31T21:00:00","80.65","25.0","5.0","KARL XII OYA, SV","FM-12","4","","","10","","","+0.02","7","","","29.99","29.97","","","084","13","6","","","","","","","","","","","","","","","","","","","","","","","","","","","","","","","","","","","","","","","","","","","","","","","","","","","","","","","","","","","","","","","","","","","","","","","","","","","","","","","","","","","","","","","","","","","SYN004BUFR","","","","","","","","","",""
"01009099999","2022-01-31T23:00:00","80.65","25.0","5.0","KARL XII OYA, SV","FM-12","4","","","10","","","","","","","30.00","29.98","","","131","17","14","","","","","","","","","","","","","","","","","","","","","","","","","","","","","","","","","","","","","","","","","","","","","","","","","","","","","","","","","","","","","","","","","","","","","","","","","","","","","","","","","","","","","","","","","","","SYN004BUFR","","","","","","","","","",""
"01009099999","2022-02-01T01:00:00","80.65","25.0","5.0","KARL XII OYA, SV","FM-12","4","","","10","","","+0.01","7","","","29.99","29.97","","","100","18","14","","","","","","","","","","","","","","","","","","","","","","","","","","","","","","","","","","","","","","","","","","","","","","","","","","","","","","","","","","","","","","","","","","","","","","","","","","","","","","","","","","","","","","","","","","","SYN004BUFR","","","","","","","","","",""
"01009099999","2022-02-01T22:00:00","80.65","25.0","5.0","KARL XII OYA, SV","FM-12","4","","","12","","","","","","","29.95","29.93","","","109","19","16","","","","","","","","","","","","","","","","","","","","","","","","","","","","","","","","","","","","","","","","","","","","","","","","","","","","","","","","","","","","","","","","","","","","","","","","","","","","","","","","","","","","","","","","","","","SYN004BUFR","","","","","","","","","",""
"01009099999","2022-02-02T00:00:00","80.65","25.0","5.0","KARL XII OYA, SV","FM-12","4","","","12","","","-0.01","2","","","29.96","29.94","","","104","18","14","","","","","","","","","","","","","","","","","","","","","","","","","","","","","","","","","","","","","","","","","","","","","","","","","","","","","","","","","","","","","","","","","","","","","","","","","","","","","","","","","","","","","","","","","","","SYN004BUFR","","","","","","","","","",""
"01009099999","2022-02-02T21:00:00","80.65","25.0","5.0","KARL XII OYA, SV","FM-12","4","","","7","","","-0.01","2","","","30.13","30.11","","","349","","6","","","","","","","","","","","","","","","","","","","","","","","","","","","","","","","","","","","","","","","","","","","","","","","","","","","","","","","","","","","","","","","","","","","","","","","","","","","","","","","","","","","","","","","","","","","SYN004BUFR","","","","","","","","","",""
"01009099999","2022-02-04T01:00:00","80.65","25.0","5.0","KARL XII OYA, SV","FM-12","4","","","9","","","+0.04","6","","","30.11","30.09","","","115","24","21","","","","","","","","","","","","","","","","","","","","","","","","","","","","","","","","","","","","","","","","","","","","","","","","","","","","","","","","","","","","","","","","","","","","","","","","","","","","","","","","","","","","","","","","","","","SYN004BUFR","","","","","","","","","",""
"01009099999","2022-02-04T22:00:00","80.65","25.0","5.0","KARL XII OYA, SV","FM-12","4","","","18","","","+0.01","7","","","29.94","29.92","","","147","12","10","","","","","","","","","","","","","","","","","","","","","","","","","","","","","","","","","","","","","","","","","","","","","","","","","","","","","","","","","","","","","","","","","","","","","","","","","","","","","","","","","","","","","","","","","","","SYN004BUFR","","","","","","","","","",""
"01009099999","2022-02-05T00:00:00","80.65","25.0","5.0","KARL XII OYA, SV","FM-12","4","","","18","","","+0.02","7","","","29.93","29.91","","","149","24","21","","","","","","","","","","","","","","","","","","","","","","","","","","","","","","","","","","","","","","","","","","","","","","","","","","","","","","","","","","","","","","","","","","","","","","","","","","","","","","","","","","","","","","","","","","","SYN004BUFR","","","","","","","","","",""
"01009099999","2022-02-05T21:00:00","80.65","25.0","5.0","KARL XII OYA, SV","FM-12","4","","","13","","","+0.06","7","","","29.68","29.66","","","077","23","20","","","","","","","","","","","","","","","","","","","","","","","","","","","","","","","","","","","","","","","","","","","","","","","","","","","","","","","","","","","","","","","","","","","","","","","","","","","","","","","","","","","","","","","","","","","SYN004BUFR","","","","","","","","","",""
"01009099999","2022-02-05T23:00:00","80.65","25.0","5.0","KARL XII OYA, SV","FM-12","4","","","15","","","+0.06","7","","","29.64","29.62","","","106","23","15","","","","","","","","","","","","","","","","","","","","","","","","","","","","","","","","","","","","","","","","","","","","","","","","","","","","","","","","","","","","","","","","","","","","","","","","","","","","","","","","","","","","","","","","","","","SYN004BUFR","","","","","","","","","",""
"01009099999","2022-02-07T22:00:00","80.65","25.0","5.0","KARL XII OYA, SV","FM-12","4","","","18","","","-0.00","0","","","29.21","29.19","","","007","","7","","","","","","","","","","","","","","","","","","","","","","","","","","","","","","","","","","","","","","","","","","","","","","","","","","","","","","","","","","","","","","","","","","","","","","","","","","","","","","","","","","","","","","","","","","","SYN004BUFR","","","","","","","","","",""
"01009099999","2022-02-08T00:00:00","80.65","25.0","5.0","KARL XII OYA, SV","FM-12","4","","","18","","","","","","","29.21","29.19","","","313","","6","","","","","","","","","","","","","","","","","","","","","","","","","","","","","","","","","","","","","","","","","","","","","","","","","","","","","","","","","","","","","","","","","","","","","","","","","","","","","","","","","","","","","","","","","","","SYN004BUFR","","","","","","","","","",""
"01009099999","2022-02-08T21:00:00","80.65","25.0","5.0","KARL XII OYA, SV","FM-12","4","","","24","","","+0.02","7","","","28.80","28.78","","","090","14","5","","","","","","","","","","","","","","","","","","","","","","","","","","","","","","","","","","","","","","","","","","","","","","","","","","","","","","","","","","","","","","","","","","","","","","","","","","","","","","","","","","","","","","","","","","","SYN004BUFR","","","","","","","","","",""
"01009099999","2022-02-10T00:00:00","80.65","25.0","5.0","KARL XII OYA, SV","FM-12","4","","","24","","","+0.02","7","","","29.03","29.01","","","130","12","10","","","","","","","","","","","","","","","","","","","","","","","","","","","","","","","","","","","","","","","","","","","","","","","","","","","","","","","","","","","","","","","","","","","","","","","","","","","","","","","","","","","","","","","","","","","SYN004BUFR","","","","","","","","","",""
"01009099999","2022-02-11T21:00:00","80.65","25.0","5.0","KARL XII OYA, SV","FM-12","4","","","21","","","-0.03","1","","","29.18","29.16","","","325","17","13","","","","","","","","","","","","","","","","","","","","","","","","","","","","","","","","","","","","","","","","","","","","","","","","","","","","","","","","","","","","","","","","","","","","","","","","","","","","","","","","","","","","","","","","","","","SYN004BUFR","","","","","","","","","",""
"01009099999","2022-02-12T00:00:00","80.65","25.0","5.0","KARL XII OYA, SV","FM-12","4","","","22","","","-0.02","2","","","29.20","29.18","","","318","","7","","","","","","","","","","","","","","","","","","","","","","","","","","","","","","","","","","","","","","","","","","","","","","","","","","","","","","","","","","","","","","","","","","","","","","","","","","","","","","","","","","","","","","","","","","","SYN004BUFR","","","","","","","","","",""
"01009099999","2022-02-13T23:00:00","80.65","25.0","5.0","KARL XII OYA, SV","FM-12","4","","","18","","","-0.02","2","","","29.36","29.34","","","126","","2","","","","","","","","","","","","","","","","","","","","","","","","","","","","","","","","","","","","","","","","","","","","","","","","","","","","","","","","","","","","","","","","","","","","","","","","","","","","","","","","","","","","","","","","","","","SYN004BUFR","","","","","","","","","",""
"01009099999","2022-02-17T15:00:00","80.65","25.0","5.0","KARL XII OYA, SV","FM-12","4","","","15","","","","","","","29.84","29.82","","","103","13","11","","","","","","","","","","","","","","","","","","","","","","","","","","","","","","","","","","","","","","","","","","","","","","","","","","","","","","","","","","","","","","","","","","","","","","","","","","","","","","","","","","","","","","","","","","","SYN004BUFR","","","","","","","","","",""
"01009099999","2022-02-17T16:00:00","80.65","25.0","5.0","KARL XII OYA, SV","FM-12","4","","","14","","","","","","","29.83","29.81","","","119","17","12","","","","","","","","","","","","","","","","","","","","","","","","","","","","","","","","","","","","","","","","","","","","","","","","","","","","","","","","","","","","","","","","","","","","","","","","","","","","","","","","","","","","","","","","","","","SYN004BUFR","","","","","","","","","",""
"01009099999","2022-02-17T21:00:00","80.65","25.0","5.0","KARL XII OYA, SV","FM-12","4","","","13","","","-0.00","0","","","29.83","29.81","","","106","15","8","","","","","","","","","","","","","","","","","","","","","","","","","","","","","","","","","","","","","","","","","","","","","","","","","","","","","","","","","","","","","","","","","","","","","","","","","","","","","","","","","","","","","","","","","","","SYN004BUFR","","","","","","","","","",""
"01009099999","2022-02-17T23:00:00","80.65","25.0","5.0","KARL XII OYA, SV","FM-12","4","","","13","","","-0.01","2","","","29.84","29.82","","","097","","8","","","","","","","","","","","","","","","","","","","","","","","","","","","","","","","","","","","","","","","","","","","","","","","","","","","","","","","","","","","","","","","","","","","","","","","","","","","","","","","","","","","","","","","","","","","SYN004BUFR","","","","","","","","","",""
"01009099999","2022-02-20T00:00:00","80.65","25.0","5.0","KARL XII OYA, SV","FM-12","4","","","6","","","0.00","4","","","29.53","29.51","","","106","","2","","","","","","","","","","","","","","","","","","","","","","","","","","","","","","","","","","","","","","","","","","","","","","","","","","","","","","","","","","","","","","","","","","","","","","","","","","","","","","","","","","","","","","","","","","","SYN004BUFR","","","","","","","","","",""
"01009099999","2022-02-20T21:00:00","80.65","25.0","5.0","KARL XII OYA, SV","FM-12","4","","","1","","","","","","","29.52","29.49","","","360","","0","","","","","","","","","","","","","","","","","","","","","","","","","","","","","","","","","","","","","","","","","","","","","","","","","","","","","","","","","","","","","","","","","","","","","","","","","","","","","","","","","","","","","","","","","","","SYN004BUFR","","","","","","","","","",""
"01009099999","2022-02-20T23:00:00","80.65","25.0","5.0","KARL XII OYA, SV","FM-12","4","","","2","","","-0.01","2","","","29.53","29.51","","","360","","0","","","","","","","","","","","","","","","","","","","","","","","","","","","","","","","","","","","","","","","","","","","","","","","","","","","","","","","","","","","","","","","","","","","","","","","","","","","","","","","","","","","","","","","","","","","SYN004BUFR","","","","","","","","","",""
"01009099999","2022-02-23T23:00:00","80.65","25.0","5.0","KARL XII OYA, SV","FM-12","4","","","-11","","","","","","","29.41","29.39","","","333","16","9","","","","","","","","","","","","","","","","","","","","","","","","","","","","","","","","","","","","","","","","","","","","","","","","","","","","","","","","","","","","","","","","","","","","","","","","","","","","","","","","","","","","","","","","","","","SYN004BUFR","","","","","","","","","",""
"01009099999","2022-02-28T22:00:00","80.65","25.0","5.0","KARL XII OYA, SV","FM-12","4","","","12","","","-0.04","2","","","29.73","29.71","","","306","29","23","","","","","","","","","","","","","","","","","","","","","","","","","","","","","","","","","","","","","","","","","","","","","","","","","","","","","","","","","","","","","","","","","","","","","","","","","","","","","","","","","","","","","","","","","","","SYN004BUFR","","","","","","","","","",""
"01009099999","2022-03-04T22:00:00","80.65","25.0","5.0","KARL XII OYA, SV","FM-12","4","","","17","","","+0.05","8","","","30.10","30.08","","","141","34","28","","","","","","","","","","","","","","","","","","","","","","","","","","","","","","","","","","","","","","","","","","","","","","","","","","","","","","","","","","","","","","","","","","","","","","","","","","","","","","","","","","","","","","","","","","","SYN004BUFR","","","","","","","","","",""
"01009099999","2022-03-07T16:00:00","80.65","25.0","5.0","KARL XII OYA, SV","FM-12","4","","","27","","","0.00","4","","","29.68","29.66","","","171","32","18","","","","","","","","","","","","","","","","","","","","","","","","","","","","","","","","","","","","","","","","","","","","","","","","","","","","","","","","","","","","","","","","","","","","","","","","","","","","","","","","","","","","","","","","","","","SYN004BUFR","","","","","","","","","",""
"01009099999","2022-03-07T21:00:00","80.65","25.0","5.0","KARL XII OYA, SV","FM-12","4","","","27","","","+0.01","5","","","29.68","29.67","","","143","28","26","","","","","","","","","","","","","","","","","","","","","","","","","","","","","","","","","","","","","","","","","","","","","","","","","","","","","","","","","","","","","","","","","","","","","","","","","","","","","","","","","","","","","","","","","","","SYN004BUFR","","","","","","","","","",""
"01009099999","2022-03-07T23:00:00","80.65","25.0","5.0","KARL XII OYA, SV","FM-12","4","","","26","","","+0.01","8","","","29.70","29.67","","","144","27","24","","","","","","","","","","","","","","","","","","","","","","","","","","","","","","","","","","","","","","","","","","","","","","","","","","","","","","","","","","","","","","","","","","","","","","","","","","","","","","","","","","","","","","","","","","","SYN004BUFR","","","","","","","","","",""
"01009099999","2022-03-18T21:00:00","80.65","25.0","5.0","KARL XII OYA, SV","FM-12","4","","","14","","","+0.02","6","","","29.62","29.60","","","012","12","6","","","","","","","","","","","","","","","","","","","","","","","","","","","","","","","","","","","","","","","","","","","","","","","","","","","","","","","","","","","","","","","","","","","","","","","","","","","","","","","","","","","","","","","","","","","SYN004BUFR","","","","","","","","","",""
"01009099999","2022-03-19T01:00:00","80.65","25.0","5.0","KARL XII OYA, SV","FM-12","4","","","20","","","+0.09","6","","","29.51","29.49","","","112","25","20","","","","","","","","","","","","","","","","","","","","","","","","","","","","","","","","","","","","","","","","","","","","","","","","","","","","","","","","","","","","","","","","","","","","","","","","","","","","","","","","","","","","","","","","","","","SYN004BUFR","","","","","","","","","",""
"01009099999","2022-03-20T07:00:00","80.65","25.0","5.0","KARL XII OYA, SV","FM-12","4","","","25","","","-0.16","2","","","29.66","29.64","","","024","24","16","","","","","","","","","","","","","","","","","","","","","","","","","","","","","","","","","","","","","","","","","","","","","","","","","","","","","","","","","","","","","","","","","","","","","","","","","","","","","","","","","","","","","","","","","","","SYN004BUFR","","","","","","","","","",""
"01009099999","2022-03-21T21:00:00","80.65","25.0","5.0","KARL XII OYA, SV","FM-12","4","","","19","","","-0.15","2","","","29.37","29.36","","","056","46","37","","","","","","","","","","","","","","","","","","","","","","","","","","","","","","","","","","","","","","","","","","","","","","","","","","","","","","","","","","","","","","","","","","","","","","","","","","","","","","","","","","","","","","","","","","","SYN004BUFR","","","","","","","","","",""
"01009099999","2022-03-22T01:00:00","80.65","25.0","5.0","KARL XII OYA, SV","FM-12","4","","","20","","","-0.16","2","","","29.58","29.56","","","048","46","37","","","","","","","","","","","","","","","","","","","","","","","","","","","","","","","","","","","","","","","","","","","","","","","","","","","","","","","","","","","","","","","","","","","","","","","","","","","","","","","","","","","","","","","","","","","SYN004BUFR","","","","","","","","","",""
"01009099999","2022-03-23T01:00:00","80.65","25.0","5.0","KARL XII OYA, SV","FM-12","4","","","-1","","","-0.01","2","","","30.09","30.07","","","341","30","18","","","","","","","","","","","","","","","","","","","","","","","","","","","","","","","","","","","","","","","","","","","","","","","","","","","","","","","","","","","","","","","","","","","","","","","","","","","","","","","","","","","","","","","","","","","SYN004BUFR","","","","","","","","","",""
"01009099999","2022-03-23T21:00:00","80.65","25.0","5.0","KARL XII OYA, SV","FM-12","4","","","-7","","","-0.01","0","","","30.12","30.09","","","316","28","23","","","","","","","","","","","","","","","","","","","","","","","","","","","","","","","","","","","","","","","","","","","","","","","","","","","","","","","","","","","","","","","","","","","","","","","","","","","","","","","","","","","","","","","","","","","SYN004BUFR","","","","","","","","","",""
"01009099999","2022-03-24T00:00:00","80.65","25.0","5.0","KARL XII OYA, SV","FM-12","4","","","-8","","","0.00","4","","","30.11","30.09","","","322","29","26","","","","","","","","","","","","","","","","","","","","","","","","","","","","","","","","","","","","","","","","","","","","","","","","","","","","","","","","","","","","","","","","","","","","","","","","","","","","","","","","","","","","","","","","","","","SYN004BUFR","","","","","","","","","",""
"01009099999","2022-03-30T21:00:00","80.65","25.0","5.0","KARL XII OYA, SV","FM-12","4","","","-8","","","+0.03","7","","","30.22","30.19","","","287","13","10","","","","","","","","","","","","","","","","","","","","","","","","","","","","","","","","","","","","","","","","","","","","","","","","","","","","","","","","","","","","","","","","","","","","","","","","","","","","","","","","","","","","","","","","","","","SYN004BUFR","","","","","","","","","",""
"01009099999","2022-03-30T23:00:00","80.65","25.0","5.0","KARL XII OYA, SV","FM-12","4","","","-7","","","+0.03","7","","","30.20","30.17","","","285","12","10","","","","","","","","","","","","","","","","","","","","","","","","","","","","","","","","","","","","","","","","","","","","","","","","","","","","","","","","","","","","","","","","","","","","","","","","","","","","","","","","","","","","","","","","","","","SYN004BUFR","","","","","","","","","",""
"01009099999","2022-04-01T00:00:00","80.65","25.0","5.0","KARL XII OYA, SV","FM-12","4","","","-7","","","-0.01","2","","","30.05","30.03","","","355","14","10","","","","","","","","","","","","","","","","","","","","","","","","","","","","","","","","","","","","","","","","","","","","","","","","","","","","","","","","","","","","","","","","","","","","","","","","","","","","","","","","","","","","","","","","","","","SYN004BUFR","","","","","","","","","",""
"01009099999","2022-04-03T23:00:00","80.65","25.0","5.0","KARL XII OYA, SV","FM-12","4","","","-7","","","-0.01","2","","","30.19","30.17","","","011","","0","","","","","","","","","","","","","","","","","","","","","","","","","","","","","","","","","","","","","","","","","","","","","","","","","","","","","","","","","","","","","","","","","","","","","","","","","","","","","","","","","","","","","","","","","","","SYN004BUFR","","","","","","","","","",""
"01009099999","2022-04-04T01:00:00","80.65","25.0","5.0","KARL XII OYA, SV","FM-12","4","","","-7","","","","","","","30.19","30.17","","","087","","2","","","","","","","","","","","","","","","","","","","","","","","","","","","","","","","","","","","","","","","","","","","","","","","","","","","","","","","","","","","","","","","","","","","","","","","","","","","","","","","","","","","","","","","","","","","SYN004BUFR","","","","","","","","","",""
"01009099999","2022-04-06T01:00:00","80.65","25.0","5.0","KARL XII OYA, SV","FM-12","4","","","-2","","","+0.01","7","","","30.09","30.06","","","322","","4","","","","","","","","","","","","","","","","","","","","","","","","","","","","","","","","","","","","","","","","","","","","","","","","","","","","","","","","","","","","","","","","","","","","","","","","","","","","","","","","","","","","","","","","","","","SYN004BUFR","","","","","","","","","",""
"01009099999","2022-04-06T21:00:00","80.65","25.0","5.0","KARL XII OYA, SV","FM-12","4","","","7","","","+0.01","7","","","30.00","29.98","","","030","","8","","","","","","","","","","","","","","","","","","","","","","","","","","","","","","","","","","","","","","","","","","","","","","","","","","","","","","","","","","","","","","","","","","","","","","","","","","","","","","","","","","","","","","","","","","","SYN004BUFR","","","","","","","","","",""
"01009099999","2022-04-08T23:00:00","80.65","25.0","5.0","KARL XII OYA, SV","FM-12","4","","","0","","","-0.03","2","","","30.23","30.21","","","105","","8","","","","","","","","","","","","","","","","","","","","","","","","","","","","","","","","","","","","","","","","","","","","","","","","","","","","","","","","","","","","","","","","","","","","","","","","","","","","","","","","","","","","","","","","","","","SYN004BUFR","","","","","","","","","",""
"01009099999","2022-04-09T01:00:00","80.65","25.0","5.0","KARL XII OYA, SV","FM-12","4","","","-1","","","-0.02","2","","","30.24","30.22","","","104","14","11","","","","","","","","","","","","","","","","","","","","","","","","","","","","","","","","","","","","","","","","","","","","","","","","","","","","","","","","","","","","","","","","","","","","","","","","","","","","","","","","","","","","","","","","","","","SYN004BUFR","","","","","","","","","",""
"01009099999","2022-04-12T22:00:00","80.65","25.0","5.0","KARL XII OYA, SV","FM-12","4","","","3","","","","","","","29.95","29.93","","","014","12","9","","","","","","","","","","","","","","","","","","","","","","","","","","","","","","","","","","","","","","","","","","","","","","","","","","","","","","","","","","","","","","","","","","","","","","","","","","","","","","","","","","","","","","","","","","","SYN004BUFR","","","","","","","","","",""
"01009099999","2022-04-13T01:00:00","80.65","25.0","5.0","KARL XII OYA, SV","FM-12","4","","","0","","","+0.00","7","","","29.95","29.93","","","013","","5","","","","","","","","","","","","","","","","","","","","","","","","","","","","","","","","","","","","","","","","","","","","","","","","","","","","","","","","","","","","","","","","","","","","","","","","","","","","","","","","","","","","","","","","","","","SYN004BUFR","","","","","","","","","",""
"01009099999","2022-04-16T01:00:00","80.65","25.0","5.0","KARL XII OYA, SV","FM-12","4","","","18","","","+0.08","7","","","29.73","29.72","","","138","","7","","","","","","","","","","","","","","","","","","","","","","","","","","","","","","","","","","","","","","","","","","","","","","","","","","","","","","","","","","","","","","","","","","","","","","","","","","","","","","","","","","","","","","","","","","","SYN004BUFR","","","","","","","","","",""
"01009099999","2022-07-15T22:00:00","80.65","25.0","5.0","KARL XII OYA, SV","FM-12","4","","","37","","","+0.01","7","","","29.81","29.80","","","089","13","11","","","","","","","","","","","","","","","","","","","","","","","","","","","","","","","","","","","","","","","","","","","","","","","","","","","","","","","","","","","","","","","","","","","","","","","","","","","","","","","","","","","","","","","","","","","SYN004BUFR","","","","","","","","","",""
"01009099999","2022-07-16T23:00:00","80.65","25.0","5.0","KARL XII OYA, SV","FM-12","4","","","38","","","-0.03","2","","","29.83","29.81","","","123","23","14","","","","","","","","","","","","","","","","","","","","","","","","","","","","","","","","","","","","","","","","","","","","","","","","","","","","","","","","","","","","","","","","","","","","","","","","","","","","","","","","","","","","","","","","","","","SYN004BUFR","","","","","","","","","",""
"01009099999","2022-07-19T01:00:00","80.65","25.0","5.0","KARL XII OYA, SV","FM-12","4","","","40","","","-0.02","2","","","30.13","30.11","","","141","15","14","","","","","","","","","","","","","","","","","","","","","","","","","","","","","","","","","","","","","","","","","","","","","","","","","","","","","","","","","","","","","","","","","","","","","","","","","","","","","","","","","","","","","","","","","","","SYN004BUFR","","","","","","","","","",""
"01009099999","2022-07-19T21:00:00","80.65","25.0","5.0","KARL XII OYA, SV","FM-12","4","","","39","","","+0.01","6","","","30.13","30.11","","","133","23","13","","","","","","","","","","","","","","","","","","","","","","","","","","","","","","","","","","","","","","","","","","","","","","","","","","","","","","","","","","","","","","","","","","","","","","","","","","","","","","","","","","","","","","","","","","","SYN004BUFR","","","","","","","","","",""
"01009099999","2022-07-20T01:00:00","80.65","25.0","5.0","KARL XII OYA, SV","FM-12","4","","","40","","","-0.01","2","","","30.14","30.12","","","164","14","9","","","","","","","","","","","","","","","","","","","","","","","","","","","","","","","","","","","","","","","","","","","","","","","","","","","","","","","","","","","","","","","","","","","","","","","","","","","","","","","","","","","","","","","","","","","SYN004BUFR","","","","","","","","","",""
"01009099999","2022-07-22T10:00:00","80.65","25.0","5.0","KARL XII OYA, SV","FM-12","4","","","38","","","","","","","29.91","29.89","","","100","20","17","","","","","","","","","","","","","","","","","","","","","","","","","","","","","","","","","","","","","","","","","","","","","","","","","","","","","","","","","","","","","","","","","","","","","","","","","","","","","","","","","","","","","","","","","","","SYN004BUFR","","","","","","","","","",""
"01009099999","2022-09-22T21:00:00","80.65","25.0","5.0","KARL XII OYA, SV","FM-12","4","","26","34","","","+0.04","6","73","","30.14","30.12","","31","152","40","34","","","","","","","","","","","","","","","","","","","","","","","","","","","","","","","","","","","","","","","","","","","","","","","","","","","","","","","","","","","","","","","","","","","","","","","","","","","","","","","","","","","","","","","","","","","SYN004BUFR","","","","","","","","","",""
"01009099999","2022-09-26T01:00:00","80.65","25.0","5.0","KARL XII OYA, SV","FM-12","4","","36","40","","","-0.04","2","84","","29.91","29.89","","38","160","13","11","","","","","","","","","","","","","","","","","","","","","","","","","","","","","","","","","","","","","","","","","","","","","","","","","","","","","","","","","","","","","","","","","","","","","","","","","","","","","","","","","","","","","","","","","","","SYN004BUFR","","","","","","","","","",""
"01009099999","2022-09-29T21:00:00","80.65","25.0","5.0","KARL XII OYA, SV","FM-12","4","","36","39","","","","","89","","29.78","29.76","","38","204","13","12","","","","","","","","","","","","","","","","","","","","","","","","","","","","","","","","","","","","","","","","","","","","","","","","","","","","","","","","","","","","","","","","","","","","","","","","","","","","","","","","","","","","","","","","","","","SYN004BUFR","","","","","","","","","",""
"01009099999","2022-09-29T23:00:00","80.65","25.0","5.0","KARL XII OYA, SV","FM-12","4","","37","39","","","-0.01","2","91","","29.79","29.77","","38","242","16","13","","","","","","","","","","","","","","","","","","","","","","","","","","","","","","","","","","","","","","","","","","","","","","","","","","","","","","","","","","","","","","","","","","","","","","","","","","","","","","","","","","","","","","","","","","","SYN004BUFR","","","","","","","","","",""
"01009099999","2022-09-30T01:00:00","80.65","25.0","5.0","KARL XII OYA, SV","FM-12","4","","34","39","","","-0.01","2","83","","29.79","29.77","","37","261","17","15","","","","","","","","","","","","","","","","","","","","","","","","","","","","","","","","","","","","","","","","","","","","","","","","","","","","","","","","","","","","","","","","","","","","","","","","","","","","","","","","","","","","","","","","","","","SYN004BUFR","","","","","","","","","",""
"01009099999","2022-10-01T21:00:00","80.65","25.0","5.0","KARL XII OYA, SV","FM-12","4","","36","37","","","+0.02","7","98","","29.84","29.82","","37","245","","3","","","","","","","","","","","","","","","","","","","","","","","","","","","","","","","","","","","","","","","","","","","","","","","","","","","","","","","","","","","","","","","","","","","","","","","","","","","","","","","","","","","","","","","","","","","SYN004BUFR","","","","","","","","","",""
"01009099999","2022-10-02T00:00:00","80.65","25.0","5.0","KARL XII OYA, SV","FM-12","4","","36","38","","","+0.01","7","94","","29.83","29.81","","37","261","","5","","","","","","","","","","","","","","","","","","","","","","","","","","","","","","","","","","","","","","","","","","","","","","","","","","","","","","","","","","","","","","","","","","","","","","","","","","","","","","","","","","","","","","","","","","","SYN004BUFR","","","","","","","","","",""
"01009099999","2022-10-03T21:00:00","80.65","25.0","5.0","KARL XII OYA, SV","FM-12","4","","36","39","","","-0.03","1","90","","29.88","29.85","","38","258","28","19","","","","","","","","","","","","","","","","","","","","","","","","","","","","","","","","","","","","","","","","","","","","","","","","","","","","","","","","","","","","","","","","","","","","","","","","","","","","","","","","","","","","","","","","","","","SYN004BUFR","","","","","","","","","",""
"01009099999","2022-10-04T23:00:00","80.65","25.0","5.0","KARL XII OYA, SV","FM-12","4","","32","38","","","+0.02","7","79","","29.83","29.82","","36","212","17","9","","","","","","","","","","","","","","","","","","","","","","","","","","","","","","","","","","","","","","","","","","","","","","","","","","","","","","","","","","","","","","","","","","","","","","","","","","","","","","","","","","","","","","","","","","","SYN004BUFR","","","","","","","","","",""
"01009099999","2022-10-05T23:00:00","80.65","25.0","5.0","KARL XII OYA, SV","FM-12","4","","35","36","","","+0.02","7","97","","29.62","29.60","","36","123","17","15","","","","","","","","","","","","","","","","","","","","","","","","","","","","","","","","","","","","","","","","","","","","","","","","","","","","","","","","","","","","","","","","","","","","","","","","","","","","","","","","","","","","","","","","","","","SYN004BUFR","","","","","","","","","",""
"01009099999","2022-10-06T01:00:00","80.65","25.0","5.0","KARL XII OYA, SV","FM-12","4","","35","36","","","+0.02","7","98","","29.61","29.59","","36","121","14","13","","","","","","","","","","","","","","","","","","","","","","","","","","","","","","","","","","","","","","","","","","","","","","","","","","","","","","","","","","","","","","","","","","","","","","","","","","","","","","","","","","","","","","","","","","","SYN004BUFR","","","","","","","","","",""
"01009099999","2022-10-07T23:00:00","80.65","25.0","5.0","KARL XII OYA, SV","FM-12","4","","36","38","","","+0.03","7","94","","29.31","29.29","","37","079","34","28","","","","","","","","","","","","","","","","","","","","","","","","","","","","","","","","","","","","","","","","","","","","","","","","","","","","","","","","","","","","","","","","","","","","","","","","","","","","","","","","","","","","","","","","","","","SYN004BUFR","","","","","","","","","",""
"01009099999","2022-10-09T22:00:00","80.65","25.0","5.0","KARL XII OYA, SV","FM-12","4","","30","32","","","-0.06","2","93","","29.36","29.34","","31","025","28","24","","","","","","","","","","","","","","","","","","","","","","","","","","","","","","","","","","","","","","","","","","","","","","","","","","","","","","","","","","","","","","","","","","","","","","","","","","","","","","","","","","","","","","","","","","","SYN004BUFR","","","","","","","","","",""
"01009099999","2022-10-10T00:00:00","80.65","25.0","5.0","KARL XII OYA, SV","FM-12","4","","30","31","","","-0.06","2","95","","29.40","29.38","","31","026","28","23","","","","","","","","","","","","","","","","","","","","","","","","","","","","","","","","","","","","","","","","","","","","","","","","","","","","","","","","","","","","","","","","","","","","","","","","","","","","","","","","","","","","","","","","","","","SYN004BUFR","","","","","","","","","",""
"01009099999","2022-10-11T08:00:00","80.65","25.0","5.0","KARL XII OYA, SV","FM-12","4","","26","30","","","","","83","","29.68","29.65","","29","121","16","13","","","","","","","","","","","","","","","","","","","","","","","","","","","","","","","","","","","","","","","","","","","","","","","","","","","","","","","","","","","","","","","","","","","","","","","","","","","","","","","","","","","","","","","","","","","SYN004BUFR","","","","","","","","","",""
"01009099999","2022-10-11T21:00:00","80.65","25.0","5.0","KARL XII OYA, SV","FM-12","4","","29","32","","","+0.03","7","88","","29.66","29.64","","31","115","30","25","","","","","","","","","","","","","","","","","","","","","","","","","","","","","","","","","","","","","","","","","","","","","","","","","","","","","","","","","","","","","","","","","","","","","","","","","","","","","","","","","","","","","","","","","","","SYN004BUFR","","","","","","","","","",""
"01009099999","2022-10-14T23:00:00","80.65","25.0","5.0","KARL XII OYA, SV","FM-12","4","","18","23","","","-0.03","2","80","","29.73","29.71","","21","321","21","17","","","","","","","","","","","","","","","","","","","","","","","","","","","","","","","","","","","","","","","","","","","","","","","","","","","","","","","","","","","","","","","","","","","","","","","","","","","","","","","","","","","","","","","","","","","SYN004BUFR","","","","","","","","","",""
"01009099999","2022-10-15T22:00:00","80.65","25.0","5.0","KARL XII OYA, SV","FM-12","4","","12","18","","","-0.03","2","76","","30.06","30.04","","16","353","13","9","","","","","","","","","","","","","","","","","","","","","","","","","","","","","","","","","","","","","","","","","","","","","","","","","","","","","","","","","","","","","","","","","","","","","","","","","","","","","","","","","","","","","","","","","","","SYN004BUFR","","","","","","","","","",""
"01009099999","2022-10-16T01:00:00","80.65","25.0","5.0","KARL XII OYA, SV","FM-12","4","","15","20","","","+0.01","7","81","","30.05","30.03","","19","001","13","7","","","","","","","","","","","","","","","","","","","","","","","","","","","","","","","","","","","","","","","","","","","","","","","","","","","","","","","","","","","","","","","","","","","","","","","","","","","","","","","","","","","","","","","","","","","SYN004BUFR","","","","","","","","","",""
"01009099999","2022-10-16T21:00:00","80.65","25.0","5.0","KARL XII OYA, SV","FM-12","4","","19","27","","","+0.04","7","70","","29.76","29.74","","24","193","19","13","","","","","","","","","","","","","","","","","","","","","","","","","","","","","","","","","","","","","","","","","","","","","","","","","","","","","","","","","","","","","","","","","","","","","","","","","","","","","","","","","","","","","","","","","","","SYN004BUFR","","","","","","","","","",""
"01009099999","2022-10-19T09:00:00","80.65","25.0","5.0","KARL XII OYA, SV","FM-12","4","","12","18","","","+0.04","8","77","","29.25","29.23","","16","306","40","32","","","","","","","","","","","","","","","","","","","","","","","","","","","","","","","","","","","","","","","","","","","","","","","","","","","","","","","","","","","","","","","","","","","","","","","","","","","","","","","","","","","","","","","","","","","SYN004BUFR","","","","","","","","","",""
"01009099999","2022-10-19T21:00:00","80.65","25.0","5.0","KARL XII OYA, SV","FM-12","4","","20","25","","","-0.19","3","82","","29.54","29.52","","23","025","34","26","","","","","","","","","","","","","","","","","","","","","","","","","","","","","","","","","","","","","","","","","","","","","","","","","","","","","","","","","","","","","","","","","","","","","","","","","","","","","","","","","","","","","","","","","","","SYN004BUFR","","","","","","","","","",""
"01009099999","2022-10-20T06:00:00","80.65","25.0","5.0","KARL XII OYA, SV","FM-12","4","","22","27","","","-0.12","2","81","","29.92","29.90","","25","018","34","23","","","","","","","","","","","","","","","","","","","","","","","","","","","","","","","","","","","","","","","","","","","","","","","","","","","","","","","","","","","","","","","","","","","","","","","","","","","","","","","","","","","","","","","","","","","SYN004BUFR","","","","","","","","","",""
"01009099999","2022-10-22T21:00:00","80.65","25.0","5.0","KARL XII OYA, SV","FM-12","4","","15","25","","","","","67","","29.71","29.69","","22","085","23","16","","","","","","","","","","","","","","","","","","","","","","","","","","","","","","","","","","","","","","","","","","","","","","","","","","","","","","","","","","","","","","","","","","","","","","","","","","","","","","","","","","","","","","","","","","","SYN004BUFR","","","","","","","","","",""
"01009099999","2022-10-23T00:00:00","80.65","25.0","5.0","KARL XII OYA, SV","FM-12","4","","13","24","","","+0.01","5","63","","29.72","29.70","","21","090","21","17","","","","","","","","","","","","","","","","","","","","","","","","","","","","","","","","","","","","","","","","","","","","","","","","","","","","","","","","","","","","","","","","","","","","","","","","","","","","","","","","","","","","","","","","","","","SYN004BUFR","","","","","","","","","",""
"01009099999","2022-10-23T23:00:00","80.65","25.0","5.0","KARL XII OYA, SV","FM-12","4","","19","26","","","","","75","","29.84","29.82","","24","016","13","11","","","","","","","","","","","","","","","","","","","","","","","","","","","","","","","","","","","","","","","","","","","","","","","","","","","","","","","","","","","","","","","","","","","","","","","","","","","","","","","","","","","","","","","","","","","SYN004BUFR","","","","","","","","","",""
"01009099999","2022-10-24T22:00:00","80.65","25.0","5.0","KARL XII OYA, SV","FM-12","4","","14","20","","","","","77","","29.81","29.80","","18","010","21","17","","","","","","","","","","","","","","","","","","","","","","","","","","","","","","","","","","","","","","","","","","","","","","","","","","","","","","","","","","","","","","","","","","","","","","","","","","","","","","","","","","","","","","","","","","","SYN004BUFR","","","","","","","","","",""
"01009099999","2022-10-25T00:00:00","80.65","25.0","5.0","KARL XII OYA, SV","FM-12","4","","16","21","","","","","80","","29.81","29.79","","20","018","23","18","","","","","","","","","","","","","","","","","","","","","","","","","","","","","","","","","","","","","","","","","","","","","","","","","","","","","","","","","","","","","","","","","","","","","","","","","","","","","","","","","","","","","","","","","","","SYN004BUFR","","","","","","","","","",""
"01009099999","2022-10-25T22:00:00","80.65","25.0","5.0","KARL XII OYA, SV","FM-12","4","","18","22","","","-0.02","2","86","","29.92","29.90","","21","035","27","19","","","","","","","","","","","","","","","","","","","","","","","","","","","","","","","","","","","","","","","","","","","","","","","","","","","","","","","","","","","","","","","","","","","","","","","","","","","","","","","","","","","","","","","","","","","SYN004BUFR","","","","","","","","","",""
"01009099999","2022-10-30T00:00:00","80.65","25.0","5.0","KARL XII OYA, SV","FM-12","4","","25","31","","","-0.07","3","79","","29.34","29.32","","29","086","38","34","","","","","","","","","","","","","","","","","","","","","","","","","","","","","","","","","","","","","","","","","","","","","","","","","","","","","","","","","","","","","","","","","","","","","","","","","","","","","","","","","","","","","","","","","","","SYN004BUFR","","","","","","","","","",""
"01009099999","2022-11-01T21:00:00","80.65","25.0","5.0","KARL XII OYA, SV","FM-12","4","","30","34","","","+0.01","7","85","","29.54","29.52","","32","073","12","9","","","","","","","","","","","","","","","","","","","","","","","","","","","","","","","","","","","","","","","","","","","","","","","","","","","","","","","","","","","","","","","","","","","","","","","","","","","","","","","","","","","","","","","","","","","SYN004BUFR","","","","","","","","","",""
"01009099999","2022-11-05T22:00:00","80.65","25.0","5.0","KARL XII OYA, SV","FM-12","4","","25","31","","","-0.01","2","78","","29.76","29.74","","29","165","","7","","","","","","","","","","","","","","","","","","","","","","","","","","","","","","","","","","","","","","","","","","","","","","","","","","","","","","","","","","","","","","","","","","","","","","","","","","","","","","","","","","","","","","","","","","","SYN004BUFR","","","","","","","","","",""
"01009099999","2022-11-08T22:00:00","80.65","25.0","5.0","KARL XII OYA, SV","FM-12","4","","20","22","","","+0.03","7","91","","29.86","29.84","","21","041","22","19","","","","","","","","","","","","","","","","","","","","","","","","","","","","","","","","","","","","","","","","","","","","","","","","","","","","","","","","","","","","","","","","","","","","","","","","","","","","","","","","","","","","","","","","","","","SYN004BUFR","","","","","","","","","",""
"01009099999","2022-11-12T21:00:00","80.65","25.0","5.0","KARL XII OYA, SV","FM-12","4","","14","19","","","-0.05","2","81","","29.88","29.86","","18","282","32","23","","","","","","","","","","","","","","","","","","","","","","","","","","","","","","","","","","","","","","","","","","","","","","","","","","","","","","","","","","","","","","","","","","","","","","","","","","","","","","","","","","","","","","","","","","","SYN004BUFR","","","","","","","","","",""
"01009099999","2022-11-12T23:00:00","80.65","25.0","5.0","KARL XII OYA, SV","FM-12","4","","16","20","","","-0.04","2","85","","29.90","29.88","","19","285","28","24","","","","","","","","","","","","","","","","","","","","","","","","","","","","","","","","","","","","","","","","","","","","","","","","","","","","","","","","","","","","","","","","","","","","","","","","","","","","","","","","","","","","","","","","","","","SYN004BUFR","","","","","","","","","",""
"01009099999","2022-11-20T21:00:00","80.65","25.0","5.0","KARL XII OYA, SV","FM-12","4","","32","36","","","+0.01","7","84","","29.84","29.82","","34","253","26","23","","","","","","","","","","","","","","","","","","","","","","","","","","","","","","","","","","","","","","","","","","","","","","","","","","","","","","","","","","","","","","","","","","","","","","","","","","","","","","","","","","","","","","","","","","","SYN004BUFR","","","","","","","","","",""
"01009099999","2022-11-21T21:00:00","80.65","25.0","5.0","KARL XII OYA, SV","FM-12","4","","16","20","","","","","85","","30.08","30.06","","19","171","","1","","","","","","","","","","","","","","","","","","","","","","","","","","","","","","","","","","","","","","","","","","","","","","","","","","","","","","","","","","","","","","","","","","","","","","","","","","","","","","","","","","","","","","","","","","","SYN004BUFR","","","","","","","","","",""
"01009099999","2022-11-22T06:00:00","80.65","25.0","5.0","KARL XII OYA, SV","FM-12","4","","28","32","","","+0.02","7","85","","30.04","30.02","","31","219","13","11","","","","","","","","","","","","","","","","","","","","","","","","","","","","","","","","","","","","","","","","","","","","","","","","","","","","","","","","","","","","","","","","","","","","","","","","","","","","","","","","","","","","","","","","","","","SYN004BUFR","","","","","","","","","",""
"01009099999","2022-11-23T13:00:00","80.65","25.0","5.0","KARL XII OYA, SV","FM-12","4","","17","19","","","-0.03","3","92","","30.02","30.00","","18","333","13","9","","","","","","","","","","","","","","","","","","","","","","","","","","","","","","","","","","","","","","","","","","","","","","","","","","","","","","","","","","","","","","","","","","","","","","","","","","","","","","","","","","","","","","","","","","","SYN004BUFR","","","","","","","","","",""
"01009099999","2022-11-23T21:00:00","80.65","25.0","5.0","KARL XII OYA, SV","FM-12","4","","17","19","","","-0.01","2","92","","30.07","30.05","","18","036","","8","","","","","","","","","","","","","","","","","","","","","","","","","","","","","","","","","","","","","","","","","","","","","","","","","","","","","","","","","","","","","","","","","","","","","","","","","","","","","","","","","","","","","","","","","","","SYN004BUFR","","","","","","","","","",""
"01009099999","2022-11-24T21:00:00","80.65","25.0","5.0","KARL XII OYA, SV","FM-12","4","","26","28","","","+0.05","6","92","","29.98","29.96","","27","054","13","10","","","","","","","","","","","","","","","","","","","","","","","","","","","","","","","","","","","","","","","","","","","","","","","","","","","","","","","","","","","","","","","","","","","","","","","","","","","","","","","","","","","","","","","","","","","SYN004BUFR","","","","","","","","","",""
"01009099999","2022-11-29T21:00:00","80.65","25.0","5.0","KARL XII OYA, SV","FM-12","4","","33","39","","","","","80","","29.92","29.91","","37","191","29","25","","","","","","","","","","","","","","","","","","","","","","","","","","","","","","","","","","","","","","","","","","","","","","","","","","","","","","","","","","","","","","","","","","","","","","","","","","","","","","","","","","","","","","","","","","","SYN004BUFR","","","","","","","","","",""
"01009099999","2022-11-30T00:00:00","80.65","25.0","5.0","KARL XII OYA, SV","FM-12","4","","34","39","","","+0.02","8","81","","29.91","29.88","","37","192","32","23","","","","","","","","","","","","","","","","","","","","","","","","","","","","","","","","","","","","","","","","","","","","","","","","","","","","","","","","","","","","","","","","","","","","","","","","","","","","","","","","","","","","","","","","","","","SYN004BUFR","","","","","","","","","",""
"01009099999","2022-11-30T21:00:00","80.65","25.0","5.0","KARL XII OYA, SV","FM-12","4","","29","36","","","","","76","","30.01","29.99","","33","224","18","15","","","","","","","","","","","","","","","","","","","","","","","","","","","","","","","","","","","","","","","","","","","","","","","","","","","","","","","","","","","","","","","","","","","","","","","","","","","","","","","","","","","","","","","","","","","SYN004BUFR","","","","","","","","","",""
"01009099999","2022-12-02T21:00:00","80.65","25.0","5.0","KARL XII OYA, SV","FM-12","4","","32","40","","","-0.00","0","75","","30.22","30.21","","37","232","36","26","","","","","","","","","","","","","","","","","","","","","","","","","","","","","","","","","","","","","","","","","","","","","","","","","","","","","","","","","","","","","","","","","","","","","","","","","","","","","","","","","","","","","","","","","","","SYN004BUFR","","","","","","","","","",""
"01009099999","2022-12-03T01:00:00","80.65","25.0","5.0","KARL XII OYA, SV","FM-12","4","","33","38","","","+0.04","6","80","","30.19","30.17","","36","215","27","20","","","","","","","","","","","","","","","","","","","","","","","","","","","","","","","","","","","","","","","","","","","","","","","","","","","","","","","","","","","","","","","","","","","","","","","","","","","","","","","","","","","","","","","","","","","SYN004BUFR","","","","","","","","","",""
"01009099999","2022-12-04T01:00:00","80.65","25.0","5.0","KARL XII OYA, SV","FM-12","4","","22","27","","","+0.02","6","83","","29.98","29.96","","25","256","27","23","","","","","","","","","","","","","","","","","","","","","","","","","","","","","","","","","","","","","","","","","","","","","","","","","","","","","","","","","","","","","","","","","","","","","","","","","","","","","","","","","","","","","","","","","","","SYN004BUFR","","","","","","","","","",""
"01009099999","2022-12-06T21:00:00","80.65","25.0","5.0","KARL XII OYA, SV","FM-12","4","","5","8","","","+0.01","5","88","","30.54","30.52","","7","001","20","15","","","","","","","","","","","","","","","","","","","","","","","","","","","","","","","","","","","","","","","","","","","","","","","","","","","","","","","","","","","","","","","","","","","","","","","","","","","","","","","","","","","","","","","","","","","SYN004BUFR","","","","","","","","","",""
"01009099999","2022-12-09T21:00:00","80.65","25.0","5.0","KARL XII OYA, SV","FM-12","4","","15","21","","","+0.01","7","76","","30.35","30.32","","19","341","","1","","","","","","","","","","","","","","","","","","","","","","","","","","","","","","","","","","","","","","","","","","","","","","","","","","","","","","","","","","","","","","","","","","","","","","","","","","","","","","","","","","","","","","","","","","","SYN004BUFR","","","","","","","","","",""
"01009099999","2022-12-18T21:00:00","80.65","25.0","5.0","KARL XII OYA, SV","FM-12","4","","9","12","","","-0.06","3","88","","29.89","29.87","","11","026","28","24","","","","","","","","","","","","","","","","","","","","","","","","","","","","","","","","","","","","","","","","","","","","","","","","","","","","","","","","","","","","","","","","","","","","","","","","","","","","","","","","","","","","","","","","","","","SYN004BUFR","","","","","","","","","",""
"01009099999","2022-12-18T23:00:00","80.65","25.0","5.0","KARL XII OYA, SV","FM-12","4","","8","11","","","-0.05","2","88","","29.93","29.91","","10","015","25","21","","","","","","","","","","","","","","","","","","","","","","","","","","","","","","","","","","","","","","","","","","","","","","","","","","","","","","","","","","","","","","","","","","","","","","","","","","","","","","","","","","","","","","","","","","","SYN004BUFR","","","","","","","","","",""
"01009099999","2022-12-23T23:00:00","80.65","25.0","5.0","KARL XII OYA, SV","FM-12","4","","-6","-2","","","-0.05","2","83","","29.69","29.67","","-3","","","","","","","","","","","","","","","","","","","","","","","","","","","","","","","","","","","","","","","","","","","","","","","","","","","","","","","","","","","","","","","","","","","","","","","","","","","","","","","","","","","","","","","","","","","","","","SYN004BUFR","","","","","","","","","",""
"01009099999","2022-12-24T01:00:00","80.65","25.0","5.0","KARL XII OYA, SV","FM-12","4","","-9","-5","","","-0.04","2","81","","29.72","29.70","","-6","","","","","","","","","","","","","","","","","","","","","","","","","","","","","","","","","","","","","","","","","","","","","","","","","","","","","","","","","","","","","","","","","","","","","","","","","","","","","","","","","","","","","","","","","","","","","","SYN004BUFR","","","","","","","","","",""
"01009099999","2022-12-26T23:00:00","80.65","25.0","5.0","KARL XII OYA, SV","FM-12","4","","7","9","","","+0.05","7","89","","29.82","29.80","","9","087","25","22","","","","","","","","","","","","","","","","","","","","","","","","","","","","","","","","","","","","","","","","","","","","","","","","","","","","","","","","","","","","","","","","","","","","","","","","","","","","","","","","","","","","","","","","","","","SYN004BUFR","","","","","","","","","",""
"01009099999","2022-12-27T01:00:00","80.65","25.0","5.0","KARL XII OYA, SV","FM-12","4","","8","11","","","+0.06","7","89","","29.78","29.76","","10","097","31","24","","","","","","","","","","","","","","","","","","","","","","","","","","","","","","","","","","","","","","","","","","","","","","","","","","","","","","","","","","","","","","","","","","","","","","","","","","","","","","","","","","","","","","","","","","","SYN004BUFR","","","","","","","","","",""
"01009099999","2022-12-27T22:00:00","80.65","25.0","5.0","KARL XII OYA, SV","FM-12","4","","24","27","","","+0.04","7","89","","29.44","29.42","","26","134","37","29","","","","","","","","","","","","","","","","","","","","","","","","","","","","","","","","","","","","","","","","","","","","","","","","","","","","","","","","","","","","","","","","","","","","","","","","","","","","","","","","","","","","","","","","","","","SYN004BUFR","","","","","","","","","",""
"01009099999","2022-12-28T22:00:00","80.65","25.0","5.0","KARL XII OYA, SV","FM-12","4","","28","32","","","","","85","","29.03","29.01","","30","150","28","22","","","","","","","","","","","","","","","","","","","","","","","","","","","","","","","","","","","","","","","","","","","","","","","","","","","","","","","","","","","","","","","","","","","","","","","","","","","","","","","","","","","","","","","","","","","SYN004BUFR","","","","","","","","","",""
"01009099999","2022-12-30T22:00:00","80.65","25.0","5.0","KARL XII OYA, SV","FM-12","4","","8","10","","","-0.01","2","89","","29.52","29.50","","10","028","12","11","","","","","","","","","","","","","","","","","","","","","","","","","","","","","","","","","","","","","","","","","","","","","","","","","","","","","","","","","","","","","","","","","","","","","","","","","","","","","","","","","","","","","","","","","","","SYN004BUFR","","","","","","","","","",""
"01009099999","2022-12-31T01:00:00","80.65","25.0","5.0","KARL XII OYA, SV","FM-12","4","","15","17","","","+0.04","7","92","","29.48","29.46","","16","059","25","16","","","","","","","","","","","","","","","","","","","","","","","","","","","","","","","","","","","","","","","","","","","","","","","","","","","","","","","","","","","","","","","","","","","","","","","","","","","","","","","","","","","","","","","","","","","SYN004BUFR","","","","","","","","","",""
