"STATION","DATE","LATITUDE","LONGITUDE","ELEVATION","NAME","REPORT_TYPE","SOURCE","HourlyAltimeterSetting","HourlyDewPointTemperature","HourlyDryBulbTemperature","HourlyPrecipitation","HourlyPresentWeatherType","HourlyPressureChange","HourlyPressureTendency","HourlyRelativeHumidity","HourlySkyConditions","HourlySeaLevelPressure","HourlyStationPressure","HourlyVisibility","HourlyWetBulbTemperature","HourlyWindDirection","HourlyWindGustSpeed","HourlyWindSpeed","Sunrise","Sunset","DailyAverageDewPointTemperature","DailyAverageDryBulbTemperature","DailyAverageRelativeHumidity","DailyAverageSeaLevelPressure","DailyAverageStationPressure","DailyAverageWetBulbTemperature","DailyAverageWindSpeed","DailyCoolingDegreeDays","DailyDepartureFromNormalAverageTemperature","DailyHeatingDegreeDays","DailyMaximumDryBulbTemperature","DailyMinimumDryBulbTemperature","DailyPeakWindDirection","DailyPeakWindSpeed","DailyPrecipitation","DailySnowDepth","DailySnowfall","DailySustainedWindDirection","DailySustainedWindSpeed","DailyWeather","MonthlyAverageRH","MonthlyDaysWithGT001Precip","MonthlyDaysWithGT010Precip","MonthlyDaysWithGT32Temp","MonthlyDaysWithGT90Temp","MonthlyDaysWithLT0Temp","MonthlyDaysWithLT32Temp","MonthlyDepartureFromNormalAverageTemperature","MonthlyDepartureFromNormalCoolingDegreeDays","MonthlyDepartureFromNormalHeatingDegreeDays","MonthlyDepartureFromNormalMaximumTemperature","MonthlyDepartureFromNormalMinimumTemperature","MonthlyDepartureFromNormalPrecipitation","MonthlyDewpointTemperature","MonthlyGreatestPrecip","MonthlyGreatestPrecipDate","MonthlyGreatestSnowDepth","MonthlyGreatestSnowDepthDate","MonthlyGreatestSnowfall","MonthlyGreatestSnowfallDate","MonthlyMaxSeaLevelPressureValue","MonthlyMaxSeaLevelPressureValueDate","MonthlyMaxSeaLevelPressureValueTime","MonthlyMaximumTemperature","MonthlyMeanTemperature","MonthlyMinSeaLevelPressureValue","MonthlyMinSeaLevelPressureValueDate","MonthlyMinSeaLevelPressureValueTime","MonthlyMinimumTemperature","MonthlySeaLevelPressure","MonthlyStationPressure","MonthlyTotalLiquidPrecipitation","MonthlyTotalSnowfall","MonthlyWetBulb","AWND","CDSD","CLDD","DSNW","HDSD","HTDD","DYTS","DYHF","NormalsCoolingDegreeDay","NormalsHeatingDegreeDay","ShortDurationEndDate005","ShortDurationEndDate010","ShortDurationEndDate015","ShortDurationEndDate020","ShortDurationEndDate030","ShortDurationEndDate045","ShortDurationEndDate060","ShortDurationEndDate080","ShortDurationEndDate100","ShortDurationEndDate120","ShortDurationEndDate150","ShortDurationEndDate180","ShortDurationPrecipitationValue005","ShortDurationPrecipitationValue010","ShortDurationPrecipitationValue015","ShortDurationPrecipitationValue020","ShortDurationPrecipitationValue030","ShortDurationPrecipitationValue045","ShortDurationPrecipitationValue060","ShortDurationPrecipitationValue080","ShortDurationPrecipitationValue100","ShortDurationPrecipitationValue120","ShortDurationPrecipitationValue150","ShortDurationPrecipitationValue180","REM","BackupDirection","BackupDistance","BackupDistanceUnit","BackupElements","BackupElevation","BackupEquipment","BackupLatitude","BackupLongitude","BackupName","WindEquipmentChangeDate"
"01015099999","2022-01-14T04:00:00","69.6","17.8333333","14.0","HEKKINGEN FYR, NO","FM-12","4","","27","36","","","","","72","","","","","","282","33","25","","","","","","","","","","","","","","","","","","","","","","","","","","","","","","","","","","","","","","","","","","","","","","","","","","","","","","","","","","","","","","","","","","","","","","","","","","","","","","","","","","","","","","","","","","","SYN004BUFR","","","","","","","","","",""
"01015099999","2022-01-20T13:00:00","69.6","17.8333333","14.0","HEKKINGEN FYR, NO","FM-12","4","","31","32","","","","","94","","","","","","350","50","32","","","","","","","","","","","","","","","","","","","","","","","","","","","","","","","","","","","","","","","","","","","","","","","","","","","","","","","","","","","","","","","","","","","","","","","","","","","","","","","","","","","","","","","","","","","SYN004BUFR","","","","","","","","","",""
"01015099999","2022-01-30T08:00:00","69.6","17.8333333","14.0","HEKKINGEN FYR, NO","FM-12","4","","20","27","","","","","74","","","","","","142","12","9","","","","","","","","","","","","","","","","","","","","","","","","","","","","","","","","","","","","","","","","","","","","","","","","","","","","","","","","","","","","","","","","","","","","","","","","","","","","","","","","","","","","","","","","","","","SYN004BUFR","","","","","","","","","",""
"01015099999","2022-01-30T20:00:00","69.6","17.8333333","14.0","HEKKINGEN FYR, NO","FM-12","4","","18","24","","","","","78","","","","","","146","29","24","","","","","","","","","","","","","","","","","","","","","","","","","","","","","","","","","","","","","","","","","","","","","","","","","","","","","","","","","","","","","","","","","","","","","","","","","","","","","","","","","","","","","","","","","","","SYN004BUFR","","","","","","","","","",""
"01015099999","2022-02-10T14:00:00","69.6","17.8333333","14.0","HEKKINGEN FYR, NO","FM-12","4","","20","29","","","","","70","","","","","","141","24","19","","","","","","","","","","","","","","","","","","","","","","","","","","","","","","","","","","","","","","","","","","","","","","","","","","","","","","","","","","","","","","","","","","","","","","","","","","","","","","","","","","","","","","","","","","","SYN004BUFR","","","","","","","","","",""
"01015099999","2022-02-17T07:00:00","69.6","17.8333333","14.0","HEKKINGEN FYR, NO","FM-12","4","","16","26","","","","","64","","","","","","140","22","16","","","","","","","","","","","","","","","","","","","","","","","","","","","","","","","","","","","","","","","","","","","","","","","","","","","","","","","","","","","","","","","","","","","","","","","","","","","","","","","","","","","","","","","","","","","SYN004BUFR","","","","","","","","","",""
"01015099999","2022-02-17T15:00:00","69.6","17.8333333","14.0","HEKKINGEN FYR, NO","FM-12","4","","17","28","","","","","63","","","","","","159","26","13","","","","","","","","","","","","","","","","","","","","","","","","","","","","","","","","","","","","","","","","","","","","","","","","","","","","","","","","","","","","","","","","","","","","","","","","","","","","","","","","","","","","","","","","","","","SYN004BUFR","","","","","","","","","",""
"01015099999","2022-02-17T16:00:00","69.6","17.8333333","14.0","HEKKINGEN FYR, NO","FM-12","4","","17","28","","","","","61","","","","","","155","24","14","","","","","","","","","","","","","","","","","","","","","","","","","","","","","","","","","","","","","","","","","","","","","","","","","","","","","","","","","","","","","","","","","","","","","","","","","","","","","","","","","","","","","","","","","","","SYN004BUFR","","","","","","","","","",""
"01015099999","2022-02-17T17:00:00","69.6","17.8333333","14.0","HEKKINGEN FYR, NO","FM-12","4","","18","28","","","","","64","","","","","","149","26","15","","","","","","","","","","","","","","","","","","","","","","","","","","","","","","","","","","","","","","","","","","","","","","","","","","","","","","","","","","","","","","","","","","","","","","","","","","","","","","","","","","","","","","","","","","","SYN004BUFR","","","","","","","","","",""
"01015099999","2022-02-17T18:00:00","69.6","17.8333333","14.0","HEKKINGEN FYR, NO","FM-12","4","","18","28","","","","","64","","","","","","148","25","17","","","","","","","","","","","","","","","","","","","","","","","","","","","","","","","","","","","","","","","","","","","","","","","","","","","","","","","","","","","","","","","","","","","","","","","","","","","","","","","","","","","","","","","","","","","SYN004BUFR","","","","","","","","","",""
"01015099999","2022-02-20T09:00:00","69.6","17.8333333","14.0","HEKKINGEN FYR, NO","FM-12","4","","15","24","","","","","67","","","","","","160","14","7","","","","","","","","","","","","","","","","","","","","","","","","","","","","","","","","","","","","","","","","","","","","","","","","","","","","","","","","","","","","","","","","","","","","","","","","","","","","","","","","","","","","","","","","","","","SYN004BUFR","","","","","","","","","",""
"01015099999","2022-02-20T10:00:00","69.6","17.8333333","14.0","HEKKINGEN FYR, NO","FM-12","4","","15","25","","","","","65","","","","","","148","15","10","","","","","","","","","","","","","","","","","","","","","","","","","","","","","","","","","","","","","","","","","","","","","","","","","","","","","","","","","","","","","","","","","","","","","","","","","","","","","","","","","","","","","","","","","","","SYN004BUFR","","","","","","","","","",""
"01015099999","2022-02-22T03:00:00","69.6","17.8333333","14.0","HEKKINGEN FYR, NO","FM-12","4","","14","22","","","","","72","","","","","","138","15","10","","","","","","","","","","","","","","","","","","","","","","","","","","","","","","","","","","","","","","","","","","","","","","","","","","","","","","","","","","","","","","","","","","","","","","","","","","","","","","","","","","","","","","","","","","","SYN004BUFR","","","","","","","","","",""
"01015099999","2022-02-24T14:00:00","69.6","17.8333333","14.0","HEKKINGEN FYR, NO","FM-12","4","","19","32","","","","","59","","","","","","143","30","23","","","","","","","","","","","","","","","","","","","","","","","","","","","","","","","","","","","","","","","","","","","","","","","","","","","","","","","","","","","","","","","","","","","","","","","","","","","","","","","","","","","","","","","","","","","SYN004BUFR","","","","","","","","","",""
"01015099999","2022-02-24T20:00:00","69.6","17.8333333","14.0","HEKKINGEN FYR, NO","FM-12","4","","27","29","","","","","95","","","","","","129","25","17","","","","","","","","","","","","","","","","","","","","","","","","","","","","","","","","","","","","","","","","","","","","","","","","","","","","","","","","","","","","","","","","","","","","","","","","","","","","","","","","","","","","","","","","","","","SYN004BUFR","","","","","","","","","",""
"01015099999","2022-02-26T15:00:00","69.6","17.8333333","14.0","HEKKINGEN FYR, NO","FM-12","4","","20","30","","","","","67","","","","","","154","30","24","","","","","","","","","","","","","","","","","","","","","","","","","","","","","","","","","","","","","","","","","","","","","","","","","","","","","","","","","","","","","","","","","","","","","","","","","","","","","","","","","","","","","","","","","","","SYN004BUFR","","","","","","","","","",""
"01015099999","2022-02-27T13:00:00","69.6","17.8333333","14.0","HEKKINGEN FYR, NO","FM-12","4","","33","46","","","","","62","","","","","","229","53","19","","","","","","","","","","","","","","","","","","","","","","","","","","","","","","","","","","","","","","","","","","","","","","","","","","","","","","","","","","","","","","","","","","","","","","","","","","","","","","","","","","","","","","","","","","","SYN004BUFR","","","","","","","","","",""
"01015099999","2022-02-28T18:00:00","69.6","17.8333333","14.0","HEKKINGEN FYR, NO","FM-12","4","","32","37","","","","","82","","","","","","133","27","17","","","","","","","","","","","","","","","","","","","","","","","","","","","","","","","","","","","","","","","","","","","","","","","","","","","","","","","","","","","","","","","","","","","","","","","","","","","","","","","","","","","","","","","","","","","SYN004BUFR","","","","","","","","","",""
"01015099999","2022-03-07T00:00:00","69.6","17.8333333","14.0","HEKKINGEN FYR, NO","FM-12","4","","29","32","","","","","87","","","","","","141","18","15","","","","","","","","","","","","","","","","","","","","","","","","","","","","","","","","","","","","","","","","","","","","","","","","","","","","","","","","","","","","","","","","","","","","","","","","","","","","","","","","","","","","","","","","","","","SYN004BUFR","","","","","","","","","",""
"01015099999","2022-03-07T16:00:00","69.6","17.8333333","14.0","HEKKINGEN FYR, NO","FM-12","4","","31","35","","","","","85","","","","","","252","29","15","","","","","","","","","","","","","","","","","","","","","","","","","","","","","","","","","","","","","","","","","","","","","","","","","","","","","","","","","","","","","","","","","","","","","","","","","","","","","","","","","","","","","","","","","","","SYN004BUFR","","","","","","","","","",""
"01015099999","2022-03-09T17:00:00","69.6","17.8333333","14.0","HEKKINGEN FYR, NO","FM-12","4","","25","38","","","","","61","","","","","","144","32","25","","","","","","","","","","","","","","","","","","","","","","","","","","","","","","","","","","","","","","","","","","","","","","","","","","","","","","","","","","","","","","","","","","","","","","","","","","","","","","","","","","","","","","","","","","","SYN004BUFR","","","","","","","","","",""
"01015099999","2022-03-10T17:00:00","69.6","17.8333333","14.0","HEKKINGEN FYR, NO","FM-12","4","","31","42","","","","","66","","","","","","239","71","25","","","","","","","","","","","","","","","","","","","","","","","","","","","","","","","","","","","","","","","","","","","","","","","","","","","","","","","","","","","","","","","","","","","","","","","","","","","","","","","","","","","","","","","","","","","SYN004BUFR","","","","","","","","","",""
"01015099999","2022-03-10T18:00:00","69.6","17.8333333","14.0","HEKKINGEN FYR, NO","FM-12","4","","29","43","","","","","59","","","","","","254","56","26","","","","","","","","","","","","","","","","","","","","","","","","","","","","","","","","","","","","","","","","","","","","","","","","","","","","","","","","","","","","","","","","","","","","","","","","","","","","","","","","","","","","","","","","","","","SYN004BUFR","","","","","","","","","",""
"01015099999","2022-03-14T15:00:00","69.6","17.8333333","14.0","HEKKINGEN FYR, NO","FM-12","4","","26","43","","","","","51","","","","","","155","23","17","","","","","","","","","","","","","","","","","","","","","","","","","","","","","","","","","","","","","","","","","","","","","","","","","","","","","","","","","","","","","","","","","","","","","","","","","","","","","","","","","","","","","","","","","","","SYN004BUFR","","","","","","","","","",""
"01015099999","2022-03-20T12:00:00","69.6","17.8333333","14.0","HEKKINGEN FYR, NO","FM-12","4","","27","54","","","","","34","","","","","","267","38","12","","","","","","","","","","","","","","","","","","","","","","","","","","","","","","","","","","","","","","","","","","","","","","","","","","","","","","","","","","","","","","","","","","","","","","","","","","","","","","","","","","","","","","","","","","","SYN004BUFR","","","","","","","","","",""
"01015099999","2022-03-21T16:00:00","69.6","17.8333333","14.0","HEKKINGEN FYR, NO","FM-12","4","","27","38","","","","","65","","","","","","277","53","34","","","","","","","","","","","","","","","","","","","","","","","","","","","","","","","","","","","","","","","","","","","","","","","","","","","","","","","","","","","","","","","","","","","","","","","","","","","","","","","","","","","","","","","","","","","SYN004BUFR","","","","","","","","","",""
"01015099999","2022-03-23T00:00:00","69.6","17.8333333","14.0","HEKKINGEN FYR, NO","FM-12","4","","33","35","","","","","95","","","","","","","60","15","","","","","","","","","","","","","","","","","","","","","","","","","","","","","","","","","","","","","","","","","","","","","","","","","","","","","","","","","","","","","","","","","","","","","","","","","","","","","","","","","","","","","","","","","","","SYN004BUFR","","","","","","","","","",""
"01015099999","2022-03-31T06:00:00","69.6","17.8333333","14.0","HEKKINGEN FYR, NO","FM-12","4","","22","26","","","","","86","","","","","","038","26","13","","","","","","","","","","","","","","","","","","","","","","","","","","","","","","","","","","","","","","","","","","","","","","","","","","","","","","","","","","","","","","","","","","","","","","","","","","","","","","","","","","","","","","","","","","","SYN004BUFR","","","","","","","","","",""
"01015099999","2022-10-16T08:00:00","69.6","17.8333333","14.0","HEKKINGEN FYR, NO","FM-12","4","","41","45","","","","","86","","","","","","145","19","11","","","","","","","","","","","","","","","","","","","","","","","","","","","","","","","","","","","","","","","","","","","","","","","","","","","","","","","","","","","","","","","","","","","","","","","","","","","","","","","","","","","","","","","","","","","SYN004BUFR","","","","","","","","","",""
"01015099999","2022-10-17T17:00:00","69.6","17.8333333","14.0","HEKKINGEN FYR, NO","FM-12","4","","34","40","","","","","77","","","","","","321","25","16","","","","","","","","","","","","","","","","","","","","","","","","","","","","","","","","","","","","","","","","","","","","","","","","","","","","","","","","","","","","","","","","","","","","","","","","","","","","","","","","","","","","","","","","","","","SYN004BUFR","","","","","","","","","",""
"01015099999","2022-10-19T08:00:00","69.6","17.8333333","14.0","HEKKINGEN FYR, NO","FM-12","4","","37","46","","","","","72","","","","","","259","46","25","","","","","","","","","","","","","","","","","","","","","","","","","","","","","","","","","","","","","","","","","","","","","","","","","","","","","","","","","","","","","","","","","","","","","","","","","","","","","","","","","","","","","","","","","","","SYN004BUFR","","","","","","","","","",""
"01015099999","2022-10-19T09:00:00","69.6","17.8333333","14.0","HEKKINGEN FYR, NO","FM-12","4","","40","45","","","","","83","","","","","","256","57","30","","","","","","","","","","","","","","","","","","","","","","","","","","","","","","","","","","","","","","","","","","","","","","","","","","","","","","","","","","","","","","","","","","","","","","","","","","","","","","","","","","","","","","","","","","","SYN004BUFR","","","","","","","","","",""
"01015099999","2022-10-19T10:00:00","69.6","17.8333333","14.0","HEKKINGEN FYR, NO","FM-12","4","","40","45","","","","","83","","","","","","267","46","31","","","","","","","","","","","","","","","","","","","","","","","","","","","","","","","","","","","","","","","","","","","","","","","","","","","","","","","","","","","","","","","","","","","","","","","","","","","","","","","","","","","","","","","","","","","SYN004BUFR","","","","","","","","","",""
"01015099999","2022-10-20T12:00:00","69.6","17.8333333","14.0","HEKKINGEN FYR, NO","FM-12","4","","35","40","","","","","81","","","","","","009","13","9","","","","","","","","","","","","","","","","","","","","","","","","","","","","","","","","","","","","","","","","","","","","","","","","","","","","","","","","","","","","","","","","","","","","","","","","","","","","","","","","","","","","","","","","","","","SYN004BUFR","","","","","","","","","",""
"01015099999","2022-10-25T10:00:00","69.6","17.8333333","14.0","HEKKINGEN FYR, NO","FM-12","4","","21","35","","","","","57","","","","","","150","19","12","","","","","","","","","","","","","","","","","","","","","","","","","","","","","","","","","","","","","","","","","","","","","","","","","","","","","","","","","","","","","","","","","","","","","","","","","","","","","","","","","","","","","","","","","","","SYN004BUFR","","","","","","","","","",""
"01015099999","2022-10-28T11:00:00","69.6","17.8333333","14.0","HEKKINGEN FYR, NO","FM-12","4","","36","41","","","","","83","","","","","","145","23","18","","","","","","","","","","","","","","","","","","","","","","","","","","","","","","","","","","","","","","","","","","","","","","","","","","","","","","","","","","","","","","","","","","","","","","","","","","","","","","","","","","","","","","","","","","","SYN004BUFR","","","","","","","","","",""
"01015099999","2022-10-28T21:00:00","69.6","17.8333333","14.0","HEKKINGEN FYR, NO","FM-12","4","","37","44","","","","","78","","","","","","350","","0","","","","","","","","","","","","","","","","","","","","","","","","","","","","","","","","","","","","","","","","","","","","","","","","","","","","","","","","","","","","","","","","","","","","","","","","","","","","","","","","","","","","","","","","","","","SYN004BUFR","","","","","","","","","",""
"01015099999","2022-11-13T22:00:00","69.6","17.8333333","14.0","HEKKINGEN FYR, NO","FM-12","4","","38","40","","","","","91","","","","","","142","22","16","","","","","","","","","","","","","","","","","","","","","","","","","","","","","","","","","","","","","","","","","","","","","","","","","","","","","","","","","","","","","","","","","","","","","","","","","","","","","","","","","","","","","","","","","","","SYN004BUFR","","","","","","","","","",""
"01015099999","2022-12-03T07:00:00","69.6","17.8333333","14.0","HEKKINGEN FYR, NO","FM-12","4","","24","32","","","","","70","","","","","","146","27","21","","","","","","","","","","","","","","","","","","","","","","","","","","","","","","","","","","","","","","","","","","","","","","","","","","","","","","","","","","","","","","","","","","","","","","","","","","","","","","","","","","","","","","","","","","","SYN004BUFR","","","","","","","","","",""
"01015099999","2022-12-07T16:00:00","69.6","17.8333333","14.0","HEKKINGEN FYR, NO","FM-12","4","","27","32","","","","","83","","","","","","149","","4","","","","","","","","","","","","","","","","","","","","","","","","","","","","","","","","","","","","","","","","","","","","","","","","","","","","","","","","","","","","","","","","","","","","","","","","","","","","","","","","","","","","","","","","","","","SYN004BUFR","","","","","","","","","",""
"01015099999","2022-12-09T06:00:00","69.6","17.8333333","14.0","HEKKINGEN FYR, NO","FM-12","4","","17","33","","","","","52","","","","","","078","20","15","","","","","","","","","","","","","","","","","","","","","","","","","","","","","","","","","","","","","","","","","","","","","","","","","","","","","","","","","","","","","","","","","","","","","","","","","","","","","","","","","","","","","","","","","","","SYN004BUFR","","","","","","","","","",""
"01015099999","2022-12-14T10:00:00","69.6","17.8333333","14.0","HEKKINGEN FYR, NO","FM-12","4","","26","30","","","","","85","","","","","","259","","2","","","","","","","","","","","","","","","","","","","","","","","","","","","","","","","","","","","","","","","","","","","","","","","","","","","","","","","","","","","","","","","","","","","","","","","","","","","","","","","","","","","","","","","","","","","SYN004BUFR","","","","","","","","","",""
"01015099999","2022-12-16T10:00:00","69.6","17.8333333","14.0","HEKKINGEN FYR, NO","FM-12","4","","25","30","","","","","81","","","","","","157","","3","","","","","","","","","","","","","","","","","","","","","","","","","","","","","","","","","","","","","","","","","","","","","","","","","","","","","","","","","","","","","","","","","","","","","","","","","","","","","","","","","","","","","","","","","","","SYN004BUFR","","","","","","","","","",""
"01015099999","2022-12-17T04:00:00","69.6","17.8333333","14.0","HEKKINGEN FYR, NO","FM-12","4","","24","28","","","","","83","","","","","","150","24","18","","","","","","","","","","","","","","","","","","","","","","","","","","","","","","","","","","","","","","","","","","","","","","","","","","","","","","","","","","","","","","","","","","","","","","","","","","","","","","","","","","","","","","","","","","","SYN004BUFR","","","","","","","","","",""
"01015099999","2022-12-18T23:00:00","69.6","17.8333333","14.0","HEKKINGEN FYR, NO","FM-12","4","","17","29","","","","","61","","","","","","145","23","17","","","","","","","","","","","","","","","","","","","","","","","","","","","","","","","","","","","","","","","","","","","","","","","","","","","","","","","","","","","","","","","","","","","","","","","","","","","","","","","","","","","","","","","","","","","SYN004BUFR","","","","","","","","","",""
"01015099999","2022-12-28T10:00:00","69.6","17.8333333","14.0","HEKKINGEN FYR, NO","FM-12","4","","25","33","","","","","71","","","","","","300","34","19","","","","","","","","","","","","","","","","","","","","","","","","","","","","","","","","","","","","","","","","","","","","","","","","","","","","","","","","","","","","","","","","","","","","","","","","","","","","","","","","","","","","","","","","","","","SYN004BUFR","","","","","","","","","",""
"01015099999","2022-12-28T12:00:00","69.6","17.8333333","14.0","HEKKINGEN FYR, NO","FM-12","4","","18","33","","","","","54","","","","","","249","31","19","","","","","","","","","","","","","","","","","","","","","","","","","","","","","","","","","","","","","","","","","","","","","","","","","","","","","","","","","","","","","","","","","","","","","","","","","","","","","","","","","","","","","","","","","","","SYN004BUFR","","","","","","","","","",""
