"STATION","DATE","LATITUDE","LONGITUDE","ELEVATION","NAME","REPORT_TYPE","SOURCE","HourlyAltimeterSetting","HourlyDewPointTemperature","HourlyDryBulbTemperature","HourlyPrecipitation","HourlyPresentWeatherType","HourlyPressureChange","HourlyPressureTendency","HourlyRelativeHumidity","HourlySkyConditions","HourlySeaLevelPressure","HourlyStationPressure","HourlyVisibility","HourlyWetBulbTemperature","HourlyWindDirection","HourlyWindGustSpeed","HourlyWindSpeed","Sunrise","Sunset","DailyAverageDewPointTemperature","DailyAverageDryBulbTemperature","DailyAverageRelativeHumidity","DailyAverageSeaLevelPressure","DailyAverageStationPressure","DailyAverageWetBulbTemperature","DailyAverageWindSpeed","DailyCoolingDegreeDays","DailyDepartureFromNormalAverageTemperature","DailyHeatingDegreeDays","DailyMaximumDryBulbTemperature","DailyMinimumDryBulbTemperature","DailyPeakWindDirection","DailyPeakWindSpeed","DailyPrecipitation","DailySnowDepth","DailySnowfall","DailySustainedWindDirection","DailySustainedWindSpeed","DailyWeather","MonthlyAverageRH","MonthlyDaysWithGT001Precip","MonthlyDaysWithGT010Precip","MonthlyDaysWithGT32Temp","MonthlyDaysWithGT90Temp","MonthlyDaysWithLT0Temp","MonthlyDaysWithLT32Temp","MonthlyDepartureFromNormalAverageTemperature","MonthlyDepartureFromNormalCoolingDegreeDays","MonthlyDepartureFromNormalHeatingDegreeDays","MonthlyDepartureFromNormalMaximumTemperature","MonthlyDepartureFromNormalMinimumTemperature","MonthlyDepartureFromNormalPrecipitation","MonthlyDewpointTemperature","MonthlyGreatestPrecip","MonthlyGreatestPrecipDate","MonthlyGreatestSnowDepth","MonthlyGreatestSnowDepthDate","MonthlyGreatestSnowfall","MonthlyGreatestSnowfallDate","MonthlyMaxSeaLevelPressureValue","MonthlyMaxSeaLevelPressureValueDate","MonthlyMaxSeaLevelPressureValueTime","MonthlyMaximumTemperature","MonthlyMeanTemperature","MonthlyMinSeaLevelPressureValue","MonthlyMinSeaLevelPressureValueDate","MonthlyMinSeaLevelPressureValueTime","MonthlyMinimumTemperature","MonthlySeaLevelPressure","MonthlyStationPressure","MonthlyTotalLiquidPrecipitation","MonthlyTotalSnowfall","MonthlyWetBulb","AWND","CDSD","CLDD","DSNW","HDSD","HTDD","DYTS","DYHF","NormalsCoolingDegreeDay","NormalsHeatingDegreeDay","ShortDurationEndDate005","ShortDurationEndDate010","ShortDurationEndDate015","ShortDurationEndDate020","ShortDurationEndDate030","ShortDurationEndDate045","ShortDurationEndDate060","ShortDurationEndDate080","ShortDurationEndDate100","ShortDurationEndDate120","ShortDurationEndDate150","ShortDurationEndDate180","ShortDurationPrecipitationValue005","ShortDurationPrecipitationValue010","ShortDurationPrecipitationValue015","ShortDurationPrecipitationValue020","ShortDurationPrecipitationValue030","ShortDurationPrecipitationValue045","ShortDurationPrecipitationValue060","ShortDurationPrecipitationValue080","ShortDurationPrecipitationValue100","ShortDurationPrecipitationValue120","ShortDurationPrecipitationValue150","ShortDurationPrecipitationValue180","REM","BackupDirection","BackupDistance","BackupDistanceUnit","BackupElements","BackupElevation","BackupEquipment","BackupLatitude","BackupLongitude","BackupName","WindEquipmentChangeDate"
"01020099999","2022-01-01T01:00:00","76.4833333","16.55","10.0","SORKAPPOYA, SV","FM-12","4","","6","9","","","-0.05","2","87","","29.94","29.91","","8","041","34","29","","","","","","","","","","","","","","","","","","","","","","","","","","","","","","","","","","","","","","","","","","","","","","","","","","","","","","","","","","","","","","","","","","","","","","","","","","","","","","","","","","","","","","","","","","","SYN004BUFR","","","","","","","","","",""
"01020099999","2022-01-03T23:00:00","76.4833333","16.55","10.0","SORKAPPOYA, SV","FM-12","4","","-2","2","","","+0.01","6","83","","29.94","29.90","","1","032","54","45","","","","","","","","","","","","","","","","","","","","","","","","","","","","","","","","","","","","","","","","","","","","","","","","","","","","","","","","","","","","","","","","","","","","","","","","","","","","","","","","","","","","","","","","","","","SYN004BUFR","","","","","","","","","",""
"01020099999","2022-01-04T04:00:00","76.4833333","16.55","10.0","SORKAPPOYA, SV","FM-12","4","","-1","3","","","","","83","","29.92","29.88","","2","039","38","33","","","","","","","","","","","","","","","","","","","","","","","","","","","","","","","","","","","","","","","","","","","","","","","","","","","","","","","","","","","","","","","","","","","","","","","","","","","","","","","","","","","","","","","","","","","SYN004BUFR","","","","","","","","","",""
"01020099999","2022-01-04T05:00:00","76.4833333","16.55","10.0","SORKAPPOYA, SV","FM-12","4","","-1","3","","","","","82","","29.92","29.88","","2","035","38","29","","","","","","","","","","","","","","","","","","","","","","","","","","","","","","","","","","","","","","","","","","","","","","","","","","","","","","","","","","","","","","","","","","","","","","","","","","","","","","","","","","","","","","","","","","","SYN004BUFR","","","","","","","","","",""
"01020099999","2022-01-04T06:00:00","76.4833333","16.55","10.0","SORKAPPOYA, SV","FM-12","4","","-1","3","","","","","81","","29.93","29.89","","2","026","37","23","","","","","","","","","","","","","","","","","","","","","","","","","","","","","","","","","","","","","","","","","","","","","","","","","","","","","","","","","","","","","","","","","","","","","","","","","","","","","","","","","","","","","","","","","","","SYN004BUFR","","","","","","","","","",""
"01020099999","2022-01-06T01:00:00","76.4833333","16.55","10.0","SORKAPPOYA, SV","FM-12","4","","-1","8","","","","","66","","29.71","29.67","","6","","","1","","","","","","","","","","","","","","","","","","","","","","","","","","","","","","","","","","","","","","","","","","","","","","","","","","","","","","","","","","","","","","","","","","","","","","","","","","","","","","","","","","","","","","","","","","","SYN004BUFR","","","","","","","","","",""
"01020099999","2022-01-11T23:00:00","76.4833333","16.55","10.0","SORKAPPOYA, SV","FM-12","4","","32","33","","","+0.08","6","97","","28.92","28.89","","33","153","17","15","","","","","","","","","","","","","","","","","","","","","","","","","","","","","","","","","","","","","","","","","","","","","","","","","","","","","","","","","","","","","","","","","","","","","","","","","","","","","","","","","","","","","","","","","","","SYN004BUFR","","","","","","","","","",""
"01020099999","2022-01-15T00:00:00","76.4833333","16.55","10.0","SORKAPPOYA, SV","FM-12","4","","-1","5","","","+0.01","5","75","","29.57","29.53","","4","059","","3","","","","","","","","","","","","","","","","","","","","","","","","","","","","","","","","","","","","","","","","","","","","","","","","","","","","","","","","","","","","","","","","","","","","","","","","","","","","","","","","","","","","","","","","","","","SYN004BUFR","","","","","","","","","",""
"01020099999","2022-01-17T23:00:00","76.4833333","16.55","10.0","SORKAPPOYA, SV","FM-12","4","","11","13","","","","","90","","29.43","29.39","","12","099","","4","","","","","","","","","","","","","","","","","","","","","","","","","","","","","","","","","","","","","","","","","","","","","","","","","","","","","","","","","","","","","","","","","","","","","","","","","","","","","","","","","","","","","","","","","","","SYN004BUFR","","","","","","","","","",""
"01020099999","2022-01-20T23:00:00","76.4833333","16.55","10.0","SORKAPPOYA, SV","FM-12","4","","6","10","","","-0.08","3","81","","29.75","29.70","","9","045","15","13","","","","","","","","","","","","","","","","","","","","","","","","","","","","","","","","","","","","","","","","","","","","","","","","","","","","","","","","","","","","","","","","","","","","","","","","","","","","","","","","","","","","","","","","","","","SYN004BUFR","","","","","","","","","",""
"01020099999","2022-01-22T01:00:00","76.4833333","16.55","10.0","SORKAPPOYA, SV","FM-12","4","","29","30","","","+0.18","6","96","","29.19","29.15","","30","138","43","37","","","","","","","","","","","","","","","","","","","","","","","","","","","","","","","","","","","","","","","","","","","","","","","","","","","","","","","","","","","","","","","","","","","","","","","","","","","","","","","","","","","","","","","","","","","SYN004BUFR","","","","","","","","","",""
"01020099999","2022-01-23T23:00:00","76.4833333","16.55","10.0","SORKAPPOYA, SV","FM-12","4","","20","22","","","+0.11","7","91","","28.39","28.36","","21","032","13","10","","","","","","","","","","","","","","","","","","","","","","","","","","","","","","","","","","","","","","","","","","","","","","","","","","","","","","","","","","","","","","","","","","","","","","","","","","","","","","","","","","","","","","","","","","","SYN004BUFR","","","","","","","","","",""
"01020099999","2022-01-24T13:00:00","76.4833333","16.55","10.0","SORKAPPOYA, SV","FM-12","4","","17","23","","","-0.04","2","79","","28.43","28.39","","21","267","41","31","","","","","","","","","","","","","","","","","","","","","","","","","","","","","","","","","","","","","","","","","","","","","","","","","","","","","","","","","","","","","","","","","","","","","","","","","","","","","","","","","","","","","","","","","","","SYN004BUFR","","","","","","","","","",""
"01020099999","2022-01-25T01:00:00","76.4833333","16.55","10.0","SORKAPPOYA, SV","FM-12","4","","21","25","","","-0.06","3","84","","28.67","28.63","","24","294","58","47","","","","","","","","","","","","","","","","","","","","","","","","","","","","","","","","","","","","","","","","","","","","","","","","","","","","","","","","","","","","","","","","","","","","","","","","","","","","","","","","","","","","","","","","","","","SYN004BUFR","","","","","","","","","",""
"01020099999","2022-01-27T01:00:00","76.4833333","16.55","10.0","SORKAPPOYA, SV","FM-12","4","","2","13","","","-0.03","2","60","","29.28","29.25","","11","306","","3","","","","","","","","","","","","","","","","","","","","","","","","","","","","","","","","","","","","","","","","","","","","","","","","","","","","","","","","","","","","","","","","","","","","","","","","","","","","","","","","","","","","","","","","","","","SYN004BUFR","","","","","","","","","",""
"01020099999","2022-01-28T10:00:00","76.4833333","16.55","10.0","SORKAPPOYA, SV","FM-12","4","","11","15","","","-0.03","2","82","","29.59","29.55","","14","034","21","19","","","","","","","","","","","","","","","","","","","","","","","","","","","","","","","","","","","","","","","","","","","","","","","","","","","","","","","","","","","","","","","","","","","","","","","","","","","","","","","","","","","","","","","","","","","SYN004BUFR","","","","","","","","","",""
"01020099999","2022-01-28T11:00:00","76.4833333","16.55","10.0","SORKAPPOYA, SV","FM-12","4","","12","16","","","-0.03","2","85","","29.60","29.56","","15","041","21","20","","","","","","","","","","","","","","","","","","","","","","","","","","","","","","","","","","","","","","","","","","","","","","","","","","","","","","","","","","","","","","","","","","","","","","","","","","","","","","","","","","","","","","","","","","","SYN004BUFR","","","","","","","","","",""
"01020099999","2022-01-30T22:00:00","76.4833333","16.55","10.0","SORKAPPOYA, SV","FM-12","4","","1","6","","","","","78","","29.76","29.72","","5","024","38","34","","","","","","","","","","","","","","","","","","","","","","","","","","","","","","","","","","","","","","","","","","","","","","","","","","","","","","","","","","","","","","","","","","","","","","","","","","","","","","","","","","","","","","","","","","","SYN004BUFR","","","","","","","","","",""
"01020099999","2022-01-31T00:00:00","76.4833333","16.55","10.0","SORKAPPOYA, SV","FM-12","4","","2","6","","","-0.02","2","80","","29.78","29.75","","5","025","38","32","","","","","","","","","","","","","","","","","","","","","","","","","","","","","","","","","","","","","","","","","","","","","","","","","","","","","","","","","","","","","","","","","","","","","","","","","","","","","","","","","","","","","","","","","","","SYN004BUFR","","","","","","","","","",""
"01020099999","2022-02-01T23:00:00","76.4833333","16.55","10.0","SORKAPPOYA, SV","FM-12","4","","17","19","","","-0.02","2","91","","29.77","29.73","","18","032","34","28","","","","","","","","","","","","","","","","","","","","","","","","","","","","","","","","","","","","","","","","","","","","","","","","","","","","","","","","","","","","","","","","","","","","","","","","","","","","","","","","","","","","","","","","","","","SYN004BUFR","","","","","","","","","",""
"01020099999","2022-02-02T22:00:00","76.4833333","16.55","10.0","SORKAPPOYA, SV","FM-12","4","","16","18","","","-0.01","1","91","","29.85","29.81","","17","030","43","37","","","","","","","","","","","","","","","","","","","","","","","","","","","","","","","","","","","","","","","","","","","","","","","","","","","","","","","","","","","","","","","","","","","","","","","","","","","","","","","","","","","","","","","","","","","SYN004BUFR","","","","","","","","","",""
"01020099999","2022-02-04T01:00:00","76.4833333","16.55","10.0","SORKAPPOYA, SV","FM-12","4","","9","12","","","+0.01","6","86","","29.97","29.93","","11","036","45","38","","","","","","","","","","","","","","","","","","","","","","","","","","","","","","","","","","","","","","","","","","","","","","","","","","","","","","","","","","","","","","","","","","","","","","","","","","","","","","","","","","","","","","","","","","","SYN004BUFR","","","","","","","","","",""
"01020099999","2022-02-05T01:00:00","76.4833333","16.55","10.0","SORKAPPOYA, SV","FM-12","4","","14","16","","","+0.06","6","90","","29.60","29.57","","15","033","40","35","","","","","","","","","","","","","","","","","","","","","","","","","","","","","","","","","","","","","","","","","","","","","","","","","","","","","","","","","","","","","","","","","","","","","","","","","","","","","","","","","","","","","","","","","","","SYN004BUFR","","","","","","","","","",""
"01020099999","2022-02-08T00:00:00","76.4833333","16.55","10.0","SORKAPPOYA, SV","FM-12","4","","20","22","","","+0.03","6","92","","29.08","29.05","","21","339","","5","","","","","","","","","","","","","","","","","","","","","","","","","","","","","","","","","","","","","","","","","","","","","","","","","","","","","","","","","","","","","","","","","","","","","","","","","","","","","","","","","","","","","","","","","","","SYN004BUFR","","","","","","","","","",""
"01020099999","2022-02-08T22:00:00","76.4833333","16.55","10.0","SORKAPPOYA, SV","FM-12","4","","13","20","","","-0.01","2","75","","29.04","29.00","","18","276","15","12","","","","","","","","","","","","","","","","","","","","","","","","","","","","","","","","","","","","","","","","","","","","","","","","","","","","","","","","","","","","","","","","","","","","","","","","","","","","","","","","","","","","","","","","","","","SYN004BUFR","","","","","","","","","",""
"01020099999","2022-02-11T01:00:00","76.4833333","16.55","10.0","SORKAPPOYA, SV","FM-12","4","","22","24","","","-0.04","3","93","","28.96","28.93","","23","073","","9","","","","","","","","","","","","","","","","","","","","","","","","","","","","","","","","","","","","","","","","","","","","","","","","","","","","","","","","","","","","","","","","","","","","","","","","","","","","","","","","","","","","","","","","","","","SYN004BUFR","","","","","","","","","",""
"01020099999","2022-02-11T22:00:00","76.4833333","16.55","10.0","SORKAPPOYA, SV","FM-12","4","","13","17","","","+0.01","7","85","","29.07","29.03","","16","041","20","18","","","","","","","","","","","","","","","","","","","","","","","","","","","","","","","","","","","","","","","","","","","","","","","","","","","","","","","","","","","","","","","","","","","","","","","","","","","","","","","","","","","","","","","","","","","SYN004BUFR","","","","","","","","","",""
"01020099999","2022-02-12T23:00:00","76.4833333","16.55","10.0","SORKAPPOYA, SV","FM-12","4","","15","19","","","-0.02","2","86","","29.20","29.16","","18","004","16","13","","","","","","","","","","","","","","","","","","","","","","","","","","","","","","","","","","","","","","","","","","","","","","","","","","","","","","","","","","","","","","","","","","","","","","","","","","","","","","","","","","","","","","","","","","","SYN004BUFR","","","","","","","","","",""
"01020099999","2022-02-13T22:00:00","76.4833333","16.55","10.0","SORKAPPOYA, SV","FM-12","4","","8","10","","","-0.01","2","90","","29.31","29.27","","10","066","","6","","","","","","","","","","","","","","","","","","","","","","","","","","","","","","","","","","","","","","","","","","","","","","","","","","","","","","","","","","","","","","","","","","","","","","","","","","","","","","","","","","","","","","","","","","","SYN004BUFR","","","","","","","","","",""
"01020099999","2022-02-14T01:00:00","76.4833333","16.55","10.0","SORKAPPOYA, SV","FM-12","4","","11","13","","","-0.03","2","92","","29.34","29.30","","12","056","","8","","","","","","","","","","","","","","","","","","","","","","","","","","","","","","","","","","","","","","","","","","","","","","","","","","","","","","","","","","","","","","","","","","","","","","","","","","","","","","","","","","","","","","","","","","","SYN004BUFR","","","","","","","","","",""
"01020099999","2022-02-14T22:00:00","76.4833333","16.55","10.0","SORKAPPOYA, SV","FM-12","4","","11","13","","","-0.05","2","90","","29.63","29.59","","12","068","","4","","","","","","","","","","","","","","","","","","","","","","","","","","","","","","","","","","","","","","","","","","","","","","","","","","","","","","","","","","","","","","","","","","","","","","","","","","","","","","","","","","","","","","","","","","","SYN004BUFR","","","","","","","","","",""
"01020099999","2022-02-17T15:00:00","76.4833333","16.55","10.0","SORKAPPOYA, SV","FM-12","4","","7","10","","","+0.02","6","85","","29.65","29.61","","9","039","34","30","","","","","","","","","","","","","","","","","","","","","","","","","","","","","","","","","","","","","","","","","","","","","","","","","","","","","","","","","","","","","","","","","","","","","","","","","","","","","","","","","","","","","","","","","","","SYN004BUFR","","","","","","","","","",""
"01020099999","2022-02-17T17:00:00","76.4833333","16.55","10.0","SORKAPPOYA, SV","FM-12","4","","7","10","","","+0.03","7","87","","29.63","29.59","","9","035","36","30","","","","","","","","","","","","","","","","","","","","","","","","","","","","","","","","","","","","","","","","","","","","","","","","","","","","","","","","","","","","","","","","","","","","","","","","","","","","","","","","","","","","","","","","","","","SYN004BUFR","","","","","","","","","",""
"01020099999","2022-02-17T18:00:00","76.4833333","16.55","10.0","SORKAPPOYA, SV","FM-12","4","","6","10","","","+0.01","7","86","","29.64","29.59","","9","037","36","33","","","","","","","","","","","","","","","","","","","","","","","","","","","","","","","","","","","","","","","","","","","","","","","","","","","","","","","","","","","","","","","","","","","","","","","","","","","","","","","","","","","","","","","","","","","SYN004BUFR","","","","","","","","","",""
"01020099999","2022-02-17T23:00:00","76.4833333","16.55","10.0","SORKAPPOYA, SV","FM-12","4","","6","9","","","","","86","","29.63","29.59","","8","029","36","29","","","","","","","","","","","","","","","","","","","","","","","","","","","","","","","","","","","","","","","","","","","","","","","","","","","","","","","","","","","","","","","","","","","","","","","","","","","","","","","","","","","","","","","","","","","SYN004BUFR","","","","","","","","","",""
"01020099999","2022-02-18T23:00:00","76.4833333","16.55","10.0","SORKAPPOYA, SV","FM-12","4","","6","10","","","+0.03","6","87","","29.54","29.50","","9","021","39","36","","","","","","","","","","","","","","","","","","","","","","","","","","","","","","","","","","","","","","","","","","","","","","","","","","","","","","","","","","","","","","","","","","","","","","","","","","","","","","","","","","","","","","","","","","","SYN004BUFR","","","","","","","","","",""
"01020099999","2022-02-20T23:00:00","76.4833333","16.55","10.0","SORKAPPOYA, SV","FM-12","4","","-3","2","","","0.00","4","80","","29.40","29.36","","1","018","40","35","","","","","","","","","","","","","","","","","","","","","","","","","","","","","","","","","","","","","","","","","","","","","","","","","","","","","","","","","","","","","","","","","","","","","","","","","","","","","","","","","","","","","","","","","","","SYN004BUFR","","","","","","","","","",""
"01020099999","2022-02-21T23:00:00","76.4833333","16.55","10.0","SORKAPPOYA, SV","FM-12","4","","-5","-1","","","-0.01","2","82","","29.54","29.50","","-2","058","26","23","","","","","","","","","","","","","","","","","","","","","","","","","","","","","","","","","","","","","","","","","","","","","","","","","","","","","","","","","","","","","","","","","","","","","","","","","","","","","","","","","","","","","","","","","","","SYN004BUFR","","","","","","","","","",""
"01020099999","2022-02-23T23:00:00","76.4833333","16.55","10.0","SORKAPPOYA, SV","FM-12","4","","-10","-6","","","+0.00","5","81","","29.42","29.38","","-7","","","","","","","","","","","","","","","","","","","","","","","","","","","","","","","","","","","","","","","","","","","","","","","","","","","","","","","","","","","","","","","","","","","","","","","","","","","","","","","","","","","","","","","","","","","","","","SYN004BUFR","","","","","","","","","",""
"01020099999","2022-02-25T01:00:00","76.4833333","16.55","10.0","SORKAPPOYA, SV","FM-12","4","","-15","-7","","","","","67","","29.27","29.23","","-8","021","23","21","","","","","","","","","","","","","","","","","","","","","","","","","","","","","","","","","","","","","","","","","","","","","","","","","","","","","","","","","","","","","","","","","","","","","","","","","","","","","","","","","","","","","","","","","","","SYN004BUFR","","","","","","","","","",""
"01020099999","2022-02-25T22:00:00","76.4833333","16.55","10.0","SORKAPPOYA, SV","FM-12","4","","5","9","","","-0.04","1","80","","29.49","29.45","","8","299","32","22","","","","","","","","","","","","","","","","","","","","","","","","","","","","","","","","","","","","","","","","","","","","","","","","","","","","","","","","","","","","","","","","","","","","","","","","","","","","","","","","","","","","","","","","","","","SYN004BUFR","","","","","","","","","",""
"01020099999","2022-02-26T23:00:00","76.4833333","16.55","10.0","SORKAPPOYA, SV","FM-12","4","","10","16","","","+0.01","7","78","","29.52","29.49","","14","263","19","13","","","","","","","","","","","","","","","","","","","","","","","","","","","","","","","","","","","","","","","","","","","","","","","","","","","","","","","","","","","","","","","","","","","","","","","","","","","","","","","","","","","","","","","","","","","SYN004BUFR","","","","","","","","","",""
"01020099999","2022-02-27T21:00:00","76.4833333","16.55","10.0","SORKAPPOYA, SV","FM-12","4","","0","9","","","-0.04","1","66","","29.41","29.38","","7","348","14","13","","","","","","","","","","","","","","","","","","","","","","","","","","","","","","","","","","","","","","","","","","","","","","","","","","","","","","","","","","","","","","","","","","","","","","","","","","","","","","","","","","","","","","","","","","","SYN004BUFR","","","","","","","","","",""
"01020099999","2022-03-02T21:00:00","76.4833333","16.55","10.0","SORKAPPOYA, SV","FM-12","4","","15","18","","","-0.04","3","90","","29.78","29.74","","17","339","24","17","","","","","","","","","","","","","","","","","","","","","","","","","","","","","","","","","","","","","","","","","","","","","","","","","","","","","","","","","","","","","","","","","","","","","","","","","","","","","","","","","","","","","","","","","","","SYN004BUFR","","","","","","","","","",""
"01020099999","2022-03-03T01:00:00","76.4833333","16.55","10.0","SORKAPPOYA, SV","FM-12","4","","11","17","","","-0.01","2","77","","29.80","29.77","","15","312","38","34","","","","","","","","","","","","","","","","","","","","","","","","","","","","","","","","","","","","","","","","","","","","","","","","","","","","","","","","","","","","","","","","","","","","","","","","","","","","","","","","","","","","","","","","","","","SYN004BUFR","","","","","","","","","",""
"01020099999","2022-03-05T00:00:00","76.4833333","16.55","10.0","SORKAPPOYA, SV","FM-12","4","","20","22","","","+0.05","6","93","","29.93","29.89","","21","064","26","22","","","","","","","","","","","","","","","","","","","","","","","","","","","","","","","","","","","","","","","","","","","","","","","","","","","","","","","","","","","","","","","","","","","","","","","","","","","","","","","","","","","","","","","","","","","SYN004BUFR","","","","","","","","","",""
"01020099999","2022-03-07T16:00:00","76.4833333","16.55","10.0","SORKAPPOYA, SV","FM-12","4","","29","30","","","+0.01","8","98","","29.51","29.47","","30","144","30","16","","","","","","","","","","","","","","","","","","","","","","","","","","","","","","","","","","","","","","","","","","","","","","","","","","","","","","","","","","","","","","","","","","","","","","","","","","","","","","","","","","","","","","","","","","","SYN004BUFR","","","","","","","","","",""
"01020099999","2022-03-08T00:00:00","76.4833333","16.55","10.0","SORKAPPOYA, SV","FM-12","4","","23","27","","","-0.06","2","84","","29.64","29.60","","26","237","","7","","","","","","","","","","","","","","","","","","","","","","","","","","","","","","","","","","","","","","","","","","","","","","","","","","","","","","","","","","","","","","","","","","","","","","","","","","","","","","","","","","","","","","","","","","","SYN004BUFR","","","","","","","","","",""
"01020099999","2022-03-08T01:00:00","76.4833333","16.55","10.0","SORKAPPOYA, SV","FM-12","4","","22","27","","","-0.04","3","83","","29.65","29.61","","25","224","","5","","","","","","","","","","","","","","","","","","","","","","","","","","","","","","","","","","","","","","","","","","","","","","","","","","","","","","","","","","","","","","","","","","","","","","","","","","","","","","","","","","","","","","","","","","","SYN004BUFR","","","","","","","","","",""
"01020099999","2022-03-08T21:00:00","76.4833333","16.55","10.0","SORKAPPOYA, SV","FM-12","4","","27","27","","","","","97","","29.84","29.80","","27","164","","9","","","","","","","","","","","","","","","","","","","","","","","","","","","","","","","","","","","","","","","","","","","","","","","","","","","","","","","","","","","","","","","","","","","","","","","","","","","","","","","","","","","","","","","","","","","SYN004BUFR","","","","","","","","","",""
"01020099999","2022-03-09T01:00:00","76.4833333","16.55","10.0","SORKAPPOYA, SV","FM-12","4","","29","30","","","+0.02","7","99","","29.82","29.78","","30","137","13","11","","","","","","","","","","","","","","","","","","","","","","","","","","","","","","","","","","","","","","","","","","","","","","","","","","","","","","","","","","","","","","","","","","","","","","","","","","","","","","","","","","","","","","","","","","","SYN004BUFR","","","","","","","","","",""
"01020099999","2022-03-10T22:00:00","76.4833333","16.55","10.0","SORKAPPOYA, SV","FM-12","4","","21","25","","","-0.14","1","85","","29.14","29.10","","24","301","41","34","","","","","","","","","","","","","","","","","","","","","","","","","","","","","","","","","","","","","","","","","","","","","","","","","","","","","","","","","","","","","","","","","","","","","","","","","","","","","","","","","","","","","","","","","","","SYN004BUFR","","","","","","","","","",""
"01020099999","2022-03-11T21:00:00","76.4833333","16.55","10.0","SORKAPPOYA, SV","FM-12","4","","11","15","","","-0.07","2","84","","30.04","30.00","","14","294","19","15","","","","","","","","","","","","","","","","","","","","","","","","","","","","","","","","","","","","","","","","","","","","","","","","","","","","","","","","","","","","","","","","","","","","","","","","","","","","","","","","","","","","","","","","","","","SYN004BUFR","","","","","","","","","",""
"01020099999","2022-03-13T22:00:00","76.4833333","16.55","10.0","SORKAPPOYA, SV","FM-12","4","","31","32","","","+0.06","7","99","","29.76","29.72","","32","132","14","12","","","","","","","","","","","","","","","","","","","","","","","","","","","","","","","","","","","","","","","","","","","","","","","","","","","","","","","","","","","","","","","","","","","","","","","","","","","","","","","","","","","","","","","","","","","SYN004BUFR","","","","","","","","","",""
"01020099999","2022-03-14T21:00:00","76.4833333","16.55","10.0","SORKAPPOYA, SV","FM-12","4","","30","32","","","+0.01","5","91","","29.83","29.80","","31","200","17","13","","","","","","","","","","","","","","","","","","","","","","","","","","","","","","","","","","","","","","","","","","","","","","","","","","","","","","","","","","","","","","","","","","","","","","","","","","","","","","","","","","","","","","","","","","","SYN004BUFR","","","","","","","","","",""
"01020099999","2022-03-16T22:00:00","76.4833333","16.55","10.0","SORKAPPOYA, SV","FM-12","4","","32","34","","","+0.02","6","91","","29.55","29.52","","33","196","24","18","","","","","","","","","","","","","","","","","","","","","","","","","","","","","","","","","","","","","","","","","","","","","","","","","","","","","","","","","","","","","","","","","","","","","","","","","","","","","","","","","","","","","","","","","","","SYN004BUFR","","","","","","","","","",""
"01020099999","2022-03-19T22:00:00","76.4833333","16.55","10.0","SORKAPPOYA, SV","FM-12","4","","20","23","","","-0.09","1","90","","29.55","29.51","","22","275","51","38","","","","","","","","","","","","","","","","","","","","","","","","","","","","","","","","","","","","","","","","","","","","","","","","","","","","","","","","","","","","","","","","","","","","","","","","","","","","","","","","","","","","","","","","","","","SYN004BUFR","","","","","","","","","",""
"01020099999","2022-03-20T21:00:00","76.4833333","16.55","10.0","SORKAPPOYA, SV","FM-12","4","","27","28","","","+0.19","6","96","","29.67","29.63","","28","087","32","29","","","","","","","","","","","","","","","","","","","","","","","","","","","","","","","","","","","","","","","","","","","","","","","","","","","","","","","","","","","","","","","","","","","","","","","","","","","","","","","","","","","","","","","","","","","SYN004BUFR","","","","","","","","","",""
"01020099999","2022-03-23T21:00:00","76.4833333","16.55","10.0","SORKAPPOYA, SV","FM-12","4","","4","9","","","-0.04","3","83","","30.07","30.03","","8","036","32","28","","","","","","","","","","","","","","","","","","","","","","","","","","","","","","","","","","","","","","","","","","","","","","","","","","","","","","","","","","","","","","","","","","","","","","","","","","","","","","","","","","","","","","","","","","","SYN004BUFR","","","","","","","","","",""
"01020099999","2022-03-25T21:00:00","76.4833333","16.55","10.0","SORKAPPOYA, SV","FM-12","4","","-4","6","","","-0.04","2","62","","30.13","30.09","","4","014","14","11","","","","","","","","","","","","","","","","","","","","","","","","","","","","","","","","","","","","","","","","","","","","","","","","","","","","","","","","","","","","","","","","","","","","","","","","","","","","","","","","","","","","","","","","","","","SYN004BUFR","","","","","","","","","",""
"01020099999","2022-03-26T21:00:00","76.4833333","16.55","10.0","SORKAPPOYA, SV","FM-12","4","","0","9","","","+0.01","7","67","","30.33","30.29","","7","047","13","11","","","","","","","","","","","","","","","","","","","","","","","","","","","","","","","","","","","","","","","","","","","","","","","","","","","","","","","","","","","","","","","","","","","","","","","","","","","","","","","","","","","","","","","","","","","SYN004BUFR","","","","","","","","","",""
"01020099999","2022-03-27T21:00:00","76.4833333","16.55","10.0","SORKAPPOYA, SV","FM-12","4","","5","11","","","","","76","","30.19","30.15","","10","019","39","29","","","","","","","","","","","","","","","","","","","","","","","","","","","","","","","","","","","","","","","","","","","","","","","","","","","","","","","","","","","","","","","","","","","","","","","","","","","","","","","","","","","","","","","","","","","SYN004BUFR","","","","","","","","","",""
"01020099999","2022-04-05T22:00:00","76.4833333","16.55","10.0","SORKAPPOYA, SV","FM-12","4","","4","9","","","0.00","4","79","","29.95","29.91","","8","016","35","29","","","","","","","","","","","","","","","","","","","","","","","","","","","","","","","","","","","","","","","","","","","","","","","","","","","","","","","","","","","","","","","","","","","","","","","","","","","","","","","","","","","","","","","","","","","SYN004BUFR","","","","","","","","","",""
"01020099999","2022-04-14T22:00:00","76.4833333","16.55","10.0","SORKAPPOYA, SV","FM-12","4","","16","19","","","-0.01","0","87","","30.09","30.06","","18","049","11","7","","","","","","","","","","","","","","","","","","","","","","","","","","","","","","","","","","","","","","","","","","","","","","","","","","","","","","","","","","","","","","","","","","","","","","","","","","","","","","","","","","","","","","","","","","","SYN004BUFR","","","","","","","","","",""
"01020099999","2022-07-02T21:00:00","76.4833333","16.55","10.0","SORKAPPOYA, SV","FM-12","4","","36","37","","","+0.06","7","99","","29.85","29.82","","37","089","14","11","","","","","","","","","","","","","","","","","","","","","","","","","","","","","","","","","","","","","","","","","","","","","","","","","","","","","","","","","","","","","","","","","","","","","","","","","","","","","","","","","","","","","","","","","","","SYN004BUFR","","","","","","","","","",""
"01020099999","2022-07-03T00:00:00","76.4833333","16.55","10.0","SORKAPPOYA, SV","FM-12","4","","36","36","","","+0.04","6","99","","29.82","29.78","","36","093","","5","","","","","","","","","","","","","","","","","","","","","","","","","","","","","","","","","","","","","","","","","","","","","","","","","","","","","","","","","","","","","","","","","","","","","","","","","","","","","","","","","","","","","","","","","","","SYN004BUFR","","","","","","","","","",""
"01020099999","2022-07-03T23:00:00","76.4833333","16.55","10.0","SORKAPPOYA, SV","FM-12","4","","37","38","","","-0.01","0","98","","29.74","29.71","","38","066","33","26","","","","","","","","","","","","","","","","","","","","","","","","","","","","","","","","","","","","","","","","","","","","","","","","","","","","","","","","","","","","","","","","","","","","","","","","","","","","","","","","","","","","","","","","","","","SYN004BUFR","","","","","","","","","",""
"01020099999","2022-07-05T21:00:00","76.4833333","16.55","10.0","SORKAPPOYA, SV","FM-12","4","","37","38","","","","","97","","29.81","29.77","","38","056","32","26","","","","","","","","","","","","","","","","","","","","","","","","","","","","","","","","","","","","","","","","","","","","","","","","","","","","","","","","","","","","","","","","","","","","","","","","","","","","","","","","","","","","","","","","","","","SYN004BUFR","","","","","","","","","",""
"01020099999","2022-07-06T14:00:00","76.4833333","16.55","10.0","SORKAPPOYA, SV","FM-12","4","","37","40","","","-0.02","1","92","","29.74","29.70","","39","041","43","35","","","","","","","","","","","","","","","","","","","","","","","","","","","","","","","","","","","","","","","","","","","","","","","","","","","","","","","","","","","","","","","","","","","","","","","","","","","","","","","","","","","","","","","","","","","SYN004BUFR","","","","","","","","","",""
"01020099999","2022-07-07T11:00:00","76.4833333","16.55","10.0","SORKAPPOYA, SV","FM-12","4","","33","37","","","-0.01","1","84","","29.78","29.75","","35","039","36","30","","","","","","","","","","","","","","","","","","","","","","","","","","","","","","","","","","","","","","","","","","","","","","","","","","","","","","","","","","","","","","","","","","","","","","","","","","","","","","","","","","","","","","","","","","","SYN004BUFR","","","","","","","","","",""
"01020099999","2022-07-07T22:00:00","76.4833333","16.55","10.0","SORKAPPOYA, SV","FM-12","4","","33","36","","","-0.03","1","90","","29.85","29.82","","35","072","16","11","","","","","","","","","","","","","","","","","","","","","","","","","","","","","","","","","","","","","","","","","","","","","","","","","","","","","","","","","","","","","","","","","","","","","","","","","","","","","","","","","","","","","","","","","","","SYN004BUFR","","","","","","","","","",""
"01020099999","2022-07-09T07:00:00","76.4833333","16.55","10.0","SORKAPPOYA, SV","FM-12","4","","37","40","","","","","89","","29.87","29.83","","39","285","19","14","","","","","","","","","","","","","","","","","","","","","","","","","","","","","","","","","","","","","","","","","","","","","","","","","","","","","","","","","","","","","","","","","","","","","","","","","","","","","","","","","","","","","","","","","","","SYN004BUFR","","","","","","","","","",""
"01020099999","2022-07-10T01:00:00","76.4833333","16.55","10.0","SORKAPPOYA, SV","FM-12","4","","36","41","","","-0.02","2","83","","29.95","29.91","","39","298","21","19","","","","","","","","","","","","","","","","","","","","","","","","","","","","","","","","","","","","","","","","","","","","","","","","","","","","","","","","","","","","","","","","","","","","","","","","","","","","","","","","","","","","","","","","","","","SYN004BUFR","","","","","","","","","",""
"01020099999","2022-07-10T22:00:00","76.4833333","16.55","10.0","SORKAPPOYA, SV","FM-12","4","","42","42","","","","","100","","29.99","29.95","","42","222","19","17","","","","","","","","","","","","","","","","","","","","","","","","","","","","","","","","","","","","","","","","","","","","","","","","","","","","","","","","","","","","","","","","","","","","","","","","","","","","","","","","","","","","","","","","","","","SYN004BUFR","","","","","","","","","",""
"01020099999","2022-07-12T19:00:00","76.4833333","16.55","10.0","SORKAPPOYA, SV","FM-12","4","","43","43","","","","","99","","29.71","29.67","","43","185","14","12","","","","","","","","","","","","","","","","","","","","","","","","","","","","","","","","","","","","","","","","","","","","","","","","","","","","","","","","","","","","","","","","","","","","","","","","","","","","","","","","","","","","","","","","","","","SYN004BUFR","","","","","","","","","",""
"01020099999","2022-07-14T23:00:00","76.4833333","16.55","10.0","SORKAPPOYA, SV","FM-12","4","","40","40","","","-0.01","2","98","","29.71","29.67","","40","044","29","24","","","","","","","","","","","","","","","","","","","","","","","","","","","","","","","","","","","","","","","","","","","","","","","","","","","","","","","","","","","","","","","","","","","","","","","","","","","","","","","","","","","","","","","","","","","SYN004BUFR","","","","","","","","","",""
"01020099999","2022-07-16T01:00:00","76.4833333","16.55","10.0","SORKAPPOYA, SV","FM-12","4","","40","41","","","+0.01","6","97","","29.56","29.52","","41","049","42","38","","","","","","","","","","","","","","","","","","","","","","","","","","","","","","","","","","","","","","","","","","","","","","","","","","","","","","","","","","","","","","","","","","","","","","","","","","","","","","","","","","","","","","","","","","","SYN004BUFR","","","","","","","","","",""
"01020099999","2022-07-16T21:00:00","76.4833333","16.55","10.0","SORKAPPOYA, SV","FM-12","4","","42","43","","","-0.03","2","97","","29.77","29.73","","43","104","19","13","","","","","","","","","","","","","","","","","","","","","","","","","","","","","","","","","","","","","","","","","","","","","","","","","","","","","","","","","","","","","","","","","","","","","","","","","","","","","","","","","","","","","","","","","","","SYN004BUFR","","","","","","","","","",""
"01020099999","2022-07-17T23:00:00","76.4833333","16.55","10.0","SORKAPPOYA, SV","FM-12","4","","41","41","","","+0.02","8","99","","29.62","29.58","","41","048","44","38","","","","","","","","","","","","","","","","","","","","","","","","","","","","","","","","","","","","","","","","","","","","","","","","","","","","","","","","","","","","","","","","","","","","","","","","","","","","","","","","","","","","","","","","","","","SYN004BUFR","","","","","","","","","",""
"01020099999","2022-07-18T22:00:00","76.4833333","16.55","10.0","SORKAPPOYA, SV","FM-12","4","","42","42","","","-0.01","3","99","","29.99","29.96","","42","050","24","22","","","","","","","","","","","","","","","","","","","","","","","","","","","","","","","","","","","","","","","","","","","","","","","","","","","","","","","","","","","","","","","","","","","","","","","","","","","","","","","","","","","","","","","","","","","SYN004BUFR","","","","","","","","","",""
"01020099999","2022-07-19T01:00:00","76.4833333","16.55","10.0","SORKAPPOYA, SV","FM-12","4","","41","42","","","+0.01","6","97","","29.98","29.94","","42","045","35","30","","","","","","","","","","","","","","","","","","","","","","","","","","","","","","","","","","","","","","","","","","","","","","","","","","","","","","","","","","","","","","","","","","","","","","","","","","","","","","","","","","","","","","","","","","","SYN004BUFR","","","","","","","","","",""
"01020099999","2022-07-19T21:00:00","76.4833333","16.55","10.0","SORKAPPOYA, SV","FM-12","4","","42","42","","","-0.02","3","99","","30.08","30.04","","42","048","36","29","","","","","","","","","","","","","","","","","","","","","","","","","","","","","","","","","","","","","","","","","","","","","","","","","","","","","","","","","","","","","","","","","","","","","","","","","","","","","","","","","","","","","","","","","","","SYN004BUFR","","","","","","","","","",""
"01020099999","2022-07-19T23:00:00","76.4833333","16.55","10.0","SORKAPPOYA, SV","FM-12","4","","42","42","","","","","99","","30.09","30.05","","42","052","30","28","","","","","","","","","","","","","","","","","","","","","","","","","","","","","","","","","","","","","","","","","","","","","","","","","","","","","","","","","","","","","","","","","","","","","","","","","","","","","","","","","","","","","","","","","","","SYN004BUFR","","","","","","","","","",""
"01020099999","2022-07-22T10:00:00","76.4833333","16.55","10.0","SORKAPPOYA, SV","FM-12","4","","42","44","","","+0.01","6","93","","29.80","29.76","","43","041","28","21","","","","","","","","","","","","","","","","","","","","","","","","","","","","","","","","","","","","","","","","","","","","","","","","","","","","","","","","","","","","","","","","","","","","","","","","","","","","","","","","","","","","","","","","","","","SYN004BUFR","","","","","","","","","",""
"01020099999","2022-08-07T22:00:00","76.4833333","16.55","10.0","SORKAPPOYA, SV","FM-12","4","","42","44","","","0.00","4","93","","29.77","29.74","","43","291","16","13","","","","","","","","","","","","","","","","","","","","","","","","","","","","","","","","","","","","","","","","","","","","","","","","","","","","","","","","","","","","","","","","","","","","","","","","","","","","","","","","","","","","","","","","","","","SYN004BUFR","","","","","","","","","",""
"01020099999","2022-08-09T21:00:00","76.4833333","16.55","10.0","SORKAPPOYA, SV","FM-12","4","","44","44","","","+0.03","8","100","","29.73","29.70","","44","099","15","12","","","","","","","","","","","","","","","","","","","","","","","","","","","","","","","","","","","","","","","","","","","","","","","","","","","","","","","","","","","","","","","","","","","","","","","","","","","","","","","","","","","","","","","","","","","SYN004BUFR","","","","","","","","","",""
"01020099999","2022-08-09T23:00:00","76.4833333","16.55","10.0","SORKAPPOYA, SV","FM-12","4","","44","45","","","+0.01","7","98","","29.72","29.68","","45","110","","6","","","","","","","","","","","","","","","","","","","","","","","","","","","","","","","","","","","","","","","","","","","","","","","","","","","","","","","","","","","","","","","","","","","","","","","","","","","","","","","","","","","","","","","","","","","SYN004BUFR","","","","","","","","","",""
"01020099999","2022-08-14T22:00:00","76.4833333","16.55","10.0","SORKAPPOYA, SV","FM-12","4","","40","42","","","-0.03","2","92","","29.94","29.91","","41","294","19","15","","","","","","","","","","","","","","","","","","","","","","","","","","","","","","","","","","","","","","","","","","","","","","","","","","","","","","","","","","","","","","","","","","","","","","","","","","","","","","","","","","","","","","","","","","","SYN004BUFR","","","","","","","","","",""
"01020099999","2022-08-15T00:00:00","76.4833333","16.55","10.0","SORKAPPOYA, SV","FM-12","4","","35","42","","","-0.04","2","76","","29.96","29.93","","39","296","20","15","","","","","","","","","","","","","","","","","","","","","","","","","","","","","","","","","","","","","","","","","","","","","","","","","","","","","","","","","","","","","","","","","","","","","","","","","","","","","","","","","","","","","","","","","","","SYN004BUFR","","","","","","","","","",""
"01020099999","2022-08-15T22:00:00","76.4833333","16.55","10.0","SORKAPPOYA, SV","FM-12","4","","38","42","","","","","84","","30.12","30.08","","40","146","","4","","","","","","","","","","","","","","","","","","","","","","","","","","","","","","","","","","","","","","","","","","","","","","","","","","","","","","","","","","","","","","","","","","","","","","","","","","","","","","","","","","","","","","","","","","","SYN004BUFR","","","","","","","","","",""
"01020099999","2022-08-16T09:00:00","76.4833333","16.55","10.0","SORKAPPOYA, SV","FM-12","4","","37","42","","","+0.06","7","84","","29.99","29.96","","40","070","30","26","","","","","","","","","","","","","","","","","","","","","","","","","","","","","","","","","","","","","","","","","","","","","","","","","","","","","","","","","","","","","","","","","","","","","","","","","","","","","","","","","","","","","","","","","","","SYN004BUFR","","","","","","","","","",""
"01020099999","2022-08-24T07:00:00","76.4833333","16.55","10.0","SORKAPPOYA, SV","FM-12","4","","38","42","","","-0.03","1","87","","30.00","29.96","","40","286","23","20","","","","","","","","","","","","","","","","","","","","","","","","","","","","","","","","","","","","","","","","","","","","","","","","","","","","","","","","","","","","","","","","","","","","","","","","","","","","","","","","","","","","","","","","","","","SYN004BUFR","","","","","","","","","",""
"01020099999","2022-08-29T14:00:00","76.4833333","16.55","10.0","SORKAPPOYA, SV","FM-12","4","","37","41","","","-0.01","2","86","","30.21","30.18","","39","182","","4","","","","","","","","","","","","","","","","","","","","","","","","","","","","","","","","","","","","","","","","","","","","","","","","","","","","","","","","","","","","","","","","","","","","","","","","","","","","","","","","","","","","","","","","","","","SYN004BUFR","","","","","","","","","",""
"01020099999","2022-09-02T23:00:00","76.4833333","16.55","10.0","SORKAPPOYA, SV","FM-12","4","","41","41","","","+0.01","7","99","","30.43","30.39","","41","279","15","12","","","","","","","","","","","","","","","","","","","","","","","","","","","","","","","","","","","","","","","","","","","","","","","","","","","","","","","","","","","","","","","","","","","","","","","","","","","","","","","","","","","","","","","","","","","SYN004BUFR","","","","","","","","","",""
"01020099999","2022-09-03T22:00:00","76.4833333","16.55","10.0","SORKAPPOYA, SV","FM-12","4","","42","42","","","+0.03","8","99","","30.24","30.21","","42","263","26","20","","","","","","","","","","","","","","","","","","","","","","","","","","","","","","","","","","","","","","","","","","","","","","","","","","","","","","","","","","","","","","","","","","","","","","","","","","","","","","","","","","","","","","","","","","","SYN004BUFR","","","","","","","","","",""
"01020099999","2022-09-08T23:00:00","76.4833333","16.55","10.0","SORKAPPOYA, SV","FM-12","4","","41","41","","","","","99","","29.85","29.81","","41","054","12","10","","","","","","","","","","","","","","","","","","","","","","","","","","","","","","","","","","","","","","","","","","","","","","","","","","","","","","","","","","","","","","","","","","","","","","","","","","","","","","","","","","","","","","","","","","","SYN004BUFR","","","","","","","","","",""
"01020099999","2022-09-09T14:00:00","76.4833333","16.55","10.0","SORKAPPOYA, SV","FM-12","4","","40","40","","","+0.02","7","100","","29.81","29.77","","40","072","13","11","","","","","","","","","","","","","","","","","","","","","","","","","","","","","","","","","","","","","","","","","","","","","","","","","","","","","","","","","","","","","","","","","","","","","","","","","","","","","","","","","","","","","","","","","","","SYN004BUFR","","","","","","","","","",""
"01020099999","2022-09-12T00:00:00","76.4833333","16.55","10.0","SORKAPPOYA, SV","FM-12","4","","34","38","","","+0.04","7","84","","29.76","29.72","","36","259","25","19","","","","","","","","","","","","","","","","","","","","","","","","","","","","","","","","","","","","","","","","","","","","","","","","","","","","","","","","","","","","","","","","","","","","","","","","","","","","","","","","","","","","","","","","","","","SYN004BUFR","","","","","","","","","",""
"01020099999","2022-09-15T00:00:00","76.4833333","16.55","10.0","SORKAPPOYA, SV","FM-12","4","","29","34","","","-0.04","2","84","","30.07","30.03","","32","063","13","10","","","","","","","","","","","","","","","","","","","","","","","","","","","","","","","","","","","","","","","","","","","","","","","","","","","","","","","","","","","","","","","","","","","","","","","","","","","","","","","","","","","","","","","","","","","SYN004BUFR","","","","","","","","","",""
"01020099999","2022-09-18T00:00:00","76.4833333","16.55","10.0","SORKAPPOYA, SV","FM-12","4","","31","34","","","+0.00","5","89","","30.19","30.15","","33","007","18","9","","","","","","","","","","","","","","","","","","","","","","","","","","","","","","","","","","","","","","","","","","","","","","","","","","","","","","","","","","","","","","","","","","","","","","","","","","","","","","","","","","","","","","","","","","","SYN004BUFR","","","","","","","","","",""
"01020099999","2022-09-21T00:00:00","76.4833333","16.55","10.0","SORKAPPOYA, SV","FM-12","4","","35","36","","","-0.01","1","98","","29.69","29.65","","36","049","34","31","","","","","","","","","","","","","","","","","","","","","","","","","","","","","","","","","","","","","","","","","","","","","","","","","","","","","","","","","","","","","","","","","","","","","","","","","","","","","","","","","","","","","","","","","","","SYN004BUFR","","","","","","","","","",""
"01020099999","2022-09-28T01:00:00","76.4833333","16.55","10.0","SORKAPPOYA, SV","FM-12","4","","","38","","","+0.01","7","","","29.91","29.87","","","058","","9","","","","","","","","","","","","","","","","","","","","","","","","","","","","","","","","","","","","","","","","","","","","","","","","","","","","","","","","","","","","","","","","","","","","","","","","","","","","","","","","","","","","","","","","","","","SYN004BUFR","","","","","","","","","",""
"01020099999","2022-10-03T23:00:00","76.4833333","16.55","10.0","SORKAPPOYA, SV","FM-12","4","","37","37","","","-0.01","2","97","","29.97","29.93","","37","357","","0","","","","","","","","","","","","","","","","","","","","","","","","","","","","","","","","","","","","","","","","","","","","","","","","","","","","","","","","","","","","","","","","","","","","","","","","","","","","","","","","","","","","","","","","","","","SYN004BUFR","","","","","","","","","",""
"01020099999","2022-10-06T23:00:00","76.4833333","16.55","10.0","SORKAPPOYA, SV","FM-12","4","","37","37","","","+0.03","8","97","","29.04","29.00","","37","034","37","32","","","","","","","","","","","","","","","","","","","","","","","","","","","","","","","","","","","","","","","","","","","","","","","","","","","","","","","","","","","","","","","","","","","","","","","","","","","","","","","","","","","","","","","","","","","SYN004BUFR","","","","","","","","","",""
"01020099999","2022-10-07T00:00:00","76.4833333","16.55","10.0","SORKAPPOYA, SV","FM-12","4","","37","37","","","+0.04","7","98","","29.01","28.98","","37","036","42","35","","","","","","","","","","","","","","","","","","","","","","","","","","","","","","","","","","","","","","","","","","","","","","","","","","","","","","","","","","","","","","","","","","","","","","","","","","","","","","","","","","","","","","","","","","","SYN004BUFR","","","","","","","","","",""
"01020099999","2022-10-09T21:00:00","76.4833333","16.55","10.0","SORKAPPOYA, SV","FM-12","4","","34","37","","","-0.08","2","87","","29.25","29.21","","36","017","22","19","","","","","","","","","","","","","","","","","","","","","","","","","","","","","","","","","","","","","","","","","","","","","","","","","","","","","","","","","","","","","","","","","","","","","","","","","","","","","","","","","","","","","","","","","","","SYN004BUFR","","","","","","","","","",""
"01020099999","2022-10-09T23:00:00","76.4833333","16.55","10.0","SORKAPPOYA, SV","FM-12","4","","33","36","","","-0.07","2","89","","29.30","29.26","","35","017","25","17","","","","","","","","","","","","","","","","","","","","","","","","","","","","","","","","","","","","","","","","","","","","","","","","","","","","","","","","","","","","","","","","","","","","","","","","","","","","","","","","","","","","","","","","","","","SYN004BUFR","","","","","","","","","",""
"01020099999","2022-10-16T01:00:00","76.4833333","16.55","10.0","SORKAPPOYA, SV","FM-12","4","","26","29","","","+0.01","8","87","","29.89","29.85","","28","043","32","26","","","","","","","","","","","","","","","","","","","","","","","","","","","","","","","","","","","","","","","","","","","","","","","","","","","","","","","","","","","","","","","","","","","","","","","","","","","","","","","","","","","","","","","","","","","SYN004BUFR","","","","","","","","","",""
"01020099999","2022-10-19T09:00:00","76.4833333","16.55","10.0","SORKAPPOYA, SV","FM-12","4","","15","25","","","-0.04","2","66","","29.60","29.56","","22","310","40","35","","","","","","","","","","","","","","","","","","","","","","","","","","","","","","","","","","","","","","","","","","","","","","","","","","","","","","","","","","","","","","","","","","","","","","","","","","","","","","","","","","","","","","","","","","","SYN004BUFR","","","","","","","","","",""
"01020099999","2022-10-19T10:00:00","76.4833333","16.55","10.0","SORKAPPOYA, SV","FM-12","4","","15","24","","","-0.05","1","66","","29.62","29.59","","21","317","40","30","","","","","","","","","","","","","","","","","","","","","","","","","","","","","","","","","","","","","","","","","","","","","","","","","","","","","","","","","","","","","","","","","","","","","","","","","","","","","","","","","","","","","","","","","","","SYN004BUFR","","","","","","","","","",""
"01020099999","2022-10-20T00:00:00","76.4833333","16.55","10.0","SORKAPPOYA, SV","FM-12","4","","22","29","","","-0.12","1","75","","29.70","29.66","","27","324","38","28","","","","","","","","","","","","","","","","","","","","","","","","","","","","","","","","","","","","","","","","","","","","","","","","","","","","","","","","","","","","","","","","","","","","","","","","","","","","","","","","","","","","","","","","","","","SYN004BUFR","","","","","","","","","",""
"01020099999","2022-10-20T06:00:00","76.4833333","16.55","10.0","SORKAPPOYA, SV","FM-12","4","","18","27","","","-0.06","1","70","","29.89","29.85","","24","325","18","15","","","","","","","","","","","","","","","","","","","","","","","","","","","","","","","","","","","","","","","","","","","","","","","","","","","","","","","","","","","","","","","","","","","","","","","","","","","","","","","","","","","","","","","","","","","SYN004BUFR","","","","","","","","","",""
"01020099999","2022-10-21T02:00:00","76.4833333","16.55","10.0","SORKAPPOYA, SV","FM-12","4","","","27","","","+0.03","7","","","30.14","30.10","","","042","18","17","","","","","","","","","","","","","","","","","","","","","","","","","","","","","","","","","","","","","","","","","","","","","","","","","","","","","","","","","","","","","","","","","","","","","","","","","","","","","","","","","","","","","","","","","","","SYN004BUFR","","","","","","","","","",""
"01020099999","2022-10-22T01:00:00","76.4833333","16.55","10.0","SORKAPPOYA, SV","FM-12","4","","29","30","","","+0.12","7","95","","29.49","29.45","","30","070","47","41","","","","","","","","","","","","","","","","","","","","","","","","","","","","","","","","","","","","","","","","","","","","","","","","","","","","","","","","","","","","","","","","","","","","","","","","","","","","","","","","","","","","","","","","","","","SYN004BUFR","","","","","","","","","",""
"01020099999","2022-10-22T22:00:00","76.4833333","16.55","10.0","SORKAPPOYA, SV","FM-12","4","","25","28","","","-0.07","3","88","","29.41","29.38","","27","019","43","32","","","","","","","","","","","","","","","","","","","","","","","","","","","","","","","","","","","","","","","","","","","","","","","","","","","","","","","","","","","","","","","","","","","","","","","","","","","","","","","","","","","","","","","","","","","SYN004BUFR","","","","","","","","","",""
"01020099999","2022-10-23T22:00:00","76.4833333","16.55","10.0","SORKAPPOYA, SV","FM-12","4","","20","26","","","-0.02","2","77","","29.88","29.84","","24","051","","8","","","","","","","","","","","","","","","","","","","","","","","","","","","","","","","","","","","","","","","","","","","","","","","","","","","","","","","","","","","","","","","","","","","","","","","","","","","","","","","","","","","","","","","","","","","SYN004BUFR","","","","","","","","","",""
"01020099999","2022-10-25T10:00:00","76.4833333","16.55","10.0","SORKAPPOYA, SV","FM-12","4","","19","24","","","","","80","","29.79","29.75","","22","033","25","23","","","","","","","","","","","","","","","","","","","","","","","","","","","","","","","","","","","","","","","","","","","","","","","","","","","","","","","","","","","","","","","","","","","","","","","","","","","","","","","","","","","","","","","","","","","SYN004BUFR","","","","","","","","","",""
"01020099999","2022-10-25T22:00:00","76.4833333","16.55","10.0","SORKAPPOYA, SV","FM-12","4","","15","23","","","","","69","","29.85","29.81","","21","011","19","14","","","","","","","","","","","","","","","","","","","","","","","","","","","","","","","","","","","","","","","","","","","","","","","","","","","","","","","","","","","","","","","","","","","","","","","","","","","","","","","","","","","","","","","","","","","SYN004BUFR","","","","","","","","","",""
"01020099999","2022-10-26T22:00:00","76.4833333","16.55","10.0","SORKAPPOYA, SV","FM-12","4","","19","27","","","-0.04","3","73","","29.97","29.93","","24","050","23","17","","","","","","","","","","","","","","","","","","","","","","","","","","","","","","","","","","","","","","","","","","","","","","","","","","","","","","","","","","","","","","","","","","","","","","","","","","","","","","","","","","","","","","","","","","","SYN004BUFR","","","","","","","","","",""
"01020099999","2022-10-28T00:00:00","76.4833333","16.55","10.0","SORKAPPOYA, SV","FM-12","4","","27","35","","","+0.12","6","73","","29.47","29.43","","32","161","36","31","","","","","","","","","","","","","","","","","","","","","","","","","","","","","","","","","","","","","","","","","","","","","","","","","","","","","","","","","","","","","","","","","","","","","","","","","","","","","","","","","","","","","","","","","","","SYN004BUFR","","","","","","","","","",""
"01020099999","2022-10-28T22:00:00","76.4833333","16.55","10.0","SORKAPPOYA, SV","FM-12","4","","23","26","","","+0.04","7","88","","29.15","29.11","","25","315","18","16","","","","","","","","","","","","","","","","","","","","","","","","","","","","","","","","","","","","","","","","","","","","","","","","","","","","","","","","","","","","","","","","","","","","","","","","","","","","","","","","","","","","","","","","","","","SYN004BUFR","","","","","","","","","",""
"01020099999","2022-10-29T22:00:00","76.4833333","16.55","10.0","SORKAPPOYA, SV","FM-12","4","","20","28","","","-0.03","2","73","","29.17","29.13","","25","312","39","33","","","","","","","","","","","","","","","","","","","","","","","","","","","","","","","","","","","","","","","","","","","","","","","","","","","","","","","","","","","","","","","","","","","","","","","","","","","","","","","","","","","","","","","","","","","SYN004BUFR","","","","","","","","","",""
"01020099999","2022-10-30T21:00:00","76.4833333","16.55","10.0","SORKAPPOYA, SV","FM-12","4","","24","29","","","-0.03","2","83","","29.60","29.56","","27","015","","4","","","","","","","","","","","","","","","","","","","","","","","","","","","","","","","","","","","","","","","","","","","","","","","","","","","","","","","","","","","","","","","","","","","","","","","","","","","","","","","","","","","","","","","","","","","SYN004BUFR","","","","","","","","","",""
"01020099999","2022-10-31T00:00:00","76.4833333","16.55","10.0","SORKAPPOYA, SV","FM-12","4","","23","29","","","-0.03","2","79","","29.62","29.59","","27","052","","1","","","","","","","","","","","","","","","","","","","","","","","","","","","","","","","","","","","","","","","","","","","","","","","","","","","","","","","","","","","","","","","","","","","","","","","","","","","","","","","","","","","","","","","","","","","SYN004BUFR","","","","","","","","","",""
"01020099999","2022-11-03T22:00:00","76.4833333","16.55","10.0","SORKAPPOYA, SV","FM-12","4","","32","32","","","-0.01","1","99","","29.60","29.57","","32","296","28","22","","","","","","","","","","","","","","","","","","","","","","","","","","","","","","","","","","","","","","","","","","","","","","","","","","","","","","","","","","","","","","","","","","","","","","","","","","","","","","","","","","","","","","","","","","","SYN004BUFR","","","","","","","","","",""
"01020099999","2022-11-06T00:00:00","76.4833333","16.55","10.0","SORKAPPOYA, SV","FM-12","4","","30","31","","","+0.04","7","97","","29.49","29.46","","31","354","12","11","","","","","","","","","","","","","","","","","","","","","","","","","","","","","","","","","","","","","","","","","","","","","","","","","","","","","","","","","","","","","","","","","","","","","","","","","","","","","","","","","","","","","","","","","","","SYN004BUFR","","","","","","","","","",""
"01020099999","2022-11-06T01:00:00","76.4833333","16.55","10.0","SORKAPPOYA, SV","FM-12","4","","30","30","","","+0.03","7","97","","29.49","29.45","","30","341","13","10","","","","","","","","","","","","","","","","","","","","","","","","","","","","","","","","","","","","","","","","","","","","","","","","","","","","","","","","","","","","","","","","","","","","","","","","","","","","","","","","","","","","","","","","","","","SYN004BUFR","","","","","","","","","",""
"01020099999","2022-11-06T23:00:00","76.4833333","16.55","10.0","SORKAPPOYA, SV","FM-12","4","","26","31","","","-0.04","1","83","","29.76","29.72","","29","042","26","20","","","","","","","","","","","","","","","","","","","","","","","","","","","","","","","","","","","","","","","","","","","","","","","","","","","","","","","","","","","","","","","","","","","","","","","","","","","","","","","","","","","","","","","","","","","SYN004BUFR","","","","","","","","","",""
"01020099999","2022-11-07T13:00:00","76.4833333","16.55","10.0","SORKAPPOYA, SV","FM-12","4","","25","28","","","","","90","","29.79","29.75","","27","000","","0","","","","","","","","","","","","","","","","","","","","","","","","","","","","","","","","","","","","","","","","","","","","","","","","","","","","","","","","","","","","","","","","","","","","","","","","","","","","","","","","","","","","","","","","","","","SYN004BUFR","","","","","","","","","",""
"01020099999","2022-11-08T06:00:00","76.4833333","16.55","10.0","SORKAPPOYA, SV","FM-12","4","","27","28","","","-0.03","2","96","","29.87","29.83","","28","","","2","","","","","","","","","","","","","","","","","","","","","","","","","","","","","","","","","","","","","","","","","","","","","","","","","","","","","","","","","","","","","","","","","","","","","","","","","","","","","","","","","","","","","","","","","","","SYN004BUFR","","","","","","","","","",""
"01020099999","2022-11-08T23:00:00","76.4833333","16.55","10.0","SORKAPPOYA, SV","FM-12","4","","29","32","","","0.00","4","88","","29.89","29.85","","31","236","","5","","","","","","","","","","","","","","","","","","","","","","","","","","","","","","","","","","","","","","","","","","","","","","","","","","","","","","","","","","","","","","","","","","","","","","","","","","","","","","","","","","","","","","","","","","","SYN004BUFR","","","","","","","","","",""
"01020099999","2022-11-09T22:00:00","76.4833333","16.55","10.0","SORKAPPOYA, SV","FM-12","4","","25","28","","","-0.00","0","90","","29.88","29.84","","27","047","32","28","","","","","","","","","","","","","","","","","","","","","","","","","","","","","","","","","","","","","","","","","","","","","","","","","","","","","","","","","","","","","","","","","","","","","","","","","","","","","","","","","","","","","","","","","","","SYN004BUFR","","","","","","","","","",""
"01020099999","2022-11-10T21:00:00","76.4833333","16.55","10.0","SORKAPPOYA, SV","FM-12","4","","30","32","","","+0.02","6","94","","29.77","29.73","","31","074","22","19","","","","","","","","","","","","","","","","","","","","","","","","","","","","","","","","","","","","","","","","","","","","","","","","","","","","","","","","","","","","","","","","","","","","","","","","","","","","","","","","","","","","","","","","","","","SYN004BUFR","","","","","","","","","",""
"01020099999","2022-11-14T21:00:00","76.4833333","16.55","10.0","SORKAPPOYA, SV","FM-12","4","","30","35","","","+0.06","8","82","","29.91","29.87","","33","271","26","20","","","","","","","","","","","","","","","","","","","","","","","","","","","","","","","","","","","","","","","","","","","","","","","","","","","","","","","","","","","","","","","","","","","","","","","","","","","","","","","","","","","","","","","","","","","SYN004BUFR","","","","","","","","","",""
"01020099999","2022-11-15T22:00:00","76.4833333","16.55","10.0","SORKAPPOYA, SV","FM-12","4","","32","35","","","+0.01","7","91","","29.86","29.83","","34","274","24","18","","","","","","","","","","","","","","","","","","","","","","","","","","","","","","","","","","","","","","","","","","","","","","","","","","","","","","","","","","","","","","","","","","","","","","","","","","","","","","","","","","","","","","","","","","","SYN004BUFR","","","","","","","","","",""
"01020099999","2022-11-17T21:00:00","76.4833333","16.55","10.0","SORKAPPOYA, SV","FM-12","4","","29","32","","","-0.03","2","91","","30.15","30.11","","31","093","","4","","","","","","","","","","","","","","","","","","","","","","","","","","","","","","","","","","","","","","","","","","","","","","","","","","","","","","","","","","","","","","","","","","","","","","","","","","","","","","","","","","","","","","","","","","","SYN004BUFR","","","","","","","","","",""
"01020099999","2022-11-19T22:00:00","76.4833333","16.55","10.0","SORKAPPOYA, SV","FM-12","4","","35","36","","","-0.02","2","95","","30.04","30.01","","36","247","20","15","","","","","","","","","","","","","","","","","","","","","","","","","","","","","","","","","","","","","","","","","","","","","","","","","","","","","","","","","","","","","","","","","","","","","","","","","","","","","","","","","","","","","","","","","","","SYN004BUFR","","","","","","","","","",""
"01020099999","2022-11-21T22:00:00","76.4833333","16.55","10.0","SORKAPPOYA, SV","FM-12","4","","34","34","","","-0.02","2","99","","30.14","30.10","","34","269","14","9","","","","","","","","","","","","","","","","","","","","","","","","","","","","","","","","","","","","","","","","","","","","","","","","","","","","","","","","","","","","","","","","","","","","","","","","","","","","","","","","","","","","","","","","","","","SYN004BUFR","","","","","","","","","",""
"01020099999","2022-11-22T21:00:00","76.4833333","16.55","10.0","SORKAPPOYA, SV","FM-12","4","","32","34","","","","","93","","30.14","30.10","","33","254","","9","","","","","","","","","","","","","","","","","","","","","","","","","","","","","","","","","","","","","","","","","","","","","","","","","","","","","","","","","","","","","","","","","","","","","","","","","","","","","","","","","","","","","","","","","","","SYN004BUFR","","","","","","","","","",""
"01020099999","2022-11-22T23:00:00","76.4833333","16.55","10.0","SORKAPPOYA, SV","FM-12","4","","31","35","","","0.00","4","88","","30.14","30.11","","33","268","13","11","","","","","","","","","","","","","","","","","","","","","","","","","","","","","","","","","","","","","","","","","","","","","","","","","","","","","","","","","","","","","","","","","","","","","","","","","","","","","","","","","","","","","","","","","","","SYN004BUFR","","","","","","","","","",""
"01020099999","2022-11-23T21:00:00","76.4833333","16.55","10.0","SORKAPPOYA, SV","FM-12","4","","32","33","","","","","94","","30.10","30.06","","33","262","","4","","","","","","","","","","","","","","","","","","","","","","","","","","","","","","","","","","","","","","","","","","","","","","","","","","","","","","","","","","","","","","","","","","","","","","","","","","","","","","","","","","","","","","","","","","","SYN004BUFR","","","","","","","","","",""
"01020099999","2022-11-24T22:00:00","76.4833333","16.55","10.0","SORKAPPOYA, SV","FM-12","4","","29","31","","","0.00","4","93","","30.01","29.98","","30","065","","8","","","","","","","","","","","","","","","","","","","","","","","","","","","","","","","","","","","","","","","","","","","","","","","","","","","","","","","","","","","","","","","","","","","","","","","","","","","","","","","","","","","","","","","","","","","SYN004BUFR","","","","","","","","","",""
"01020099999","2022-11-25T21:00:00","76.4833333","16.55","10.0","SORKAPPOYA, SV","FM-12","4","","25","26","","","-0.01","2","96","","30.02","29.98","","26","331","","4","","","","","","","","","","","","","","","","","","","","","","","","","","","","","","","","","","","","","","","","","","","","","","","","","","","","","","","","","","","","","","","","","","","","","","","","","","","","","","","","","","","","","","","","","","","SYN004BUFR","","","","","","","","","",""
"01020099999","2022-11-27T22:00:00","76.4833333","16.55","10.0","SORKAPPOYA, SV","FM-12","4","","30","31","","","","","96","","30.06","30.02","","31","058","20","14","","","","","","","","","","","","","","","","","","","","","","","","","","","","","","","","","","","","","","","","","","","","","","","","","","","","","","","","","","","","","","","","","","","","","","","","","","","","","","","","","","","","","","","","","","","SYN004BUFR","","","","","","","","","",""
"01020099999","2022-11-28T23:00:00","76.4833333","16.55","10.0","SORKAPPOYA, SV","FM-12","4","","35","36","","","+0.03","6","96","","30.07","30.03","","36","129","19","18","","","","","","","","","","","","","","","","","","","","","","","","","","","","","","","","","","","","","","","","","","","","","","","","","","","","","","","","","","","","","","","","","","","","","","","","","","","","","","","","","","","","","","","","","","","SYN004BUFR","","","","","","","","","",""
"01020099999","2022-12-01T22:00:00","76.4833333","16.55","10.0","SORKAPPOYA, SV","FM-12","4","","33","37","","","-0.04","2","87","","30.49","30.45","","35","212","16","15","","","","","","","","","","","","","","","","","","","","","","","","","","","","","","","","","","","","","","","","","","","","","","","","","","","","","","","","","","","","","","","","","","","","","","","","","","","","","","","","","","","","","","","","","","","SYN004BUFR","","","","","","","","","",""
"01020099999","2022-12-02T22:00:00","76.4833333","16.55","10.0","SORKAPPOYA, SV","FM-12","4","","35","37","","","+0.05","7","92","","30.45","30.42","","36","177","20","18","","","","","","","","","","","","","","","","","","","","","","","","","","","","","","","","","","","","","","","","","","","","","","","","","","","","","","","","","","","","","","","","","","","","","","","","","","","","","","","","","","","","","","","","","","","SYN004BUFR","","","","","","","","","",""
"01020099999","2022-12-04T22:00:00","76.4833333","16.55","10.0","SORKAPPOYA, SV","FM-12","4","","34","34","","","+0.06","7","98","","29.91","29.87","","34","222","15","13","","","","","","","","","","","","","","","","","","","","","","","","","","","","","","","","","","","","","","","","","","","","","","","","","","","","","","","","","","","","","","","","","","","","","","","","","","","","","","","","","","","","","","","","","","","SYN004BUFR","","","","","","","","","",""
"01020099999","2022-12-06T22:00:00","76.4833333","16.55","10.0","SORKAPPOYA, SV","FM-12","4","","14","19","","","-0.02","3","81","","30.22","30.18","","18","028","57","48","","","","","","","","","","","","","","","","","","","","","","","","","","","","","","","","","","","","","","","","","","","","","","","","","","","","","","","","","","","","","","","","","","","","","","","","","","","","","","","","","","","","","","","","","","","SYN004BUFR","","","","","","","","","",""
"01020099999","2022-12-07T21:00:00","76.4833333","16.55","10.0","SORKAPPOYA, SV","FM-12","4","","20","27","","","-0.04","2","78","","30.39","30.35","","25","052","42","36","","","","","","","","","","","","","","","","","","","","","","","","","","","","","","","","","","","","","","","","","","","","","","","","","","","","","","","","","","","","","","","","","","","","","","","","","","","","","","","","","","","","","","","","","","","SYN004BUFR","","","","","","","","","",""
"01020099999","2022-12-07T23:00:00","76.4833333","16.55","10.0","SORKAPPOYA, SV","FM-12","4","","20","27","","","-0.08","1","74","","30.45","30.42","","25","057","36","29","","","","","","","","","","","","","","","","","","","","","","","","","","","","","","","","","","","","","","","","","","","","","","","","","","","","","","","","","","","","","","","","","","","","","","","","","","","","","","","","","","","","","","","","","","","SYN004BUFR","","","","","","","","","",""
"01020099999","2022-12-10T21:00:00","76.4833333","16.55","10.0","SORKAPPOYA, SV","FM-12","4","","28","29","","","","","96","","30.42","30.39","","29","058","14","10","","","","","","","","","","","","","","","","","","","","","","","","","","","","","","","","","","","","","","","","","","","","","","","","","","","","","","","","","","","","","","","","","","","","","","","","","","","","","","","","","","","","","","","","","","","SYN004BUFR","","","","","","","","","",""
"01020099999","2022-12-10T23:00:00","76.4833333","16.55","10.0","SORKAPPOYA, SV","FM-12","4","","27","29","","","","","95","","30.43","30.39","","28","077","","5","","","","","","","","","","","","","","","","","","","","","","","","","","","","","","","","","","","","","","","","","","","","","","","","","","","","","","","","","","","","","","","","","","","","","","","","","","","","","","","","","","","","","","","","","","","SYN004BUFR","","","","","","","","","",""
"01020099999","2022-12-13T23:00:00","76.4833333","16.55","10.0","SORKAPPOYA, SV","FM-12","4","","1","10","","","-0.02","2","68","","30.21","30.17","","8","023","23","17","","","","","","","","","","","","","","","","","","","","","","","","","","","","","","","","","","","","","","","","","","","","","","","","","","","","","","","","","","","","","","","","","","","","","","","","","","","","","","","","","","","","","","","","","","","SYN004BUFR","","","","","","","","","",""
"01020099999","2022-12-16T03:00:00","76.4833333","16.55","10.0","SORKAPPOYA, SV","FM-12","4","","4","12","","","+0.03","7","69","","29.61","29.57","","10","","22","13","","","","","","","","","","","","","","","","","","","","","","","","","","","","","","","","","","","","","","","","","","","","","","","","","","","","","","","","","","","","","","","","","","","","","","","","","","","","","","","","","","","","","","","","","","","SYN004BUFR","","","","","","","","","",""
"01020099999","2022-12-16T23:00:00","76.4833333","16.55","10.0","SORKAPPOYA, SV","FM-12","4","","9","16","","","","","73","","29.55","29.51","","14","028","17","13","","","","","","","","","","","","","","","","","","","","","","","","","","","","","","","","","","","","","","","","","","","","","","","","","","","","","","","","","","","","","","","","","","","","","","","","","","","","","","","","","","","","","","","","","","","SYN004BUFR","","","","","","","","","",""
"01020099999","2022-12-19T23:00:00","76.4833333","16.55","10.0","SORKAPPOYA, SV","FM-12","4","","7","16","","","-0.02","2","69","","30.05","30.01","","14","019","20","15","","","","","","","","","","","","","","","","","","","","","","","","","","","","","","","","","","","","","","","","","","","","","","","","","","","","","","","","","","","","","","","","","","","","","","","","","","","","","","","","","","","","","","","","","","","SYN004BUFR","","","","","","","","","",""
"01020099999","2022-12-20T06:00:00","76.4833333","16.55","10.0","SORKAPPOYA, SV","FM-12","4","","13","18","","","+0.03","8","82","","30.00","29.96","","17","023","33","29","","","","","","","","","","","","","","","","","","","","","","","","","","","","","","","","","","","","","","","","","","","","","","","","","","","","","","","","","","","","","","","","","","","","","","","","","","","","","","","","","","","","","","","","","","","SYN004BUFR","","","","","","","","","",""
"01020099999","2022-12-23T01:00:00","76.4833333","16.55","10.0","SORKAPPOYA, SV","FM-12","4","","12","22","","","+0.09","7","65","","29.49","29.45","","19","004","11","10","","","","","","","","","","","","","","","","","","","","","","","","","","","","","","","","","","","","","","","","","","","","","","","","","","","","","","","","","","","","","","","","","","","","","","","","","","","","","","","","","","","","","","","","","","","SYN004BUFR","","","","","","","","","",""
"01020099999","2022-12-24T21:00:00","76.4833333","16.55","10.0","SORKAPPOYA, SV","FM-12","4","","4","13","","","-0.02","2","65","","29.76","29.72","","11","052","25","21","","","","","","","","","","","","","","","","","","","","","","","","","","","","","","","","","","","","","","","","","","","","","","","","","","","","","","","","","","","","","","","","","","","","","","","","","","","","","","","","","","","","","","","","","","","SYN004BUFR","","","","","","","","","",""
"01020099999","2022-12-28T23:00:00","76.4833333","16.55","10.0","SORKAPPOYA, SV","FM-12","4","","25","32","","","+0.05","6","75","","29.03","28.99","","29","149","26","21","","","","","","","","","","","","","","","","","","","","","","","","","","","","","","","","","","","","","","","","","","","","","","","","","","","","","","","","","","","","","","","","","","","","","","","","","","","","","","","","","","","","","","","","","","","SYN004BUFR","","","","","","","","","",""
"01020099999","2022-12-30T21:00:00","76.4833333","16.55","10.0","SORKAPPOYA, SV","FM-12","4","","26","27","","","+0.01","8","96","","29.10","29.06","","27","035","49","37","","","","","","","","","","","","","","","","","","","","","","","","","","","","","","","","","","","","","","","","","","","","","","","","","","","","","","","","","","","","","","","","","","","","","","","","","","","","","","","","","","","","","","","","","","","SYN004BUFR","","","","","","","","","",""
