"STATION","DATE","LATITUDE","LONGITUDE","ELEVATION","NAME","REPORT_TYPE","SOURCE","HourlyAltimeterSetting","HourlyDewPointTemperature","HourlyDryBulbTemperature","HourlyPrecipitation","HourlyPresentWeatherType","HourlyPressureChange","HourlyPressureTendency","HourlyRelativeHumidity","HourlySkyConditions","HourlySeaLevelPressure","HourlyStationPressure","HourlyVisibility","HourlyWetBulbTemperature","HourlyWindDirection","HourlyWindGustSpeed","HourlyWindSpeed","Sunrise","Sunset","DailyAverageDewPointTemperature","DailyAverageDryBulbTemperature","DailyAverageRelativeHumidity","DailyAverageSeaLevelPressure","DailyAverageStationPressure","DailyAverageWetBulbTemperature","DailyAverageWindSpeed","DailyCoolingDegreeDays","DailyDepartureFromNormalAverageTemperature","DailyHeatingDegreeDays","DailyMaximumDryBulbTemperature","DailyMinimumDryBulbTemperature","DailyPeakWindDirection","DailyPeakWindSpeed","DailyPrecipitation","DailySnowDepth","DailySnowfall","DailySustainedWindDirection","DailySustainedWindSpeed","DailyWeather","MonthlyAverageRH","MonthlyDaysWithGT001Precip","MonthlyDaysWithGT010Precip","MonthlyDaysWithGT32Temp","MonthlyDaysWithGT90Temp","MonthlyDaysWithLT0Temp","MonthlyDaysWithLT32Temp","MonthlyDepartureFromNormalAverageTemperature","MonthlyDepartureFromNormalCoolingDegreeDays","MonthlyDepartureFromNormalHeatingDegreeDays","MonthlyDepartureFromNormalMaximumTemperature","MonthlyDepartureFromNormalMinimumTemperature","MonthlyDepartureFromNormalPrecipitation","MonthlyDewpointTemperature","MonthlyGreatestPrecip","MonthlyGreatestPrecipDate","MonthlyGreatestSnowDepth","MonthlyGreatestSnowDepthDate","MonthlyGreatestSnowfall","MonthlyGreatestSnowfallDate","MonthlyMaxSeaLevelPressureValue","MonthlyMaxSeaLevelPressureValueDate","MonthlyMaxSeaLevelPressureValueTime","MonthlyMaximumTemperature","MonthlyMeanTemperature","MonthlyMinSeaLevelPressureValue","MonthlyMinSeaLevelPressureValueDate","MonthlyMinSeaLevelPressureValueTime","MonthlyMinimumTemperature","MonthlySeaLevelPressure","MonthlyStationPressure","MonthlyTotalLiquidPrecipitation","MonthlyTotalSnowfall","MonthlyWetBulb","AWND","CDSD","CLDD","DSNW","HDSD","HTDD","DYTS","DYHF","NormalsCoolingDegreeDay","NormalsHeatingDegreeDay","ShortDurationEndDate005","ShortDurationEndDate010","ShortDurationEndDate015","ShortDurationEndDate020","ShortDurationEndDate030","ShortDurationEndDate045","ShortDurationEndDate060","ShortDurationEndDate080","ShortDurationEndDate100","ShortDurationEndDate120","ShortDurationEndDate150","ShortDurationEndDate180","ShortDurationPrecipitationValue005","ShortDurationPrecipitationValue010","ShortDurationPrecipitationValue015","ShortDurationPrecipitationValue020","ShortDurationPrecipitationValue030","ShortDurationPrecipitationValue045","ShortDurationPrecipitationValue060","ShortDurationPrecipitationValue080","ShortDurationPrecipitationValue100","ShortDurationPrecipitationValue120","ShortDurationPrecipitationValue150","ShortDurationPrecipitationValue180","REM","BackupDirection","BackupDistance","BackupDistanceUnit","BackupElements","BackupElevation","BackupEquipment","BackupLatitude","BackupLongitude","BackupName","WindEquipmentChangeDate"
"01024099999","2022-01-11T22:00:00","78.65","16.3666666","20.0","PYRAMIDEN, NO","FM-12","4","","28","28","","","+0.08","7","99","","28.96","28.92","","28","083","18","15","","","","","","","","","","","","","","","","","","","","","","","","","","","","","","","","","","","","","","","","","","","","","","","","","","","","","","","","","","","","","","","","","","","","","","","","","","","","","","","","","","","","","","","","","","","SYN004BUFR","","","","","","","","","",""
"01024099999","2022-01-15T00:00:00","78.65","16.3666666","20.0","PYRAMIDEN, NO","FM-12","4","","-10","6","","","","","47","","29.54","29.49","","4","007","12","8","","","","","","","","","","","","","","","","","","","","","","","","","","","","","","","","","","","","","","","","","","","","","","","","","","","","","","","","","","","","","","","","","","","","","","","","","","","","","","","","","","","","","","","","","","","SYN004BUFR","","","","","","","","","",""
"01024099999","2022-01-21T03:00:00","78.65","16.3666666","20.0","PYRAMIDEN, NO","FM-12","4","","3","9","","","-0.03","3","78","","29.77","29.73","","8","","","0","","","","","","","","","","","","","","","","","","","","","","","","","","","","","","","","","","","","","","","","","","","","","","","","","","","","","","","","","","","","","","","","","","","","","","","","","","","","","","","","","","","","","","","","","","","SYN004BUFR","","","","","","","","","",""
"01024099999","2022-01-24T16:00:00","78.65","16.3666666","20.0","PYRAMIDEN, NO","FM-12","4","","13","17","","","-0.06","1","87","","28.42","28.38","","16","318","","4","","","","","","","","","","","","","","","","","","","","","","","","","","","","","","","","","","","","","","","","","","","","","","","","","","","","","","","","","","","","","","","","","","","","","","","","","","","","","","","","","","","","","","","","","","","SYN004BUFR","","","","","","","","","",""
"01024099999","2022-02-05T21:00:00","78.65","16.3666666","20.0","PYRAMIDEN, NO","FM-12","4","","-3","12","","","+0.05","7","50","","29.52","29.49","","9","049","18","8","","","","","","","","","","","","","","","","","","","","","","","","","","","","","","","","","","","","","","","","","","","","","","","","","","","","","","","","","","","","","","","","","","","","","","","","","","","","","","","","","","","","","","","","","","","SYN004BUFR","","","","","","","","","",""
"01024099999","2022-02-09T20:00:00","78.65","16.3666666","20.0","PYRAMIDEN, NO","FM-12","4","","2","10","","","+0.04","7","69","","28.96","28.92","","8","","","0","","","","","","","","","","","","","","","","","","","","","","","","","","","","","","","","","","","","","","","","","","","","","","","","","","","","","","","","","","","","","","","","","","","","","","","","","","","","","","","","","","","","","","","","","","","SYN004BUFR","","","","","","","","","",""
"01024099999","2022-02-17T15:00:00","78.65","16.3666666","20.0","PYRAMIDEN, NO","FM-12","4","","-3","6","","","+0.02","7","66","","29.75","29.71","","4","332","","1","","","","","","","","","","","","","","","","","","","","","","","","","","","","","","","","","","","","","","","","","","","","","","","","","","","","","","","","","","","","","","","","","","","","","","","","","","","","","","","","","","","","","","","","","","","SYN004BUFR","","","","","","","","","",""
"01024099999","2022-02-17T16:00:00","78.65","16.3666666","20.0","PYRAMIDEN, NO","FM-12","4","","-1","6","","","+0.01","7","71","","29.75","29.71","","5","050","","2","","","","","","","","","","","","","","","","","","","","","","","","","","","","","","","","","","","","","","","","","","","","","","","","","","","","","","","","","","","","","","","","","","","","","","","","","","","","","","","","","","","","","","","","","","","SYN004BUFR","","","","","","","","","",""
"01024099999","2022-02-17T17:00:00","78.65","16.3666666","20.0","PYRAMIDEN, NO","FM-12","4","","-5","3","","","","","69","","29.75","29.71","","2","346","","1","","","","","","","","","","","","","","","","","","","","","","","","","","","","","","","","","","","","","","","","","","","","","","","","","","","","","","","","","","","","","","","","","","","","","","","","","","","","","","","","","","","","","","","","","","","SYN004BUFR","","","","","","","","","",""
"01024099999","2022-02-17T18:00:00","78.65","16.3666666","20.0","PYRAMIDEN, NO","FM-12","4","","-4","4","","","+0.00","7","68","","29.75","29.70","","3","108","","2","","","","","","","","","","","","","","","","","","","","","","","","","","","","","","","","","","","","","","","","","","","","","","","","","","","","","","","","","","","","","","","","","","","","","","","","","","","","","","","","","","","","","","","","","","","SYN004BUFR","","","","","","","","","",""
"01024099999","2022-02-20T10:00:00","78.65","16.3666666","20.0","PYRAMIDEN, NO","FM-12","4","","-10","-4","","","","","74","","29.47","29.43","","-5","360","","0","","","","","","","","","","","","","","","","","","","","","","","","","","","","","","","","","","","","","","","","","","","","","","","","","","","","","","","","","","","","","","","","","","","","","","","","","","","","","","","","","","","","","","","","","","","SYN004BUFR","","","","","","","","","",""
"01024099999","2022-02-22T07:00:00","78.65","16.3666666","20.0","PYRAMIDEN, NO","FM-12","4","","-16","-6","","","+0.01","7","63","","29.57","29.52","","-7","029","","2","","","","","","","","","","","","","","","","","","","","","","","","","","","","","","","","","","","","","","","","","","","","","","","","","","","","","","","","","","","","","","","","","","","","","","","","","","","","","","","","","","","","","","","","","","","SYN004BUFR","","","","","","","","","",""
"01024099999","2022-02-22T10:00:00","78.65","16.3666666","20.0","PYRAMIDEN, NO","FM-12","4","","-12","-3","","","-0.01","2","65","","29.57","29.53","","-4","","","0","","","","","","","","","","","","","","","","","","","","","","","","","","","","","","","","","","","","","","","","","","","","","","","","","","","","","","","","","","","","","","","","","","","","","","","","","","","","","","","","","","","","","","","","","","","SYN004BUFR","","","","","","","","","",""
"01024099999","2022-02-24T06:00:00","78.65","16.3666666","20.0","PYRAMIDEN, NO","FM-12","4","","-24","-16","","","+0.03","7","67","","29.42","29.38","","-17","","","0","","","","","","","","","","","","","","","","","","","","","","","","","","","","","","","","","","","","","","","","","","","","","","","","","","","","","","","","","","","","","","","","","","","","","","","","","","","","","","","","","","","","","","","","","","","SYN004BUFR","","","","","","","","","",""
"01024099999","2022-03-03T22:00:00","78.65","16.3666666","20.0","PYRAMIDEN, NO","FM-12","4","","4","6","","","-0.03","2","91","","30.17","30.13","","6","","","0","","","","","","","","","","","","","","","","","","","","","","","","","","","","","","","","","","","","","","","","","","","","","","","","","","","","","","","","","","","","","","","","","","","","","","","","","","","","","","","","","","","","","","","","","","","SYN004BUFR","","","","","","","","","",""
"01024099999","2022-03-07T16:00:00","78.65","16.3666666","20.0","PYRAMIDEN, NO","FM-12","4","","21","31","","","+0.03","7","68","","29.55","29.51","","28","085","15","12","","","","","","","","","","","","","","","","","","","","","","","","","","","","","","","","","","","","","","","","","","","","","","","","","","","","","","","","","","","","","","","","","","","","","","","","","","","","","","","","","","","","","","","","","","","SYN004BUFR","","","","","","","","","",""
"01024099999","2022-03-25T07:00:00","78.65","16.3666666","20.0","PYRAMIDEN, NO","FM-12","4","","-11","-1","","","+0.02","8","61","","30.14","30.10","","-2","","17","0","","","","","","","","","","","","","","","","","","","","","","","","","","","","","","","","","","","","","","","","","","","","","","","","","","","","","","","","","","","","","","","","","","","","","","","","","","","","","","","","","","","","","","","","","","","SYN004BUFR","","","","","","","","","",""
"01024099999","2022-04-11T21:00:00","78.65","16.3666666","20.0","PYRAMIDEN, NO","FM-12","4","","-3","3","","","+0.02","7","75","","30.07","30.03","","2","","","0","","","","","","","","","","","","","","","","","","","","","","","","","","","","","","","","","","","","","","","","","","","","","","","","","","","","","","","","","","","","","","","","","","","","","","","","","","","","","","","","","","","","","","","","","","","SYN004BUFR","","","","","","","","","",""
"01024099999","2022-07-02T21:00:00","78.65","16.3666666","20.0","PYRAMIDEN, NO","FM-12","4","","45","45","","","+0.06","7","100","","29.83","29.79","","45","160","","1","","","","","","","","","","","","","","","","","","","","","","","","","","","","","","","","","","","","","","","","","","","","","","","","","","","","","","","","","","","","","","","","","","","","","","","","","","","","","","","","","","","","","","","","","","","SYN004BUFR","","","","","","","","","",""
"01024099999","2022-07-06T14:00:00","78.65","16.3666666","20.0","PYRAMIDEN, NO","FM-12","4","","31","49","","","0.00","4","50","","29.83","29.79","","41","086","","3","","","","","","","","","","","","","","","","","","","","","","","","","","","","","","","","","","","","","","","","","","","","","","","","","","","","","","","","","","","","","","","","","","","","","","","","","","","","","","","","","","","","","","","","","","","SYN004BUFR","","","","","","","","","",""
"01024099999","2022-07-07T11:00:00","78.65","16.3666666","20.0","PYRAMIDEN, NO","FM-12","4","","32","46","","","0.00","4","59","","29.79","29.75","","40","136","","5","","","","","","","","","","","","","","","","","","","","","","","","","","","","","","","","","","","","","","","","","","","","","","","","","","","","","","","","","","","","","","","","","","","","","","","","","","","","","","","","","","","","","","","","","","","SYN004BUFR","","","","","","","","","",""
"01024099999","2022-07-08T01:00:00","78.65","16.3666666","20.0","PYRAMIDEN, NO","FM-12","4","","35","47","","","-0.01","2","63","","29.83","29.79","","42","332","","1","","","","","","","","","","","","","","","","","","","","","","","","","","","","","","","","","","","","","","","","","","","","","","","","","","","","","","","","","","","","","","","","","","","","","","","","","","","","","","","","","","","","","","","","","","","SYN004BUFR","","","","","","","","","",""
"01024099999","2022-07-08T21:00:00","78.65","16.3666666","20.0","PYRAMIDEN, NO","FM-12","4","","39","47","","","","","72","","29.81","29.77","","43","151","13","7","","","","","","","","","","","","","","","","","","","","","","","","","","","","","","","","","","","","","","","","","","","","","","","","","","","","","","","","","","","","","","","","","","","","","","","","","","","","","","","","","","","","","","","","","","","SYN004BUFR","","","","","","","","","",""
"01024099999","2022-07-10T21:00:00","78.65","16.3666666","20.0","PYRAMIDEN, NO","FM-12","4","","40","45","","","","","84","","29.89","29.85","","43","273","","6","","","","","","","","","","","","","","","","","","","","","","","","","","","","","","","","","","","","","","","","","","","","","","","","","","","","","","","","","","","","","","","","","","","","","","","","","","","","","","","","","","","","","","","","","","","SYN004BUFR","","","","","","","","","",""
"01024099999","2022-07-12T19:00:00","78.65","16.3666666","20.0","PYRAMIDEN, NO","FM-12","4","","46","46","","","-0.01","0","100","","29.64","29.60","","46","116","","4","","","","","","","","","","","","","","","","","","","","","","","","","","","","","","","","","","","","","","","","","","","","","","","","","","","","","","","","","","","","","","","","","","","","","","","","","","","","","","","","","","","","","","","","","","","SYN004BUFR","","","","","","","","","",""
"01024099999","2022-07-14T21:00:00","78.65","16.3666666","20.0","PYRAMIDEN, NO","FM-12","4","","46","56","","","+0.01","7","67","","29.79","29.75","","51","355","","0","","","","","","","","","","","","","","","","","","","","","","","","","","","","","","","","","","","","","","","","","","","","","","","","","","","","","","","","","","","","","","","","","","","","","","","","","","","","","","","","","","","","","","","","","","","SYN004BUFR","","","","","","","","","",""
"01024099999","2022-07-14T23:00:00","78.65","16.3666666","20.0","PYRAMIDEN, NO","FM-12","4","","47","58","","","+0.02","7","66","","29.78","29.74","","52","068","19","6","","","","","","","","","","","","","","","","","","","","","","","","","","","","","","","","","","","","","","","","","","","","","","","","","","","","","","","","","","","","","","","","","","","","","","","","","","","","","","","","","","","","","","","","","","","SYN004BUFR","","","","","","","","","",""
"01024099999","2022-07-15T01:00:00","78.65","16.3666666","20.0","PYRAMIDEN, NO","FM-12","4","","45","56","","","+0.02","7","66","","29.77","29.73","","50","071","19","8","","","","","","","","","","","","","","","","","","","","","","","","","","","","","","","","","","","","","","","","","","","","","","","","","","","","","","","","","","","","","","","","","","","","","","","","","","","","","","","","","","","","","","","","","","","SYN004BUFR","","","","","","","","","",""
"01024099999","2022-07-15T12:00:00","78.65","16.3666666","20.0","PYRAMIDEN, NO","FM-12","4","","46","59","","","+0.02","7","62","","29.70","29.67","","52","232","12","3","","","","","","","","","","","","","","","","","","","","","","","","","","","","","","","","","","","","","","","","","","","","","","","","","","","","","","","","","","","","","","","","","","","","","","","","","","","","","","","","","","","","","","","","","","","SYN004BUFR","","","","","","","","","",""
"01024099999","2022-07-16T07:00:00","78.65","16.3666666","20.0","PYRAMIDEN, NO","FM-12","4","","47","54","","","+0.01","6","80","","29.64","29.61","","50","102","17","1","","","","","","","","","","","","","","","","","","","","","","","","","","","","","","","","","","","","","","","","","","","","","","","","","","","","","","","","","","","","","","","","","","","","","","","","","","","","","","","","","","","","","","","","","","","SYN004BUFR","","","","","","","","","",""
"01024099999","2022-07-16T22:00:00","78.65","16.3666666","20.0","PYRAMIDEN, NO","FM-12","4","","44","57","","","","","62","","29.72","29.68","","50","088","17","14","","","","","","","","","","","","","","","","","","","","","","","","","","","","","","","","","","","","","","","","","","","","","","","","","","","","","","","","","","","","","","","","","","","","","","","","","","","","","","","","","","","","","","","","","","","SYN004BUFR","","","","","","","","","",""
"01024099999","2022-07-17T23:00:00","78.65","16.3666666","20.0","PYRAMIDEN, NO","FM-12","4","","49","57","","","","","75","","29.71","29.67","","53","006","","2","","","","","","","","","","","","","","","","","","","","","","","","","","","","","","","","","","","","","","","","","","","","","","","","","","","","","","","","","","","","","","","","","","","","","","","","","","","","","","","","","","","","","","","","","","","SYN004BUFR","","","","","","","","","",""
"01024099999","2022-07-19T07:00:00","78.65","16.3666666","20.0","PYRAMIDEN, NO","FM-12","4","","45","53","","","","","75","","30.08","30.04","","49","195","13","4","","","","","","","","","","","","","","","","","","","","","","","","","","","","","","","","","","","","","","","","","","","","","","","","","","","","","","","","","","","","","","","","","","","","","","","","","","","","","","","","","","","","","","","","","","","SYN004BUFR","","","","","","","","","",""
"01024099999","2022-07-19T21:00:00","78.65","16.3666666","20.0","PYRAMIDEN, NO","FM-12","4","","46","52","","","-0.02","2","80","","30.10","30.06","","49","124","","3","","","","","","","","","","","","","","","","","","","","","","","","","","","","","","","","","","","","","","","","","","","","","","","","","","","","","","","","","","","","","","","","","","","","","","","","","","","","","","","","","","","","","","","","","","","SYN004BUFR","","","","","","","","","",""
"01024099999","2022-07-20T01:00:00","78.65","16.3666666","20.0","PYRAMIDEN, NO","FM-12","4","","48","48","","","-0.03","2","99","","30.14","30.10","","48","004","","0","","","","","","","","","","","","","","","","","","","","","","","","","","","","","","","","","","","","","","","","","","","","","","","","","","","","","","","","","","","","","","","","","","","","","","","","","","","","","","","","","","","","","","","","","","","SYN004BUFR","","","","","","","","","",""
"01024099999","2022-07-22T07:00:00","78.65","16.3666666","20.0","PYRAMIDEN, NO","FM-12","4","","48","51","","","+0.03","7","89","","29.82","29.78","","49","246","","4","","","","","","","","","","","","","","","","","","","","","","","","","","","","","","","","","","","","","","","","","","","","","","","","","","","","","","","","","","","","","","","","","","","","","","","","","","","","","","","","","","","","","","","","","","","SYN004BUFR","","","","","","","","","",""
"01024099999","2022-07-22T10:00:00","78.65","16.3666666","20.0","PYRAMIDEN, NO","FM-12","4","","49","51","","","+0.02","7","93","","29.80","29.76","","50","197","","7","","","","","","","","","","","","","","","","","","","","","","","","","","","","","","","","","","","","","","","","","","","","","","","","","","","","","","","","","","","","","","","","","","","","","","","","","","","","","","","","","","","","","","","","","","","SYN004BUFR","","","","","","","","","",""
"01024099999","2022-08-08T06:00:00","78.65","16.3666666","20.0","PYRAMIDEN, NO","FM-12","4","","47","48","","","","","99","","29.72","29.68","","48","","","0","","","","","","","","","","","","","","","","","","","","","","","","","","","","","","","","","","","","","","","","","","","","","","","","","","","","","","","","","","","","","","","","","","","","","","","","","","","","","","","","","","","","","","","","","","","SYN004BUFR","","","","","","","","","",""
"01024099999","2022-08-12T00:00:00","78.65","16.3666666","20.0","PYRAMIDEN, NO","FM-12","4","","39","47","","","-0.04","2","73","","29.43","29.39","","43","133","","3","","","","","","","","","","","","","","","","","","","","","","","","","","","","","","","","","","","","","","","","","","","","","","","","","","","","","","","","","","","","","","","","","","","","","","","","","","","","","","","","","","","","","","","","","","","SYN004BUFR","","","","","","","","","",""
"01024099999","2022-08-12T23:00:00","78.65","16.3666666","20.0","PYRAMIDEN, NO","FM-12","4","","42","48","","","-0.02","2","80","","29.68","29.64","","45","118","","4","","","","","","","","","","","","","","","","","","","","","","","","","","","","","","","","","","","","","","","","","","","","","","","","","","","","","","","","","","","","","","","","","","","","","","","","","","","","","","","","","","","","","","","","","","","SYN004BUFR","","","","","","","","","",""
"01024099999","2022-08-15T23:00:00","78.65","16.3666666","20.0","PYRAMIDEN, NO","FM-12","4","","41","45","","","-0.03","2","88","","30.12","30.08","","43","065","","5","","","","","","","","","","","","","","","","","","","","","","","","","","","","","","","","","","","","","","","","","","","","","","","","","","","","","","","","","","","","","","","","","","","","","","","","","","","","","","","","","","","","","","","","","","","SYN004BUFR","","","","","","","","","",""
"01024099999","2022-08-16T09:00:00","78.65","16.3666666","20.0","PYRAMIDEN, NO","FM-12","4","","37","48","","","+0.02","7","66","","30.07","30.03","","43","123","","7","","","","","","","","","","","","","","","","","","","","","","","","","","","","","","","","","","","","","","","","","","","","","","","","","","","","","","","","","","","","","","","","","","","","","","","","","","","","","","","","","","","","","","","","","","","SYN004BUFR","","","","","","","","","",""
"01024099999","2022-08-21T00:00:00","78.65","16.3666666","20.0","PYRAMIDEN, NO","FM-12","4","","34","39","","","0.00","4","85","","29.86","29.83","","37","000","","0","","","","","","","","","","","","","","","","","","","","","","","","","","","","","","","","","","","","","","","","","","","","","","","","","","","","","","","","","","","","","","","","","","","","","","","","","","","","","","","","","","","","","","","","","","","SYN004BUFR","","","","","","","","","",""
"01024099999","2022-08-24T21:00:00","78.65","16.3666666","20.0","PYRAMIDEN, NO","FM-12","4","","41","43","","","+0.01","8","94","","29.91","29.87","","42","304","13","7","","","","","","","","","","","","","","","","","","","","","","","","","","","","","","","","","","","","","","","","","","","","","","","","","","","","","","","","","","","","","","","","","","","","","","","","","","","","","","","","","","","","","","","","","","","SYN004BUFR","","","","","","","","","",""
"01024099999","2022-08-29T14:00:00","78.65","16.3666666","20.0","PYRAMIDEN, NO","FM-12","4","","32","40","","","-0.01","2","74","","30.21","30.17","","37","170","","1","","","","","","","","","","","","","","","","","","","","","","","","","","","","","","","","","","","","","","","","","","","","","","","","","","","","","","","","","","","","","","","","","","","","","","","","","","","","","","","","","","","","","","","","","","","SYN004BUFR","","","","","","","","","",""
"01024099999","2022-09-02T21:00:00","78.65","16.3666666","20.0","PYRAMIDEN, NO","FM-12","4","","44","44","","","+0.03","7","100","","30.40","30.37","","44","110","","2","","","","","","","","","","","","","","","","","","","","","","","","","","","","","","","","","","","","","","","","","","","","","","","","","","","","","","","","","","","","","","","","","","","","","","","","","","","","","","","","","","","","","","","","","","","SYN004BUFR","","","","","","","","","",""
"01024099999","2022-09-02T23:00:00","78.65","16.3666666","20.0","PYRAMIDEN, NO","FM-12","4","","43","43","","","+0.03","7","100","","30.38","30.35","","43","000","","0","","","","","","","","","","","","","","","","","","","","","","","","","","","","","","","","","","","","","","","","","","","","","","","","","","","","","","","","","","","","","","","","","","","","","","","","","","","","","","","","","","","","","","","","","","","SYN004BUFR","","","","","","","","","",""
"01024099999","2022-09-05T23:00:00","78.65","16.3666666","20.0","PYRAMIDEN, NO","FM-12","4","","35","39","","","-0.01","3","85","","30.22","30.18","","37","327","","4","","","","","","","","","","","","","","","","","","","","","","","","","","","","","","","","","","","","","","","","","","","","","","","","","","","","","","","","","","","","","","","","","","","","","","","","","","","","","","","","","","","","","","","","","","","SYN004BUFR","","","","","","","","","",""
"01024099999","2022-09-07T07:00:00","78.65","16.3666666","20.0","PYRAMIDEN, NO","FM-12","4","","40","40","","","+0.02","7","100","","30.01","29.97","","40","313","","2","","","","","","","","","","","","","","","","","","","","","","","","","","","","","","","","","","","","","","","","","","","","","","","","","","","","","","","","","","","","","","","","","","","","","","","","","","","","","","","","","","","","","","","","","","","SYN004BUFR","","","","","","","","","",""
"01024099999","2022-09-12T21:00:00","78.65","16.3666666","20.0","PYRAMIDEN, NO","FM-12","4","","33","33","","","+0.03","8","99","","29.47","29.44","","33","329","","1","","","","","","","","","","","","","","","","","","","","","","","","","","","","","","","","","","","","","","","","","","","","","","","","","","","","","","","","","","","","","","","","","","","","","","","","","","","","","","","","","","","","","","","","","","","SYN004BUFR","","","","","","","","","",""
"01024099999","2022-09-14T23:00:00","78.65","16.3666666","20.0","PYRAMIDEN, NO","FM-12","4","","29","32","","","-0.04","2","88","","30.05","30.01","","31","354","","0","","","","","","","","","","","","","","","","","","","","","","","","","","","","","","","","","","","","","","","","","","","","","","","","","","","","","","","","","","","","","","","","","","","","","","","","","","","","","","","","","","","","","","","","","","","SYN004BUFR","","","","","","","","","",""
"01024099999","2022-09-15T01:00:00","78.65","16.3666666","20.0","PYRAMIDEN, NO","FM-12","4","","29","32","","","-0.02","2","87","","30.06","30.02","","31","302","","2","","","","","","","","","","","","","","","","","","","","","","","","","","","","","","","","","","","","","","","","","","","","","","","","","","","","","","","","","","","","","","","","","","","","","","","","","","","","","","","","","","","","","","","","","","","SYN004BUFR","","","","","","","","","",""
"01024099999","2022-09-19T22:00:00","78.65","16.3666666","20.0","PYRAMIDEN, NO","FM-12","4","","24","28","","","+0.04","7","82","","30.12","30.08","","27","329","","1","","","","","","","","","","","","","","","","","","","","","","","","","","","","","","","","","","","","","","","","","","","","","","","","","","","","","","","","","","","","","","","","","","","","","","","","","","","","","","","","","","","","","","","","","","","SYN004BUFR","","","","","","","","","",""
"01024099999","2022-09-20T07:00:00","78.65","16.3666666","20.0","PYRAMIDEN, NO","FM-12","4","","26","36","","","+0.07","7","66","","29.92","29.88","","32","138","","7","","","","","","","","","","","","","","","","","","","","","","","","","","","","","","","","","","","","","","","","","","","","","","","","","","","","","","","","","","","","","","","","","","","","","","","","","","","","","","","","","","","","","","","","","","","SYN004BUFR","","","","","","","","","",""
"01024099999","2022-09-24T22:00:00","78.65","16.3666666","20.0","PYRAMIDEN, NO","FM-12","4","","33","40","","","+0.01","7","77","","29.51","29.47","","37","292","","2","","","","","","","","","","","","","","","","","","","","","","","","","","","","","","","","","","","","","","","","","","","","","","","","","","","","","","","","","","","","","","","","","","","","","","","","","","","","","","","","","","","","","","","","","","","SYN004BUFR","","","","","","","","","",""
"01024099999","2022-09-27T22:00:00","78.65","16.3666666","20.0","PYRAMIDEN, NO","FM-12","4","","38","38","","","","","100","","29.91","29.87","","38","334","","1","","","","","","","","","","","","","","","","","","","","","","","","","","","","","","","","","","","","","","","","","","","","","","","","","","","","","","","","","","","","","","","","","","","","","","","","","","","","","","","","","","","","","","","","","","","SYN004BUFR","","","","","","","","","",""
"01024099999","2022-09-30T07:00:00","78.65","16.3666666","20.0","PYRAMIDEN, NO","FM-12","4","","","39","","","-0.01","2","","","29.87","29.83","","","","","0","","","","","","","","","","","","","","","","","","","","","","","","","","","","","","","","","","","","","","","","","","","","","","","","","","","","","","","","","","","","","","","","","","","","","","","","","","","","","","","","","","","","","","","","","","","SYN004BUFR","","","","","","","","","",""
"01024099999","2022-10-03T02:00:00","78.65","16.3666666","20.0","PYRAMIDEN, NO","FM-12","4","","35","36","","","0.00","4","99","","29.84","29.80","","36","","","0","","","","","","","","","","","","","","","","","","","","","","","","","","","","","","","","","","","","","","","","","","","","","","","","","","","","","","","","","","","","","","","","","","","","","","","","","","","","","","","","","","","","","","","","","","","SYN004BUFR","","","","","","","","","",""
"01024099999","2022-10-03T07:00:00","78.65","16.3666666","20.0","PYRAMIDEN, NO","FM-12","4","","36","36","","","-0.01","1","100","","29.85","29.81","","36","","","0","","","","","","","","","","","","","","","","","","","","","","","","","","","","","","","","","","","","","","","","","","","","","","","","","","","","","","","","","","","","","","","","","","","","","","","","","","","","","","","","","","","","","","","","","","","SYN004BUFR","","","","","","","","","",""
"01024099999","2022-10-11T21:00:00","78.65","16.3666666","20.0","PYRAMIDEN, NO","FM-12","4","","24","36","","","+0.03","7","62","","29.47","29.43","","32","097","27","16","","","","","","","","","","","","","","","","","","","","","","","","","","","","","","","","","","","","","","","","","","","","","","","","","","","","","","","","","","","","","","","","","","","","","","","","","","","","","","","","","","","","","","","","","","","SYN004BUFR","","","","","","","","","",""
"01024099999","2022-10-16T01:00:00","78.65","16.3666666","20.0","PYRAMIDEN, NO","FM-12","4","","13","22","","","+0.01","7","69","","29.98","29.94","","19","354","","0","","","","","","","","","","","","","","","","","","","","","","","","","","","","","","","","","","","","","","","","","","","","","","","","","","","","","","","","","","","","","","","","","","","","","","","","","","","","","","","","","","","","","","","","","","","SYN004BUFR","","","","","","","","","",""
"01024099999","2022-10-19T09:00:00","78.65","16.3666666","20.0","PYRAMIDEN, NO","FM-12","4","","5","18","","","","","58","","29.58","29.54","","15","296","","3","","","","","","","","","","","","","","","","","","","","","","","","","","","","","","","","","","","","","","","","","","","","","","","","","","","","","","","","","","","","","","","","","","","","","","","","","","","","","","","","","","","","","","","","","","","SYN004BUFR","","","","","","","","","",""
"01024099999","2022-10-19T21:00:00","78.65","16.3666666","20.0","PYRAMIDEN, NO","FM-12","4","","17","26","","","-0.07","1","70","","29.60","29.56","","23","296","17","12","","","","","","","","","","","","","","","","","","","","","","","","","","","","","","","","","","","","","","","","","","","","","","","","","","","","","","","","","","","","","","","","","","","","","","","","","","","","","","","","","","","","","","","","","","","SYN004BUFR","","","","","","","","","",""
"01024099999","2022-10-22T21:00:00","78.65","16.3666666","20.0","PYRAMIDEN, NO","FM-12","4","","8","21","","","-0.02","2","58","","29.61","29.57","","18","125","","2","","","","","","","","","","","","","","","","","","","","","","","","","","","","","","","","","","","","","","","","","","","","","","","","","","","","","","","","","","","","","","","","","","","","","","","","","","","","","","","","","","","","","","","","","","","SYN004BUFR","","","","","","","","","",""
"01024099999","2022-10-24T23:00:00","78.65","16.3666666","20.0","PYRAMIDEN, NO","FM-12","4","","11","19","","","-0.02","2","71","","29.78","29.74","","17","016","","1","","","","","","","","","","","","","","","","","","","","","","","","","","","","","","","","","","","","","","","","","","","","","","","","","","","","","","","","","","","","","","","","","","","","","","","","","","","","","","","","","","","","","","","","","","","SYN004BUFR","","","","","","","","","",""
"01024099999","2022-10-25T10:00:00","78.65","16.3666666","20.0","PYRAMIDEN, NO","FM-12","4","","8","20","","","-0.03","2","60","","29.85","29.81","","17","273","","2","","","","","","","","","","","","","","","","","","","","","","","","","","","","","","","","","","","","","","","","","","","","","","","","","","","","","","","","","","","","","","","","","","","","","","","","","","","","","","","","","","","","","","","","","","","SYN004BUFR","","","","","","","","","",""
"01024099999","2022-10-25T21:00:00","78.65","16.3666666","20.0","PYRAMIDEN, NO","FM-12","4","","9","23","","","-0.01","2","55","","29.89","29.85","","19","046","16","10","","","","","","","","","","","","","","","","","","","","","","","","","","","","","","","","","","","","","","","","","","","","","","","","","","","","","","","","","","","","","","","","","","","","","","","","","","","","","","","","","","","","","","","","","","","SYN004BUFR","","","","","","","","","",""
"01024099999","2022-11-04T01:00:00","78.65","16.3666666","20.0","PYRAMIDEN, NO","FM-12","4","","30","30","","","-0.03","1","100","","29.61","29.57","","30","","","","","","","","","","","","","","","","","","","","","","","","","","","","","","","","","","","","","","","","","","","","","","","","","","","","","","","","","","","","","","","","","","","","","","","","","","","","","","","","","","","","","","","","","","","","","","SYN004BUFR","","","","","","","","","",""
"01024099999","2022-11-04T02:00:00","78.65","16.3666666","20.0","PYRAMIDEN, NO","FM-12","4","","28","28","","","-0.03","2","100","","29.62","29.58","","28","","","","","","","","","","","","","","","","","","","","","","","","","","","","","","","","","","","","","","","","","","","","","","","","","","","","","","","","","","","","","","","","","","","","","","","","","","","","","","","","","","","","","","","","","","","","","","SYN004BUFR","","","","","","","","","",""
"01024099999","2022-11-04T03:00:00","78.65","16.3666666","20.0","PYRAMIDEN, NO","FM-12","4","","30","30","","","-0.03","3","100","","29.63","29.59","","30","","","","","","","","","","","","","","","","","","","","","","","","","","","","","","","","","","","","","","","","","","","","","","","","","","","","","","","","","","","","","","","","","","","","","","","","","","","","","","","","","","","","","","","","","","","","","","SYN004BUFR","","","","","","","","","",""
"01024099999","2022-11-04T04:00:00","78.65","16.3666666","20.0","PYRAMIDEN, NO","FM-12","4","","29","29","","","-0.02","2","100","","29.64","29.59","","29","","","","","","","","","","","","","","","","","","","","","","","","","","","","","","","","","","","","","","","","","","","","","","","","","","","","","","","","","","","","","","","","","","","","","","","","","","","","","","","","","","","","","","","","","","","","","","SYN004BUFR","","","","","","","","","",""
"01024099999","2022-11-04T05:00:00","78.65","16.3666666","20.0","PYRAMIDEN, NO","FM-12","4","","26","30","","","-0.02","2","85","","29.65","29.61","","29","","","","","","","","","","","","","","","","","","","","","","","","","","","","","","","","","","","","","","","","","","","","","","","","","","","","","","","","","","","","","","","","","","","","","","","","","","","","","","","","","","","","","","","","","","","","","","SYN004BUFR","","","","","","","","","",""
"01024099999","2022-11-04T06:00:00","78.65","16.3666666","20.0","PYRAMIDEN, NO","FM-12","4","","25","31","","","-0.02","2","80","","29.65","29.61","","29","","","","","","","","","","","","","","","","","","","","","","","","","","","","","","","","","","","","","","","","","","","","","","","","","","","","","","","","","","","","","","","","","","","","","","","","","","","","","","","","","","","","","","","","","","","","","","SYN004BUFR","","","","","","","","","",""
"01024099999","2022-11-04T07:00:00","78.65","16.3666666","20.0","PYRAMIDEN, NO","FM-12","4","","24","28","","","-0.02","2","85","","29.66","29.62","","27","","","","","","","","","","","","","","","","","","","","","","","","","","","","","","","","","","","","","","","","","","","","","","","","","","","","","","","","","","","","","","","","","","","","","","","","","","","","","","","","","","","","","","","","","","","","","","SYN004BUFR","","","","","","","","","",""
"01024099999","2022-11-04T08:00:00","78.65","16.3666666","20.0","PYRAMIDEN, NO","FM-12","4","","24","29","","","-0.03","1","79","","29.67","29.64","","27","","","","","","","","","","","","","","","","","","","","","","","","","","","","","","","","","","","","","","","","","","","","","","","","","","","","","","","","","","","","","","","","","","","","","","","","","","","","","","","","","","","","","","","","","","","","","","SYN004BUFR","","","","","","","","","",""
"01024099999","2022-11-04T09:00:00","78.65","16.3666666","20.0","PYRAMIDEN, NO","FM-12","4","","23","29","","","-0.04","2","79","","29.69","29.65","","27","","","","","","","","","","","","","","","","","","","","","","","","","","","","","","","","","","","","","","","","","","","","","","","","","","","","","","","","","","","","","","","","","","","","","","","","","","","","","","","","","","","","","","","","","","","","","","SYN004BUFR","","","","","","","","","",""
"01024099999","2022-11-04T11:00:00","78.65","16.3666666","20.0","PYRAMIDEN, NO","FM-12","4","","24","29","","","-0.04","2","81","","29.71","29.67","","27","","","","","","","","","","","","","","","","","","","","","","","","","","","","","","","","","","","","","","","","","","","","","","","","","","","","","","","","","","","","","","","","","","","","","","","","","","","","","","","","","","","","","","","","","","","","","","SYN004BUFR","","","","","","","","","",""
"01024099999","2022-11-04T12:00:00","78.65","16.3666666","20.0","PYRAMIDEN, NO","FM-12","4","","24","29","","","-0.03","2","81","","29.72","29.68","","27","","","","","","","","","","","","","","","","","","","","","","","","","","","","","","","","","","","","","","","","","","","","","","","","","","","","","","","","","","","","","","","","","","","","","","","","","","","","","","","","","","","","","","","","","","","","","","SYN004BUFR","","","","","","","","","",""
"01024099999","2022-11-04T13:00:00","78.65","16.3666666","20.0","PYRAMIDEN, NO","FM-12","4","","25","30","","","-0.03","2","83","","29.73","29.69","","28","","","","","","","","","","","","","","","","","","","","","","","","","","","","","","","","","","","","","","","","","","","","","","","","","","","","","","","","","","","","","","","","","","","","","","","","","","","","","","","","","","","","","","","","","","","","","","SYN004BUFR","","","","","","","","","",""
"01024099999","2022-11-04T14:00:00","78.65","16.3666666","20.0","PYRAMIDEN, NO","FM-12","4","","25","30","","","-0.03","2","82","","29.74","29.70","","28","","","","","","","","","","","","","","","","","","","","","","","","","","","","","","","","","","","","","","","","","","","","","","","","","","","","","","","","","","","","","","","","","","","","","","","","","","","","","","","","","","","","","","","","","","","","","","SYN004BUFR","","","","","","","","","",""
"01024099999","2022-11-07T13:00:00","78.65","16.3666666","20.0","PYRAMIDEN, NO","FM-12","4","","28","32","","","","","87","","29.73","29.69","","31","338","","5","","","","","","","","","","","","","","","","","","","","","","","","","","","","","","","","","","","","","","","","","","","","","","","","","","","","","","","","","","","","","","","","","","","","","","","","","","","","","","","","","","","","","","","","","","","SYN004BUFR","","","","","","","","","",""
"01024099999","2022-11-08T07:00:00","78.65","16.3666666","20.0","PYRAMIDEN, NO","FM-12","4","","15","20","","","","","81","","29.90","29.85","","19","000","","0","","","","","","","","","","","","","","","","","","","","","","","","","","","","","","","","","","","","","","","","","","","","","","","","","","","","","","","","","","","","","","","","","","","","","","","","","","","","","","","","","","","","","","","","","","","SYN004BUFR","","","","","","","","","",""
"01024099999","2022-11-09T23:00:00","78.65","16.3666666","20.0","PYRAMIDEN, NO","FM-12","4","","6","16","","","0.00","4","65","","29.96","29.92","","14","319","","2","","","","","","","","","","","","","","","","","","","","","","","","","","","","","","","","","","","","","","","","","","","","","","","","","","","","","","","","","","","","","","","","","","","","","","","","","","","","","","","","","","","","","","","","","","","SYN004BUFR","","","","","","","","","",""
"01024099999","2022-11-10T18:00:00","78.65","16.3666666","20.0","PYRAMIDEN, NO","FM-12","4","","18","24","","","+0.03","7","79","","29.87","29.83","","22","000","","0","","","","","","","","","","","","","","","","","","","","","","","","","","","","","","","","","","","","","","","","","","","","","","","","","","","","","","","","","","","","","","","","","","","","","","","","","","","","","","","","","","","","","","","","","","","SYN004BUFR","","","","","","","","","",""
"01024099999","2022-11-11T07:00:00","78.65","16.3666666","20.0","PYRAMIDEN, NO","FM-12","4","","15","20","","","+0.02","7","83","","29.78","29.74","","19","348","","0","","","","","","","","","","","","","","","","","","","","","","","","","","","","","","","","","","","","","","","","","","","","","","","","","","","","","","","","","","","","","","","","","","","","","","","","","","","","","","","","","","","","","","","","","","","SYN004BUFR","","","","","","","","","",""
"01024099999","2022-11-25T02:00:00","78.65","16.3666666","20.0","PYRAMIDEN, NO","FM-12","4","","28","28","","","+0.01","7","99","","29.96","29.91","","28","","","0","","","","","","","","","","","","","","","","","","","","","","","","","","","","","","","","","","","","","","","","","","","","","","","","","","","","","","","","","","","","","","","","","","","","","","","","","","","","","","","","","","","","","","","","","","","SYN004BUFR","","","","","","","","","",""
"01024099999","2022-12-02T22:00:00","78.65","16.3666666","20.0","PYRAMIDEN, NO","FM-12","4","","33","42","","","+0.01","5","71","","30.34","30.30","","38","247","23","13","","","","","","","","","","","","","","","","","","","","","","","","","","","","","","","","","","","","","","","","","","","","","","","","","","","","","","","","","","","","","","","","","","","","","","","","","","","","","","","","","","","","","","","","","","","SYN004BUFR","","","","","","","","","",""
"01024099999","2022-12-27T01:00:00","78.65","16.3666666","20.0","PYRAMIDEN, NO","FM-12","4","","8","22","","","+0.05","7","55","","29.53","29.49","","18","058","18","8","","","","","","","","","","","","","","","","","","","","","","","","","","","","","","","","","","","","","","","","","","","","","","","","","","","","","","","","","","","","","","","","","","","","","","","","","","","","","","","","","","","","","","","","","","","SYN004BUFR","","","","","","","","","",""
