"STATION","DATE","LATITUDE","LONGITUDE","ELEVATION","NAME","REPORT_TYPE","SOURCE","HourlyAltimeterSetting","HourlyDewPointTemperature","HourlyDryBulbTemperature","HourlyPrecipitation","HourlyPresentWeatherType","HourlyPressureChange","HourlyPressureTendency","HourlyRelativeHumidity","HourlySkyConditions","HourlySeaLevelPressure","HourlyStationPressure","HourlyVisibility","HourlyWetBulbTemperature","HourlyWindDirection","HourlyWindGustSpeed","HourlyWindSpeed","Sunrise","Sunset","DailyAverageDewPointTemperature","DailyAverageDryBulbTemperature","DailyAverageRelativeHumidity","DailyAverageSeaLevelPressure","DailyAverageStationPressure","DailyAverageWetBulbTemperature","DailyAverageWindSpeed","DailyCoolingDegreeDays","DailyDepartureFromNormalAverageTemperature","DailyHeatingDegreeDays","DailyMaximumDryBulbTemperature","DailyMinimumDryBulbTemperature","DailyPeakWindDirection","DailyPeakWindSpeed","DailyPrecipitation","DailySnowDepth","DailySnowfall","DailySustainedWindDirection","DailySustainedWindSpeed","DailyWeather","MonthlyAverageRH","MonthlyDaysWithGT001Precip","MonthlyDaysWithGT010Precip","MonthlyDaysWithGT32Temp","MonthlyDaysWithGT90Temp","MonthlyDaysWithLT0Temp","MonthlyDaysWithLT32Temp","MonthlyDepartureFromNormalAverageTemperature","MonthlyDepartureFromNormalCoolingDegreeDays","MonthlyDepartureFromNormalHeatingDegreeDays","MonthlyDepartureFromNormalMaximumTemperature","MonthlyDepartureFromNormalMinimumTemperature","MonthlyDepartureFromNormalPrecipitation","MonthlyDewpointTemperature","MonthlyGreatestPrecip","MonthlyGreatestPrecipDate","MonthlyGreatestSnowDepth","MonthlyGreatestSnowDepthDate","MonthlyGreatestSnowfall","MonthlyGreatestSnowfallDate","MonthlyMaxSeaLevelPressureValue","MonthlyMaxSeaLevelPressureValueDate","MonthlyMaxSeaLevelPressureValueTime","MonthlyMaximumTemperature","MonthlyMeanTemperature","MonthlyMinSeaLevelPressureValue","MonthlyMinSeaLevelPressureValueDate","MonthlyMinSeaLevelPressureValueTime","MonthlyMinimumTemperature","MonthlySeaLevelPressure","MonthlyStationPressure","MonthlyTotalLiquidPrecipitation","MonthlyTotalSnowfall","MonthlyWetBulb","AWND","CDSD","CLDD","DSNW","HDSD","HTDD","DYTS","DYHF","NormalsCoolingDegreeDay","NormalsHeatingDegreeDay","ShortDurationEndDate005","ShortDurationEndDate010","ShortDurationEndDate015","ShortDurationEndDate020","ShortDurationEndDate030","ShortDurationEndDate045","ShortDurationEndDate060","ShortDurationEndDate080","ShortDurationEndDate100","ShortDurationEndDate120","ShortDurationEndDate150","ShortDurationEndDate180","ShortDurationPrecipitationValue005","ShortDurationPrecipitationValue010","ShortDurationPrecipitationValue015","ShortDurationPrecipitationValue020","ShortDurationPrecipitationValue030","ShortDurationPrecipitationValue045","ShortDurationPrecipitationValue060","ShortDurationPrecipitationValue080","ShortDurationPrecipitationValue100","ShortDurationPrecipitationValue120","ShortDurationPrecipitationValue150","ShortDurationPrecipitationValue180","REM","BackupDirection","BackupDistance","BackupDistanceUnit","BackupElements","BackupElevation","BackupEquipment","BackupLatitude","BackupLongitude","BackupName","WindEquipmentChangeDate"
"01033099999","2022-01-20T13:00:00","70.25","19.5","24.0","TORSVAG FYR, NO","FM-12","4","","26","36","","","-0.16","1","68","","29.33","29.24","","32","342","47","31","","","","","","","","","","","","","","","","","","","","","","","","","","","","","","","","","","","","","","","","","","","","","","","","","","","","","","","","","","","","","","","","","","","","","","","","","","","","","","","","","","","","","","","","","","","SYN004BUFR","","","","","","","","","",""
"01033099999","2022-01-23T02:00:00","70.25","19.5","24.0","TORSVAG FYR, NO","FM-12","4","","30","39","","","-0.09","1","70","","29.20","29.12","","35","231","47","30","","","","","","","","","","","","","","","","","","","","","","","","","","","","","","","","","","","","","","","","","","","","","","","","","","","","","","","","","","","","","","","","","","","","","","","","","","","","","","","","","","","","","","","","","","","SYN004BUFR","","","","","","","","","",""
"01033099999","2022-01-30T08:00:00","70.25","19.5","24.0","TORSVAG FYR, NO","FM-12","4","","22","32","","","-0.09","2","65","","29.46","29.37","","28","050","22","10","","","","","","","","","","","","","","","","","","","","","","","","","","","","","","","","","","","","","","","","","","","","","","","","","","","","","","","","","","","","","","","","","","","","","","","","","","","","","","","","","","","","","","","","","","","SYN004BUFR","","","","","","","","","",""
"01033099999","2022-02-01T23:00:00","70.25","19.5","24.0","TORSVAG FYR, NO","FM-12","4","","17","30","","","-0.04","2","57","","29.60","29.51","","26","166","22","14","","","","","","","","","","","","","","","","","","","","","","","","","","","","","","","","","","","","","","","","","","","","","","","","","","","","","","","","","","","","","","","","","","","","","","","","","","","","","","","","","","","","","","","","","","","SYN004BUFR","","","","","","","","","",""
"01033099999","2022-02-03T22:00:00","70.25","19.5","24.0","TORSVAG FYR, NO","FM-12","4","","12","23","","","+0.06","5","62","","29.70","29.61","","20","119","50","25","","","","","","","","","","","","","","","","","","","","","","","","","","","","","","","","","","","","","","","","","","","","","","","","","","","","","","","","","","","","","","","","","","","","","","","","","","","","","","","","","","","","","","","","","","","SYN004BUFR","","","","","","","","","",""
"01033099999","2022-02-07T00:00:00","70.25","19.5","24.0","TORSVAG FYR, NO","FM-12","4","","21","34","","","-0.04","2","59","","28.91","28.82","","29","175","22","12","","","","","","","","","","","","","","","","","","","","","","","","","","","","","","","","","","","","","","","","","","","","","","","","","","","","","","","","","","","","","","","","","","","","","","","","","","","","","","","","","","","","","","","","","","","SYN004BUFR","","","","","","","","","",""
"01033099999","2022-02-10T14:00:00","70.25","19.5","24.0","TORSVAG FYR, NO","FM-12","4","","23","33","","","-0.05","2","66","","28.84","28.75","","29","155","17","9","","","","","","","","","","","","","","","","","","","","","","","","","","","","","","","","","","","","","","","","","","","","","","","","","","","","","","","","","","","","","","","","","","","","","","","","","","","","","","","","","","","","","","","","","","","SYN004BUFR","","","","","","","","","",""
"01033099999","2022-02-12T04:00:00","70.25","19.5","24.0","TORSVAG FYR, NO","FM-12","4","","25","27","","","-0.01","3","93","","29.39","29.30","","26","168","18","11","","","","","","","","","","","","","","","","","","","","","","","","","","","","","","","","","","","","","","","","","","","","","","","","","","","","","","","","","","","","","","","","","","","","","","","","","","","","","","","","","","","","","","","","","","","SYN004BUFR","","","","","","","","","",""
"01033099999","2022-02-17T08:00:00","70.25","19.5","24.0","TORSVAG FYR, NO","FM-12","4","","17","28","","","+0.07","8","62","","29.11","29.03","","24","107","49","33","","","","","","","","","","","","","","","","","","","","","","","","","","","","","","","","","","","","","","","","","","","","","","","","","","","","","","","","","","","","","","","","","","","","","","","","","","","","","","","","","","","","","","","","","","","SYN004BUFR","","","","","","","","","",""
"01033099999","2022-02-17T13:00:00","70.25","19.5","24.0","TORSVAG FYR, NO","FM-12","4","","17","28","","","+0.00","5","61","","29.12","29.03","","24","123","43","21","","","","","","","","","","","","","","","","","","","","","","","","","","","","","","","","","","","","","","","","","","","","","","","","","","","","","","","","","","","","","","","","","","","","","","","","","","","","","","","","","","","","","","","","","","","SYN004BUFR","","","","","","","","","",""
"01033099999","2022-02-17T15:00:00","70.25","19.5","24.0","TORSVAG FYR, NO","FM-12","4","","17","28","","","+0.02","5","63","","29.10","29.01","","24","108","54","31","","","","","","","","","","","","","","","","","","","","","","","","","","","","","","","","","","","","","","","","","","","","","","","","","","","","","","","","","","","","","","","","","","","","","","","","","","","","","","","","","","","","","","","","","","","SYN004BUFR","","","","","","","","","",""
"01033099999","2022-02-17T16:00:00","70.25","19.5","24.0","TORSVAG FYR, NO","FM-12","4","","17","28","","","+0.03","5","62","","29.08","29.00","","24","110","47","32","","","","","","","","","","","","","","","","","","","","","","","","","","","","","","","","","","","","","","","","","","","","","","","","","","","","","","","","","","","","","","","","","","","","","","","","","","","","","","","","","","","","","","","","","","","SYN004BUFR","","","","","","","","","",""
"01033099999","2022-02-17T17:00:00","70.25","19.5","24.0","TORSVAG FYR, NO","FM-12","4","","17","28","","","-0.01","0","63","","29.07","28.98","","24","101","47","36","","","","","","","","","","","","","","","","","","","","","","","","","","","","","","","","","","","","","","","","","","","","","","","","","","","","","","","","","","","","","","","","","","","","","","","","","","","","","","","","","","","","","","","","","","","SYN004BUFR","","","","","","","","","",""
"01033099999","2022-02-17T18:00:00","70.25","19.5","24.0","TORSVAG FYR, NO","FM-12","4","","16","28","","","+0.01","5","61","","29.09","29.00","","24","115","42","24","","","","","","","","","","","","","","","","","","","","","","","","","","","","","","","","","","","","","","","","","","","","","","","","","","","","","","","","","","","","","","","","","","","","","","","","","","","","","","","","","","","","","","","","","","","SYN004BUFR","","","","","","","","","",""
"01033099999","2022-02-20T07:00:00","70.25","19.5","24.0","TORSVAG FYR, NO","FM-12","4","","17","27","","","-0.01","2","66","","29.25","29.16","","24","112","12","9","","","","","","","","","","","","","","","","","","","","","","","","","","","","","","","","","","","","","","","","","","","","","","","","","","","","","","","","","","","","","","","","","","","","","","","","","","","","","","","","","","","","","","","","","","","SYN004BUFR","","","","","","","","","",""
"01033099999","2022-02-20T10:00:00","70.25","19.5","24.0","TORSVAG FYR, NO","FM-12","4","","13","28","","","-0.01","3","52","","29.26","29.17","","23","130","17","9","","","","","","","","","","","","","","","","","","","","","","","","","","","","","","","","","","","","","","","","","","","","","","","","","","","","","","","","","","","","","","","","","","","","","","","","","","","","","","","","","","","","","","","","","","","SYN004BUFR","","","","","","","","","",""
"01033099999","2022-02-21T13:00:00","70.25","19.5","24.0","TORSVAG FYR, NO","FM-12","4","","11","26","","","-0.05","2","54","","29.33","29.24","","22","122","17","9","","","","","","","","","","","","","","","","","","","","","","","","","","","","","","","","","","","","","","","","","","","","","","","","","","","","","","","","","","","","","","","","","","","","","","","","","","","","","","","","","","","","","","","","","","","SYN004BUFR","","","","","","","","","",""
"01033099999","2022-02-24T20:00:00","70.25","19.5","24.0","TORSVAG FYR, NO","FM-12","4","","23","31","","","-0.05","2","72","","28.72","28.64","","28","113","15","8","","","","","","","","","","","","","","","","","","","","","","","","","","","","","","","","","","","","","","","","","","","","","","","","","","","","","","","","","","","","","","","","","","","","","","","","","","","","","","","","","","","","","","","","","","","SYN004BUFR","","","","","","","","","",""
"01033099999","2022-02-26T04:00:00","70.25","19.5","24.0","TORSVAG FYR, NO","FM-12","4","","21","26","","","-0.05","3","82","","29.85","29.76","","24","189","30","14","","","","","","","","","","","","","","","","","","","","","","","","","","","","","","","","","","","","","","","","","","","","","","","","","","","","","","","","","","","","","","","","","","","","","","","","","","","","","","","","","","","","","","","","","","","SYN004BUFR","","","","","","","","","",""
"01033099999","2022-03-07T16:00:00","70.25","19.5","24.0","TORSVAG FYR, NO","FM-12","4","","27","38","","","-0.06","2","65","","29.80","29.71","","34","266","24","17","","","","","","","","","","","","","","","","","","","","","","","","","","","","","","","","","","","","","","","","","","","","","","","","","","","","","","","","","","","","","","","","","","","","","","","","","","","","","","","","","","","","","","","","","","","SYN004BUFR","","","","","","","","","",""
"01033099999","2022-03-09T17:00:00","70.25","19.5","24.0","TORSVAG FYR, NO","FM-12","4","","22","42","","","+0.03","5","45","","29.93","29.84","","35","172","28","13","","","","","","","","","","","","","","","","","","","","","","","","","","","","","","","","","","","","","","","","","","","","","","","","","","","","","","","","","","","","","","","","","","","","","","","","","","","","","","","","","","","","","","","","","","","SYN004BUFR","","","","","","","","","",""
"01033099999","2022-03-10T17:00:00","70.25","19.5","24.0","TORSVAG FYR, NO","FM-12","4","","33","41","","","-0.01","3","72","","29.70","29.61","","38","227","55","40","","","","","","","","","","","","","","","","","","","","","","","","","","","","","","","","","","","","","","","","","","","","","","","","","","","","","","","","","","","","","","","","","","","","","","","","","","","","","","","","","","","","","","","","","","","SYN004BUFR","","","","","","","","","",""
"01033099999","2022-03-10T18:00:00","70.25","19.5","24.0","TORSVAG FYR, NO","FM-12","4","","33","41","","","-0.02","1","74","","29.72","29.63","","38","222","58","34","","","","","","","","","","","","","","","","","","","","","","","","","","","","","","","","","","","","","","","","","","","","","","","","","","","","","","","","","","","","","","","","","","","","","","","","","","","","","","","","","","","","","","","","","","","SYN004BUFR","","","","","","","","","",""
"01033099999","2022-03-10T22:00:00","70.25","19.5","24.0","TORSVAG FYR, NO","FM-12","4","","35","40","","","-0.07","3","81","","29.78","29.70","","38","238","53","37","","","","","","","","","","","","","","","","","","","","","","","","","","","","","","","","","","","","","","","","","","","","","","","","","","","","","","","","","","","","","","","","","","","","","","","","","","","","","","","","","","","","","","","","","","","SYN004BUFR","","","","","","","","","",""
"01033099999","2022-03-11T00:00:00","70.25","19.5","24.0","TORSVAG FYR, NO","FM-12","4","","33","41","","","-0.09","3","73","","29.84","29.75","","38","243","47","32","","","","","","","","","","","","","","","","","","","","","","","","","","","","","","","","","","","","","","","","","","","","","","","","","","","","","","","","","","","","","","","","","","","","","","","","","","","","","","","","","","","","","","","","","","","SYN004BUFR","","","","","","","","","",""
"01033099999","2022-03-13T00:00:00","70.25","19.5","24.0","TORSVAG FYR, NO","FM-12","4","","35","40","","","+0.01","7","82","","30.06","29.97","","38","222","","1","","","","","","","","","","","","","","","","","","","","","","","","","","","","","","","","","","","","","","","","","","","","","","","","","","","","","","","","","","","","","","","","","","","","","","","","","","","","","","","","","","","","","","","","","","","SYN004BUFR","","","","","","","","","",""
"01033099999","2022-03-14T15:00:00","70.25","19.5","24.0","TORSVAG FYR, NO","FM-12","4","","29","42","","","+0.02","5","61","","30.11","30.02","","37","188","19","15","","","","","","","","","","","","","","","","","","","","","","","","","","","","","","","","","","","","","","","","","","","","","","","","","","","","","","","","","","","","","","","","","","","","","","","","","","","","","","","","","","","","","","","","","","","SYN004BUFR","","","","","","","","","",""
"01033099999","2022-04-04T23:00:00","70.25","19.5","24.0","TORSVAG FYR, NO","FM-12","4","","19","27","","","-0.01","2","74","","29.41","29.32","","24","165","","4","","","","","","","","","","","","","","","","","","","","","","","","","","","","","","","","","","","","","","","","","","","","","","","","","","","","","","","","","","","","","","","","","","","","","","","","","","","","","","","","","","","","","","","","","","","SYN004BUFR","","","","","","","","","",""
"01033099999","2022-04-06T05:00:00","70.25","19.5","24.0","TORSVAG FYR, NO","FM-12","4","","26","33","","","-0.02","3","77","","29.34","29.25","","30","051","57","27","","","","","","","","","","","","","","","","","","","","","","","","","","","","","","","","","","","","","","","","","","","","","","","","","","","","","","","","","","","","","","","","","","","","","","","","","","","","","","","","","","","","","","","","","","","SYN004BUFR","","","","","","","","","",""
"01033099999","2022-04-06T13:00:00","70.25","19.5","24.0","TORSVAG FYR, NO","FM-12","4","","23","34","","","-0.01","2","64","","29.38","29.29","","30","058","39","13","","","","","","","","","","","","","","","","","","","","","","","","","","","","","","","","","","","","","","","","","","","","","","","","","","","","","","","","","","","","","","","","","","","","","","","","","","","","","","","","","","","","","","","","","","","SYN004BUFR","","","","","","","","","",""
"01033099999","2022-04-08T11:00:00","70.25","19.5","24.0","TORSVAG FYR, NO","FM-12","4","","20","35","","","-0.03","2","56","","29.41","29.32","","30","143","18","12","","","","","","","","","","","","","","","","","","","","","","","","","","","","","","","","","","","","","","","","","","","","","","","","","","","","","","","","","","","","","","","","","","","","","","","","","","","","","","","","","","","","","","","","","","","SYN004BUFR","","","","","","","","","",""
"01033099999","2022-07-16T02:00:00","70.25","19.5","24.0","TORSVAG FYR, NO","FM-12","4","","47","49","","","-0.05","2","90","","29.67","29.59","","48","193","26","16","","","","","","","","","","","","","","","","","","","","","","","","","","","","","","","","","","","","","","","","","","","","","","","","","","","","","","","","","","","","","","","","","","","","","","","","","","","","","","","","","","","","","","","","","","","SYN004BUFR","","","","","","","","","",""
"01033099999","2022-07-16T03:00:00","70.25","19.5","24.0","TORSVAG FYR, NO","FM-12","4","","47","50","","","-0.03","1","89","","29.67","29.59","","48","200","23","16","","","","","","","","","","","","","","","","","","","","","","","","","","","","","","","","","","","","","","","","","","","","","","","","","","","","","","","","","","","","","","","","","","","","","","","","","","","","","","","","","","","","","","","","","","","SYN004BUFR","","","","","","","","","",""
"01033099999","2022-07-16T04:00:00","70.25","19.5","24.0","TORSVAG FYR, NO","FM-12","4","","47","50","","","-0.03","1","89","","29.68","29.60","","48","209","22","15","","","","","","","","","","","","","","","","","","","","","","","","","","","","","","","","","","","","","","","","","","","","","","","","","","","","","","","","","","","","","","","","","","","","","","","","","","","","","","","","","","","","","","","","","","","SYN004BUFR","","","","","","","","","",""
"01033099999","2022-07-16T06:00:00","70.25","19.5","24.0","TORSVAG FYR, NO","FM-12","4","","47","50","","","-0.03","2","88","","29.71","29.62","","48","206","17","11","","","","","","","","","","","","","","","","","","","","","","","","","","","","","","","","","","","","","","","","","","","","","","","","","","","","","","","","","","","","","","","","","","","","","","","","","","","","","","","","","","","","","","","","","","","SYN004BUFR","","","","","","","","","",""
"01033099999","2022-07-16T07:00:00","70.25","19.5","24.0","TORSVAG FYR, NO","FM-12","4","","47","51","","","-0.04","2","88","","29.72","29.63","","49","207","15","9","","","","","","","","","","","","","","","","","","","","","","","","","","","","","","","","","","","","","","","","","","","","","","","","","","","","","","","","","","","","","","","","","","","","","","","","","","","","","","","","","","","","","","","","","","","SYN004BUFR","","","","","","","","","",""
"01033099999","2022-07-16T08:00:00","70.25","19.5","24.0","TORSVAG FYR, NO","FM-12","4","","47","51","","","-0.03","2","86","","29.73","29.65","","49","217","13","10","","","","","","","","","","","","","","","","","","","","","","","","","","","","","","","","","","","","","","","","","","","","","","","","","","","","","","","","","","","","","","","","","","","","","","","","","","","","","","","","","","","","","","","","","","","SYN004BUFR","","","","","","","","","",""
"01033099999","2022-07-16T09:00:00","70.25","19.5","24.0","TORSVAG FYR, NO","FM-12","4","","47","51","","","-0.02","0","87","","29.73","29.65","","49","224","15","6","","","","","","","","","","","","","","","","","","","","","","","","","","","","","","","","","","","","","","","","","","","","","","","","","","","","","","","","","","","","","","","","","","","","","","","","","","","","","","","","","","","","","","","","","","","SYN004BUFR","","","","","","","","","",""
"01033099999","2022-07-16T11:00:00","70.25","19.5","24.0","TORSVAG FYR, NO","FM-12","4","","48","51","","","-0.01","2","88","","29.75","29.66","","49","223","13","10","","","","","","","","","","","","","","","","","","","","","","","","","","","","","","","","","","","","","","","","","","","","","","","","","","","","","","","","","","","","","","","","","","","","","","","","","","","","","","","","","","","","","","","","","","","SYN004BUFR","","","","","","","","","",""
"01033099999","2022-07-16T12:00:00","70.25","19.5","24.0","TORSVAG FYR, NO","FM-12","4","","48","52","","","-0.02","2","87","","29.75","29.67","","50","284","","4","","","","","","","","","","","","","","","","","","","","","","","","","","","","","","","","","","","","","","","","","","","","","","","","","","","","","","","","","","","","","","","","","","","","","","","","","","","","","","","","","","","","","","","","","","","SYN004BUFR","","","","","","","","","",""
"01033099999","2022-07-16T13:00:00","70.25","19.5","24.0","TORSVAG FYR, NO","FM-12","4","","48","51","","","-0.03","2","88","","29.76","29.68","","49","281","14","11","","","","","","","","","","","","","","","","","","","","","","","","","","","","","","","","","","","","","","","","","","","","","","","","","","","","","","","","","","","","","","","","","","","","","","","","","","","","","","","","","","","","","","","","","","","SYN004BUFR","","","","","","","","","",""
"01033099999","2022-07-16T15:00:00","70.25","19.5","24.0","TORSVAG FYR, NO","FM-12","4","","48","51","","","-0.02","2","90","","29.78","29.69","","49","284","13","11","","","","","","","","","","","","","","","","","","","","","","","","","","","","","","","","","","","","","","","","","","","","","","","","","","","","","","","","","","","","","","","","","","","","","","","","","","","","","","","","","","","","","","","","","","","SYN004BUFR","","","","","","","","","",""
"01033099999","2022-07-16T22:00:00","70.25","19.5","24.0","TORSVAG FYR, NO","FM-12","4","","48","49","","","","","95","","29.80","29.71","","48","276","12","5","","","","","","","","","","","","","","","","","","","","","","","","","","","","","","","","","","","","","","","","","","","","","","","","","","","","","","","","","","","","","","","","","","","","","","","","","","","","","","","","","","","","","","","","","","","SYN004BUFR","","","","","","","","","",""
"01033099999","2022-07-17T03:00:00","70.25","19.5","24.0","TORSVAG FYR, NO","FM-12","4","","48","49","","","-0.00","0","97","","29.79","29.70","","48","328","15","11","","","","","","","","","","","","","","","","","","","","","","","","","","","","","","","","","","","","","","","","","","","","","","","","","","","","","","","","","","","","","","","","","","","","","","","","","","","","","","","","","","","","","","","","","","","SYN004BUFR","","","","","","","","","",""
"01033099999","2022-07-17T04:00:00","70.25","19.5","24.0","TORSVAG FYR, NO","FM-12","4","","47","49","","","+0.00","8","96","","29.78","29.70","","48","308","16","13","","","","","","","","","","","","","","","","","","","","","","","","","","","","","","","","","","","","","","","","","","","","","","","","","","","","","","","","","","","","","","","","","","","","","","","","","","","","","","","","","","","","","","","","","","","SYN004BUFR","","","","","","","","","",""
"01033099999","2022-07-17T05:00:00","70.25","19.5","24.0","TORSVAG FYR, NO","FM-12","4","","47","48","","","+0.01","7","95","","29.78","29.69","","48","295","16","12","","","","","","","","","","","","","","","","","","","","","","","","","","","","","","","","","","","","","","","","","","","","","","","","","","","","","","","","","","","","","","","","","","","","","","","","","","","","","","","","","","","","","","","","","","","SYN004BUFR","","","","","","","","","",""
"01033099999","2022-07-17T06:00:00","70.25","19.5","24.0","TORSVAG FYR, NO","FM-12","4","","47","48","","","+0.01","5","96","","29.78","29.70","","48","285","15","8","","","","","","","","","","","","","","","","","","","","","","","","","","","","","","","","","","","","","","","","","","","","","","","","","","","","","","","","","","","","","","","","","","","","","","","","","","","","","","","","","","","","","","","","","","","SYN004BUFR","","","","","","","","","",""
"01033099999","2022-07-17T07:00:00","70.25","19.5","24.0","TORSVAG FYR, NO","FM-12","4","","46","48","","","+0.00","5","94","","29.79","29.70","","47","286","14","10","","","","","","","","","","","","","","","","","","","","","","","","","","","","","","","","","","","","","","","","","","","","","","","","","","","","","","","","","","","","","","","","","","","","","","","","","","","","","","","","","","","","","","","","","","","SYN004BUFR","","","","","","","","","",""
"01033099999","2022-07-17T09:00:00","70.25","19.5","24.0","TORSVAG FYR, NO","FM-12","4","","47","48","","","-0.01","2","94","","29.79","29.70","","48","260","12","7","","","","","","","","","","","","","","","","","","","","","","","","","","","","","","","","","","","","","","","","","","","","","","","","","","","","","","","","","","","","","","","","","","","","","","","","","","","","","","","","","","","","","","","","","","","SYN004BUFR","","","","","","","","","",""
"01033099999","2022-07-17T10:00:00","70.25","19.5","24.0","TORSVAG FYR, NO","FM-12","4","","47","48","","","0.00","4","94","","29.79","29.70","","48","260","12","8","","","","","","","","","","","","","","","","","","","","","","","","","","","","","","","","","","","","","","","","","","","","","","","","","","","","","","","","","","","","","","","","","","","","","","","","","","","","","","","","","","","","","","","","","","","SYN004BUFR","","","","","","","","","",""
"01033099999","2022-07-17T12:00:00","70.25","19.5","24.0","TORSVAG FYR, NO","FM-12","4","","46","48","","","-0.01","3","93","","29.80","29.71","","47","275","16","10","","","","","","","","","","","","","","","","","","","","","","","","","","","","","","","","","","","","","","","","","","","","","","","","","","","","","","","","","","","","","","","","","","","","","","","","","","","","","","","","","","","","","","","","","","","SYN004BUFR","","","","","","","","","",""
"01033099999","2022-07-17T13:00:00","70.25","19.5","24.0","TORSVAG FYR, NO","FM-12","4","","47","49","","","-0.01","3","93","","29.80","29.72","","48","257","12","8","","","","","","","","","","","","","","","","","","","","","","","","","","","","","","","","","","","","","","","","","","","","","","","","","","","","","","","","","","","","","","","","","","","","","","","","","","","","","","","","","","","","","","","","","","","SYN004BUFR","","","","","","","","","",""
"01033099999","2022-07-17T14:00:00","70.25","19.5","24.0","TORSVAG FYR, NO","FM-12","4","","46","49","","","-0.01","2","92","","29.81","29.72","","48","226","12","7","","","","","","","","","","","","","","","","","","","","","","","","","","","","","","","","","","","","","","","","","","","","","","","","","","","","","","","","","","","","","","","","","","","","","","","","","","","","","","","","","","","","","","","","","","","SYN004BUFR","","","","","","","","","",""
"01033099999","2022-07-17T17:00:00","70.25","19.5","24.0","TORSVAG FYR, NO","FM-12","4","","46","48","","","+0.01","7","92","","29.80","29.71","","47","203","17","12","","","","","","","","","","","","","","","","","","","","","","","","","","","","","","","","","","","","","","","","","","","","","","","","","","","","","","","","","","","","","","","","","","","","","","","","","","","","","","","","","","","","","","","","","","","SYN004BUFR","","","","","","","","","",""
"01033099999","2022-07-17T18:00:00","70.25","19.5","24.0","TORSVAG FYR, NO","FM-12","4","","46","48","","","+0.01","7","91","","29.80","29.71","","47","199","20","14","","","","","","","","","","","","","","","","","","","","","","","","","","","","","","","","","","","","","","","","","","","","","","","","","","","","","","","","","","","","","","","","","","","","","","","","","","","","","","","","","","","","","","","","","","","SYN004BUFR","","","","","","","","","",""
"01033099999","2022-07-19T02:00:00","70.25","19.5","24.0","TORSVAG FYR, NO","FM-12","4","","47","49","","","-0.02","2","92","","29.88","29.80","","48","189","","3","","","","","","","","","","","","","","","","","","","","","","","","","","","","","","","","","","","","","","","","","","","","","","","","","","","","","","","","","","","","","","","","","","","","","","","","","","","","","","","","","","","","","","","","","","","SYN004BUFR","","","","","","","","","",""
"01033099999","2022-07-19T03:00:00","70.25","19.5","24.0","TORSVAG FYR, NO","FM-12","4","","47","49","","","-0.02","2","93","","29.89","29.80","","48","172","","3","","","","","","","","","","","","","","","","","","","","","","","","","","","","","","","","","","","","","","","","","","","","","","","","","","","","","","","","","","","","","","","","","","","","","","","","","","","","","","","","","","","","","","","","","","","SYN004BUFR","","","","","","","","","",""
"01033099999","2022-07-19T04:00:00","70.25","19.5","24.0","TORSVAG FYR, NO","FM-12","4","","48","50","","","-0.03","2","92","","29.90","29.81","","49","247","","2","","","","","","","","","","","","","","","","","","","","","","","","","","","","","","","","","","","","","","","","","","","","","","","","","","","","","","","","","","","","","","","","","","","","","","","","","","","","","","","","","","","","","","","","","","","SYN004BUFR","","","","","","","","","",""
"01033099999","2022-07-19T05:00:00","70.25","19.5","24.0","TORSVAG FYR, NO","FM-12","4","","48","50","","","-0.02","2","92","","29.91","29.82","","49","300","","3","","","","","","","","","","","","","","","","","","","","","","","","","","","","","","","","","","","","","","","","","","","","","","","","","","","","","","","","","","","","","","","","","","","","","","","","","","","","","","","","","","","","","","","","","","","SYN004BUFR","","","","","","","","","",""
"01033099999","2022-07-19T06:00:00","70.25","19.5","24.0","TORSVAG FYR, NO","FM-12","4","","48","50","","","-0.03","2","92","","29.92","29.83","","49","017","","4","","","","","","","","","","","","","","","","","","","","","","","","","","","","","","","","","","","","","","","","","","","","","","","","","","","","","","","","","","","","","","","","","","","","","","","","","","","","","","","","","","","","","","","","","","","SYN004BUFR","","","","","","","","","",""
"01033099999","2022-07-19T07:00:00","70.25","19.5","24.0","TORSVAG FYR, NO","FM-12","4","","48","51","","","-0.03","2","91","","29.93","29.84","","49","304","","1","","","","","","","","","","","","","","","","","","","","","","","","","","","","","","","","","","","","","","","","","","","","","","","","","","","","","","","","","","","","","","","","","","","","","","","","","","","","","","","","","","","","","","","","","","","SYN004BUFR","","","","","","","","","",""
"01033099999","2022-07-19T08:00:00","70.25","19.5","24.0","TORSVAG FYR, NO","FM-12","4","","48","51","","","-0.03","2","88","","29.94","29.85","","49","007","","5","","","","","","","","","","","","","","","","","","","","","","","","","","","","","","","","","","","","","","","","","","","","","","","","","","","","","","","","","","","","","","","","","","","","","","","","","","","","","","","","","","","","","","","","","","","SYN004BUFR","","","","","","","","","",""
"01033099999","2022-07-19T09:00:00","70.25","19.5","24.0","TORSVAG FYR, NO","FM-12","4","","48","51","","","-0.04","3","88","","29.95","29.87","","49","357","","6","","","","","","","","","","","","","","","","","","","","","","","","","","","","","","","","","","","","","","","","","","","","","","","","","","","","","","","","","","","","","","","","","","","","","","","","","","","","","","","","","","","","","","","","","","","SYN004BUFR","","","","","","","","","",""
"01033099999","2022-07-19T11:00:00","70.25","19.5","24.0","TORSVAG FYR, NO","FM-12","4","","49","52","","","-0.04","2","88","","29.98","29.90","","50","007","","6","","","","","","","","","","","","","","","","","","","","","","","","","","","","","","","","","","","","","","","","","","","","","","","","","","","","","","","","","","","","","","","","","","","","","","","","","","","","","","","","","","","","","","","","","","","SYN004BUFR","","","","","","","","","",""
"01033099999","2022-07-19T12:00:00","70.25","19.5","24.0","TORSVAG FYR, NO","FM-12","4","","48","54","","","-0.04","2","82","","29.99","29.91","","51","008","","9","","","","","","","","","","","","","","","","","","","","","","","","","","","","","","","","","","","","","","","","","","","","","","","","","","","","","","","","","","","","","","","","","","","","","","","","","","","","","","","","","","","","","","","","","","","SYN004BUFR","","","","","","","","","",""
"01033099999","2022-07-19T13:00:00","70.25","19.5","24.0","TORSVAG FYR, NO","FM-12","4","","48","53","","","-0.05","3","83","","30.01","29.93","","50","022","","9","","","","","","","","","","","","","","","","","","","","","","","","","","","","","","","","","","","","","","","","","","","","","","","","","","","","","","","","","","","","","","","","","","","","","","","","","","","","","","","","","","","","","","","","","","","SYN004BUFR","","","","","","","","","",""
"01033099999","2022-07-19T14:00:00","70.25","19.5","24.0","TORSVAG FYR, NO","FM-12","4","","49","53","","","-0.05","3","86","","30.03","29.95","","51","002","","6","","","","","","","","","","","","","","","","","","","","","","","","","","","","","","","","","","","","","","","","","","","","","","","","","","","","","","","","","","","","","","","","","","","","","","","","","","","","","","","","","","","","","","","","","","","SYN004BUFR","","","","","","","","","",""
"01033099999","2022-07-19T15:00:00","70.25","19.5","24.0","TORSVAG FYR, NO","FM-12","4","","49","54","","","-0.05","1","83","","30.04","29.96","","51","011","","7","","","","","","","","","","","","","","","","","","","","","","","","","","","","","","","","","","","","","","","","","","","","","","","","","","","","","","","","","","","","","","","","","","","","","","","","","","","","","","","","","","","","","","","","","","","SYN004BUFR","","","","","","","","","",""
"01033099999","2022-07-19T16:00:00","70.25","19.5","24.0","TORSVAG FYR, NO","FM-12","4","","49","54","","","-0.04","1","84","","30.05","29.96","","51","008","","9","","","","","","","","","","","","","","","","","","","","","","","","","","","","","","","","","","","","","","","","","","","","","","","","","","","","","","","","","","","","","","","","","","","","","","","","","","","","","","","","","","","","","","","","","","","SYN004BUFR","","","","","","","","","",""
"01033099999","2022-07-19T17:00:00","70.25","19.5","24.0","TORSVAG FYR, NO","FM-12","4","","48","53","","","-0.02","2","84","","30.06","29.97","","50","014","11","9","","","","","","","","","","","","","","","","","","","","","","","","","","","","","","","","","","","","","","","","","","","","","","","","","","","","","","","","","","","","","","","","","","","","","","","","","","","","","","","","","","","","","","","","","","","SYN004BUFR","","","","","","","","","",""
"01033099999","2022-07-19T18:00:00","70.25","19.5","24.0","TORSVAG FYR, NO","FM-12","4","","48","53","","","-0.03","3","85","","30.07","29.98","","50","021","11","9","","","","","","","","","","","","","","","","","","","","","","","","","","","","","","","","","","","","","","","","","","","","","","","","","","","","","","","","","","","","","","","","","","","","","","","","","","","","","","","","","","","","","","","","","","","SYN004BUFR","","","","","","","","","",""
"01033099999","2022-07-19T19:00:00","70.25","19.5","24.0","TORSVAG FYR, NO","FM-12","4","","48","54","","","-0.03","3","80","","30.08","30.00","","51","007","13","5","","","","","","","","","","","","","","","","","","","","","","","","","","","","","","","","","","","","","","","","","","","","","","","","","","","","","","","","","","","","","","","","","","","","","","","","","","","","","","","","","","","","","","","","","","","SYN004BUFR","","","","","","","","","",""
"01033099999","2022-07-19T20:00:00","70.25","19.5","24.0","TORSVAG FYR, NO","FM-12","4","","46","54","","","-0.03","2","77","","30.09","30.00","","50","212","","4","","","","","","","","","","","","","","","","","","","","","","","","","","","","","","","","","","","","","","","","","","","","","","","","","","","","","","","","","","","","","","","","","","","","","","","","","","","","","","","","","","","","","","","","","","","SYN004BUFR","","","","","","","","","",""
"01033099999","2022-07-19T21:00:00","70.25","19.5","24.0","TORSVAG FYR, NO","FM-12","4","","47","51","","","-0.03","2","86","","30.10","30.01","","49","198","","7","","","","","","","","","","","","","","","","","","","","","","","","","","","","","","","","","","","","","","","","","","","","","","","","","","","","","","","","","","","","","","","","","","","","","","","","","","","","","","","","","","","","","","","","","","","SYN004BUFR","","","","","","","","","",""
"01033099999","2022-07-19T22:00:00","70.25","19.5","24.0","TORSVAG FYR, NO","FM-12","4","","47","51","","","-0.02","2","86","","30.11","30.02","","49","328","","3","","","","","","","","","","","","","","","","","","","","","","","","","","","","","","","","","","","","","","","","","","","","","","","","","","","","","","","","","","","","","","","","","","","","","","","","","","","","","","","","","","","","","","","","","","","SYN004BUFR","","","","","","","","","",""
"01033099999","2022-07-19T23:00:00","70.25","19.5","24.0","TORSVAG FYR, NO","FM-12","4","","47","50","","","-0.02","2","87","","30.11","30.03","","48","217","","2","","","","","","","","","","","","","","","","","","","","","","","","","","","","","","","","","","","","","","","","","","","","","","","","","","","","","","","","","","","","","","","","","","","","","","","","","","","","","","","","","","","","","","","","","","","SYN004BUFR","","","","","","","","","",""
"01033099999","2022-07-20T00:00:00","70.25","19.5","24.0","TORSVAG FYR, NO","FM-12","4","","46","49","","","-0.02","2","87","","30.12","30.03","","48","172","","6","","","","","","","","","","","","","","","","","","","","","","","","","","","","","","","","","","","","","","","","","","","","","","","","","","","","","","","","","","","","","","","","","","","","","","","","","","","","","","","","","","","","","","","","","","","SYN004BUFR","","","","","","","","","",""
"01033099999","2022-07-20T01:00:00","70.25","19.5","24.0","TORSVAG FYR, NO","FM-12","4","","46","49","","","-0.02","2","88","","30.13","30.04","","48","171","","4","","","","","","","","","","","","","","","","","","","","","","","","","","","","","","","","","","","","","","","","","","","","","","","","","","","","","","","","","","","","","","","","","","","","","","","","","","","","","","","","","","","","","","","","","","","SYN004BUFR","","","","","","","","","",""
"01033099999","2022-07-20T02:00:00","70.25","19.5","24.0","TORSVAG FYR, NO","FM-12","4","","46","49","","","-0.02","2","89","","30.14","30.05","","48","196","","2","","","","","","","","","","","","","","","","","","","","","","","","","","","","","","","","","","","","","","","","","","","","","","","","","","","","","","","","","","","","","","","","","","","","","","","","","","","","","","","","","","","","","","","","","","","SYN004BUFR","","","","","","","","","",""
"01033099999","2022-07-20T03:00:00","70.25","19.5","24.0","TORSVAG FYR, NO","FM-12","4","","46","49","","","-0.01","0","87","","30.13","30.04","","48","023","","7","","","","","","","","","","","","","","","","","","","","","","","","","","","","","","","","","","","","","","","","","","","","","","","","","","","","","","","","","","","","","","","","","","","","","","","","","","","","","","","","","","","","","","","","","","","SYN004BUFR","","","","","","","","","",""
"01033099999","2022-07-20T05:00:00","70.25","19.5","24.0","TORSVAG FYR, NO","FM-12","4","","46","51","","","+0.02","7","85","","30.11","30.03","","49","345","","2","","","","","","","","","","","","","","","","","","","","","","","","","","","","","","","","","","","","","","","","","","","","","","","","","","","","","","","","","","","","","","","","","","","","","","","","","","","","","","","","","","","","","","","","","","","SYN004BUFR","","","","","","","","","",""
"01033099999","2022-07-20T08:00:00","70.25","19.5","24.0","TORSVAG FYR, NO","FM-12","4","","47","54","","","+0.04","7","80","","30.07","29.99","","50","232","","3","","","","","","","","","","","","","","","","","","","","","","","","","","","","","","","","","","","","","","","","","","","","","","","","","","","","","","","","","","","","","","","","","","","","","","","","","","","","","","","","","","","","","","","","","","","SYN004BUFR","","","","","","","","","",""
"01033099999","2022-07-21T21:00:00","70.25","19.5","24.0","TORSVAG FYR, NO","FM-12","4","","50","53","","","0.00","4","91","","29.91","29.82","","51","174","15","7","","","","","","","","","","","","","","","","","","","","","","","","","","","","","","","","","","","","","","","","","","","","","","","","","","","","","","","","","","","","","","","","","","","","","","","","","","","","","","","","","","","","","","","","","","","SYN004BUFR","","","","","","","","","",""
"01033099999","2022-07-22T02:00:00","70.25","19.5","24.0","TORSVAG FYR, NO","FM-12","4","","49","53","","","+0.03","7","88","","29.88","29.79","","51","167","","3","","","","","","","","","","","","","","","","","","","","","","","","","","","","","","","","","","","","","","","","","","","","","","","","","","","","","","","","","","","","","","","","","","","","","","","","","","","","","","","","","","","","","","","","","","","SYN004BUFR","","","","","","","","","",""
"01033099999","2022-07-22T03:00:00","70.25","19.5","24.0","TORSVAG FYR, NO","FM-12","4","","49","53","","","+0.02","7","87","","29.87","29.79","","51","197","","2","","","","","","","","","","","","","","","","","","","","","","","","","","","","","","","","","","","","","","","","","","","","","","","","","","","","","","","","","","","","","","","","","","","","","","","","","","","","","","","","","","","","","","","","","","","SYN004BUFR","","","","","","","","","",""
"01033099999","2022-07-22T04:00:00","70.25","19.5","24.0","TORSVAG FYR, NO","FM-12","4","","49","52","","","+0.03","8","91","","29.86","29.77","","50","150","","3","","","","","","","","","","","","","","","","","","","","","","","","","","","","","","","","","","","","","","","","","","","","","","","","","","","","","","","","","","","","","","","","","","","","","","","","","","","","","","","","","","","","","","","","","","","SYN004BUFR","","","","","","","","","",""
"01033099999","2022-07-22T05:00:00","70.25","19.5","24.0","TORSVAG FYR, NO","FM-12","4","","49","52","","","+0.03","8","91","","29.84","29.76","","50","189","13","9","","","","","","","","","","","","","","","","","","","","","","","","","","","","","","","","","","","","","","","","","","","","","","","","","","","","","","","","","","","","","","","","","","","","","","","","","","","","","","","","","","","","","","","","","","","SYN004BUFR","","","","","","","","","",""
"01033099999","2022-07-22T06:00:00","70.25","19.5","24.0","TORSVAG FYR, NO","FM-12","4","","49","55","","","+0.04","7","81","","29.83","29.75","","52","154","15","10","","","","","","","","","","","","","","","","","","","","","","","","","","","","","","","","","","","","","","","","","","","","","","","","","","","","","","","","","","","","","","","","","","","","","","","","","","","","","","","","","","","","","","","","","","","SYN004BUFR","","","","","","","","","",""
"01033099999","2022-07-22T07:00:00","70.25","19.5","24.0","TORSVAG FYR, NO","FM-12","4","","49","53","","","+0.02","6","87","","29.83","29.75","","51","245","17","13","","","","","","","","","","","","","","","","","","","","","","","","","","","","","","","","","","","","","","","","","","","","","","","","","","","","","","","","","","","","","","","","","","","","","","","","","","","","","","","","","","","","","","","","","","","SYN004BUFR","","","","","","","","","",""
"01033099999","2022-07-22T08:00:00","70.25","19.5","24.0","TORSVAG FYR, NO","FM-12","4","","49","54","","","+0.02","7","82","","29.83","29.74","","51","182","14","6","","","","","","","","","","","","","","","","","","","","","","","","","","","","","","","","","","","","","","","","","","","","","","","","","","","","","","","","","","","","","","","","","","","","","","","","","","","","","","","","","","","","","","","","","","","SYN004BUFR","","","","","","","","","",""
"01033099999","2022-07-22T10:00:00","70.25","19.5","24.0","TORSVAG FYR, NO","FM-12","4","","50","52","","","-0.01","3","92","","29.84","29.75","","51","260","20","10","","","","","","","","","","","","","","","","","","","","","","","","","","","","","","","","","","","","","","","","","","","","","","","","","","","","","","","","","","","","","","","","","","","","","","","","","","","","","","","","","","","","","","","","","","","SYN004BUFR","","","","","","","","","",""
"01033099999","2022-07-22T11:00:00","70.25","19.5","24.0","TORSVAG FYR, NO","FM-12","4","","50","53","","","-0.01","0","91","","29.83","29.75","","51","178","11","7","","","","","","","","","","","","","","","","","","","","","","","","","","","","","","","","","","","","","","","","","","","","","","","","","","","","","","","","","","","","","","","","","","","","","","","","","","","","","","","","","","","","","","","","","","","SYN004BUFR","","","","","","","","","",""
"01033099999","2022-07-22T12:00:00","70.25","19.5","24.0","TORSVAG FYR, NO","FM-12","4","","50","53","","","-0.01","0","92","","29.84","29.75","","51","215","14","7","","","","","","","","","","","","","","","","","","","","","","","","","","","","","","","","","","","","","","","","","","","","","","","","","","","","","","","","","","","","","","","","","","","","","","","","","","","","","","","","","","","","","","","","","","","SYN004BUFR","","","","","","","","","",""
"01033099999","2022-07-22T14:00:00","70.25","19.5","24.0","TORSVAG FYR, NO","FM-12","4","","50","52","","","-0.01","2","92","","29.84","29.76","","51","204","20","15","","","","","","","","","","","","","","","","","","","","","","","","","","","","","","","","","","","","","","","","","","","","","","","","","","","","","","","","","","","","","","","","","","","","","","","","","","","","","","","","","","","","","","","","","","","SYN004BUFR","","","","","","","","","",""
"01033099999","2022-07-22T15:00:00","70.25","19.5","24.0","TORSVAG FYR, NO","FM-12","4","","50","52","","","-0.02","3","92","","29.85","29.77","","51","195","22","11","","","","","","","","","","","","","","","","","","","","","","","","","","","","","","","","","","","","","","","","","","","","","","","","","","","","","","","","","","","","","","","","","","","","","","","","","","","","","","","","","","","","","","","","","","","SYN004BUFR","","","","","","","","","",""
"01033099999","2022-07-30T01:00:00","70.25","19.5","24.0","TORSVAG FYR, NO","FM-12","4","","45","50","","","+0.02","7","82","","30.20","30.11","","48","177","","6","","","","","","","","","","","","","","","","","","","","","","","","","","","","","","","","","","","","","","","","","","","","","","","","","","","","","","","","","","","","","","","","","","","","","","","","","","","","","","","","","","","","","","","","","","","SYN004BUFR","","","","","","","","","",""
"01033099999","2022-07-30T02:00:00","70.25","19.5","24.0","TORSVAG FYR, NO","FM-12","4","","44","50","","","+0.03","7","79","","30.19","30.10","","47","243","","2","","","","","","","","","","","","","","","","","","","","","","","","","","","","","","","","","","","","","","","","","","","","","","","","","","","","","","","","","","","","","","","","","","","","","","","","","","","","","","","","","","","","","","","","","","","SYN004BUFR","","","","","","","","","",""
"01033099999","2022-07-30T03:00:00","70.25","19.5","24.0","TORSVAG FYR, NO","FM-12","4","","45","51","","","+0.03","7","80","","30.18","30.09","","48","351","","1","","","","","","","","","","","","","","","","","","","","","","","","","","","","","","","","","","","","","","","","","","","","","","","","","","","","","","","","","","","","","","","","","","","","","","","","","","","","","","","","","","","","","","","","","","","SYN004BUFR","","","","","","","","","",""
"01033099999","2022-07-30T04:00:00","70.25","19.5","24.0","TORSVAG FYR, NO","FM-12","4","","45","51","","","+0.02","7","80","","30.18","30.09","","48","146","","2","","","","","","","","","","","","","","","","","","","","","","","","","","","","","","","","","","","","","","","","","","","","","","","","","","","","","","","","","","","","","","","","","","","","","","","","","","","","","","","","","","","","","","","","","","","SYN004BUFR","","","","","","","","","",""
"01033099999","2022-07-30T05:00:00","70.25","19.5","24.0","TORSVAG FYR, NO","FM-12","4","","46","53","","","+0.02","7","77","","30.16","30.08","","49","161","","2","","","","","","","","","","","","","","","","","","","","","","","","","","","","","","","","","","","","","","","","","","","","","","","","","","","","","","","","","","","","","","","","","","","","","","","","","","","","","","","","","","","","","","","","","","","SYN004BUFR","","","","","","","","","",""
"01033099999","2022-07-30T06:00:00","70.25","19.5","24.0","TORSVAG FYR, NO","FM-12","4","","47","54","","","+0.03","7","78","","30.15","30.06","","50","171","","2","","","","","","","","","","","","","","","","","","","","","","","","","","","","","","","","","","","","","","","","","","","","","","","","","","","","","","","","","","","","","","","","","","","","","","","","","","","","","","","","","","","","","","","","","","","SYN004BUFR","","","","","","","","","",""
"01033099999","2022-07-30T07:00:00","70.25","19.5","24.0","TORSVAG FYR, NO","FM-12","4","","47","54","","","+0.03","7","77","","30.14","30.06","","50","101","","1","","","","","","","","","","","","","","","","","","","","","","","","","","","","","","","","","","","","","","","","","","","","","","","","","","","","","","","","","","","","","","","","","","","","","","","","","","","","","","","","","","","","","","","","","","","SYN004BUFR","","","","","","","","","",""
"01033099999","2022-07-30T08:00:00","70.25","19.5","24.0","TORSVAG FYR, NO","FM-12","4","","47","56","","","+0.04","7","72","","30.13","30.04","","51","243","","2","","","","","","","","","","","","","","","","","","","","","","","","","","","","","","","","","","","","","","","","","","","","","","","","","","","","","","","","","","","","","","","","","","","","","","","","","","","","","","","","","","","","","","","","","","","SYN004BUFR","","","","","","","","","",""
"01033099999","2022-07-30T09:00:00","70.25","19.5","24.0","TORSVAG FYR, NO","FM-12","4","","49","58","","","+0.03","7","72","","30.12","30.03","","53","349","","3","","","","","","","","","","","","","","","","","","","","","","","","","","","","","","","","","","","","","","","","","","","","","","","","","","","","","","","","","","","","","","","","","","","","","","","","","","","","","","","","","","","","","","","","","","","SYN004BUFR","","","","","","","","","",""
"01033099999","2022-07-30T10:00:00","70.25","19.5","24.0","TORSVAG FYR, NO","FM-12","4","","48","58","","","+0.04","7","70","","30.11","30.02","","53","344","","3","","","","","","","","","","","","","","","","","","","","","","","","","","","","","","","","","","","","","","","","","","","","","","","","","","","","","","","","","","","","","","","","","","","","","","","","","","","","","","","","","","","","","","","","","","","SYN004BUFR","","","","","","","","","",""
"01033099999","2022-07-30T12:00:00","70.25","19.5","24.0","TORSVAG FYR, NO","FM-12","4","","48","59","","","+0.03","7","67","","30.09","30.00","","53","287","","3","","","","","","","","","","","","","","","","","","","","","","","","","","","","","","","","","","","","","","","","","","","","","","","","","","","","","","","","","","","","","","","","","","","","","","","","","","","","","","","","","","","","","","","","","","","SYN004BUFR","","","","","","","","","",""
"01033099999","2022-07-30T13:00:00","70.25","19.5","24.0","TORSVAG FYR, NO","FM-12","4","","48","63","","","+0.03","7","57","","30.08","29.99","","55","256","","2","","","","","","","","","","","","","","","","","","","","","","","","","","","","","","","","","","","","","","","","","","","","","","","","","","","","","","","","","","","","","","","","","","","","","","","","","","","","","","","","","","","","","","","","","","","SYN004BUFR","","","","","","","","","",""
"01033099999","2022-07-30T14:00:00","70.25","19.5","24.0","TORSVAG FYR, NO","FM-12","4","","50","63","","","+0.03","8","63","","30.06","29.98","","56","206","","3","","","","","","","","","","","","","","","","","","","","","","","","","","","","","","","","","","","","","","","","","","","","","","","","","","","","","","","","","","","","","","","","","","","","","","","","","","","","","","","","","","","","","","","","","","","SYN004BUFR","","","","","","","","","",""
"01033099999","2022-07-30T15:00:00","70.25","19.5","24.0","TORSVAG FYR, NO","FM-12","4","","51","65","","","+0.05","8","59","","30.04","29.96","","57","315","","2","","","","","","","","","","","","","","","","","","","","","","","","","","","","","","","","","","","","","","","","","","","","","","","","","","","","","","","","","","","","","","","","","","","","","","","","","","","","","","","","","","","","","","","","","","","SYN004BUFR","","","","","","","","","",""
"01033099999","2022-07-30T16:00:00","70.25","19.5","24.0","TORSVAG FYR, NO","FM-12","4","","47","66","","","+0.05","7","50","","30.03","29.94","","56","250","","2","","","","","","","","","","","","","","","","","","","","","","","","","","","","","","","","","","","","","","","","","","","","","","","","","","","","","","","","","","","","","","","","","","","","","","","","","","","","","","","","","","","","","","","","","","","SYN004BUFR","","","","","","","","","",""
"01033099999","2022-07-30T17:00:00","70.25","19.5","24.0","TORSVAG FYR, NO","FM-12","4","","45","65","","","+0.05","7","50","","30.01","29.93","","54","246","","2","","","","","","","","","","","","","","","","","","","","","","","","","","","","","","","","","","","","","","","","","","","","","","","","","","","","","","","","","","","","","","","","","","","","","","","","","","","","","","","","","","","","","","","","","","","SYN004BUFR","","","","","","","","","",""
"01033099999","2022-07-30T18:00:00","70.25","19.5","24.0","TORSVAG FYR, NO","FM-12","4","","44","64","","","+0.05","8","49","","30.00","29.91","","54","243","","5","","","","","","","","","","","","","","","","","","","","","","","","","","","","","","","","","","","","","","","","","","","","","","","","","","","","","","","","","","","","","","","","","","","","","","","","","","","","","","","","","","","","","","","","","","","SYN004BUFR","","","","","","","","","",""
"01033099999","2022-07-30T19:00:00","70.25","19.5","24.0","TORSVAG FYR, NO","FM-12","4","","44","63","","","+0.04","7","48","","29.98","29.90","","53","196","","3","","","","","","","","","","","","","","","","","","","","","","","","","","","","","","","","","","","","","","","","","","","","","","","","","","","","","","","","","","","","","","","","","","","","","","","","","","","","","","","","","","","","","","","","","","","SYN004BUFR","","","","","","","","","",""
"01033099999","2022-07-30T20:00:00","70.25","19.5","24.0","TORSVAG FYR, NO","FM-12","4","","43","62","","","+0.04","7","50","","29.98","29.89","","52","191","","4","","","","","","","","","","","","","","","","","","","","","","","","","","","","","","","","","","","","","","","","","","","","","","","","","","","","","","","","","","","","","","","","","","","","","","","","","","","","","","","","","","","","","","","","","","","SYN004BUFR","","","","","","","","","",""
"01033099999","2022-07-30T21:00:00","70.25","19.5","24.0","TORSVAG FYR, NO","FM-12","4","","44","60","","","+0.03","7","56","","29.96","29.88","","52","181","","6","","","","","","","","","","","","","","","","","","","","","","","","","","","","","","","","","","","","","","","","","","","","","","","","","","","","","","","","","","","","","","","","","","","","","","","","","","","","","","","","","","","","","","","","","","","SYN004BUFR","","","","","","","","","",""
"01033099999","2022-07-30T22:00:00","70.25","19.5","24.0","TORSVAG FYR, NO","FM-12","4","","44","59","","","+0.03","8","57","","29.95","29.86","","51","161","","6","","","","","","","","","","","","","","","","","","","","","","","","","","","","","","","","","","","","","","","","","","","","","","","","","","","","","","","","","","","","","","","","","","","","","","","","","","","","","","","","","","","","","","","","","","","SYN004BUFR","","","","","","","","","",""
"01033099999","2022-07-30T23:00:00","70.25","19.5","24.0","TORSVAG FYR, NO","FM-12","4","","44","58","","","+0.04","8","59","","29.94","29.85","","51","159","","3","","","","","","","","","","","","","","","","","","","","","","","","","","","","","","","","","","","","","","","","","","","","","","","","","","","","","","","","","","","","","","","","","","","","","","","","","","","","","","","","","","","","","","","","","","","SYN004BUFR","","","","","","","","","",""
"01033099999","2022-07-31T02:00:00","70.25","19.5","24.0","TORSVAG FYR, NO","FM-12","4","","44","54","","","+0.03","7","68","","29.91","29.82","","49","011","","4","","","","","","","","","","","","","","","","","","","","","","","","","","","","","","","","","","","","","","","","","","","","","","","","","","","","","","","","","","","","","","","","","","","","","","","","","","","","","","","","","","","","","","","","","","","SYN004BUFR","","","","","","","","","",""
"01033099999","2022-07-31T03:00:00","70.25","19.5","24.0","TORSVAG FYR, NO","FM-12","4","","45","54","","","+0.04","7","71","","29.90","29.81","","49","287","","2","","","","","","","","","","","","","","","","","","","","","","","","","","","","","","","","","","","","","","","","","","","","","","","","","","","","","","","","","","","","","","","","","","","","","","","","","","","","","","","","","","","","","","","","","","","SYN004BUFR","","","","","","","","","",""
"01033099999","2022-07-31T04:00:00","70.25","19.5","24.0","TORSVAG FYR, NO","FM-12","4","","45","54","","","+0.04","7","74","","29.88","29.80","","49","150","","4","","","","","","","","","","","","","","","","","","","","","","","","","","","","","","","","","","","","","","","","","","","","","","","","","","","","","","","","","","","","","","","","","","","","","","","","","","","","","","","","","","","","","","","","","","","SYN004BUFR","","","","","","","","","",""
"01033099999","2022-07-31T05:00:00","70.25","19.5","24.0","TORSVAG FYR, NO","FM-12","4","","46","55","","","+0.04","7","72","","29.87","29.79","","50","019","","2","","","","","","","","","","","","","","","","","","","","","","","","","","","","","","","","","","","","","","","","","","","","","","","","","","","","","","","","","","","","","","","","","","","","","","","","","","","","","","","","","","","","","","","","","","","SYN004BUFR","","","","","","","","","",""
"01033099999","2022-07-31T06:00:00","70.25","19.5","24.0","TORSVAG FYR, NO","FM-12","4","","46","55","","","+0.04","7","73","","29.86","29.78","","50","352","","4","","","","","","","","","","","","","","","","","","","","","","","","","","","","","","","","","","","","","","","","","","","","","","","","","","","","","","","","","","","","","","","","","","","","","","","","","","","","","","","","","","","","","","","","","","","SYN004BUFR","","","","","","","","","",""
"01033099999","2022-07-31T08:00:00","70.25","19.5","24.0","TORSVAG FYR, NO","FM-12","4","","48","58","","","+0.03","7","68","","29.84","29.76","","53","014","","4","","","","","","","","","","","","","","","","","","","","","","","","","","","","","","","","","","","","","","","","","","","","","","","","","","","","","","","","","","","","","","","","","","","","","","","","","","","","","","","","","","","","","","","","","","","SYN004BUFR","","","","","","","","","",""
"01033099999","2022-07-31T09:00:00","70.25","19.5","24.0","TORSVAG FYR, NO","FM-12","4","","47","58","","","+0.02","7","67","","29.83","29.75","","52","014","","4","","","","","","","","","","","","","","","","","","","","","","","","","","","","","","","","","","","","","","","","","","","","","","","","","","","","","","","","","","","","","","","","","","","","","","","","","","","","","","","","","","","","","","","","","","","SYN004BUFR","","","","","","","","","",""
"01033099999","2022-07-31T11:00:00","70.25","19.5","24.0","TORSVAG FYR, NO","FM-12","4","","48","60","","","+0.01","7","64","","29.83","29.74","","54","001","","4","","","","","","","","","","","","","","","","","","","","","","","","","","","","","","","","","","","","","","","","","","","","","","","","","","","","","","","","","","","","","","","","","","","","","","","","","","","","","","","","","","","","","","","","","","","SYN004BUFR","","","","","","","","","",""
"01033099999","2022-07-31T12:00:00","70.25","19.5","24.0","TORSVAG FYR, NO","FM-12","4","","49","60","","","+0.01","7","67","","29.83","29.74","","54","229","","3","","","","","","","","","","","","","","","","","","","","","","","","","","","","","","","","","","","","","","","","","","","","","","","","","","","","","","","","","","","","","","","","","","","","","","","","","","","","","","","","","","","","","","","","","","","SYN004BUFR","","","","","","","","","",""
"01033099999","2022-07-31T13:00:00","70.25","19.5","24.0","TORSVAG FYR, NO","FM-12","4","","49","60","","","+0.01","7","68","","29.82","29.73","","54","208","","6","","","","","","","","","","","","","","","","","","","","","","","","","","","","","","","","","","","","","","","","","","","","","","","","","","","","","","","","","","","","","","","","","","","","","","","","","","","","","","","","","","","","","","","","","","","SYN004BUFR","","","","","","","","","",""
"01033099999","2022-07-31T14:00:00","70.25","19.5","24.0","TORSVAG FYR, NO","FM-12","4","","51","63","","","+0.01","7","65","","29.82","29.73","","56","246","","3","","","","","","","","","","","","","","","","","","","","","","","","","","","","","","","","","","","","","","","","","","","","","","","","","","","","","","","","","","","","","","","","","","","","","","","","","","","","","","","","","","","","","","","","","","","SYN004BUFR","","","","","","","","","",""
"01033099999","2022-07-31T15:00:00","70.25","19.5","24.0","TORSVAG FYR, NO","FM-12","4","","49","62","","","+0.02","7","63","","29.81","29.72","","55","356","","4","","","","","","","","","","","","","","","","","","","","","","","","","","","","","","","","","","","","","","","","","","","","","","","","","","","","","","","","","","","","","","","","","","","","","","","","","","","","","","","","","","","","","","","","","","","SYN004BUFR","","","","","","","","","",""
"01033099999","2022-07-31T16:00:00","70.25","19.5","24.0","TORSVAG FYR, NO","FM-12","4","","48","61","","","+0.01","7","62","","29.81","29.72","","54","281","","2","","","","","","","","","","","","","","","","","","","","","","","","","","","","","","","","","","","","","","","","","","","","","","","","","","","","","","","","","","","","","","","","","","","","","","","","","","","","","","","","","","","","","","","","","","","SYN004BUFR","","","","","","","","","",""
"01033099999","2022-07-31T17:00:00","70.25","19.5","24.0","TORSVAG FYR, NO","FM-12","4","","49","62","","","+0.00","5","61","","29.82","29.73","","55","253","","2","","","","","","","","","","","","","","","","","","","","","","","","","","","","","","","","","","","","","","","","","","","","","","","","","","","","","","","","","","","","","","","","","","","","","","","","","","","","","","","","","","","","","","","","","","","SYN004BUFR","","","","","","","","","",""
"01033099999","2022-07-31T18:00:00","70.25","19.5","24.0","TORSVAG FYR, NO","FM-12","4","","52","63","","","-0.01","2","69","","29.82","29.73","","57","257","","1","","","","","","","","","","","","","","","","","","","","","","","","","","","","","","","","","","","","","","","","","","","","","","","","","","","","","","","","","","","","","","","","","","","","","","","","","","","","","","","","","","","","","","","","","","","SYN004BUFR","","","","","","","","","",""
"01033099999","2022-09-26T03:00:00","70.25","19.5","24.0","TORSVAG FYR, NO","FM-12","4","","40","54","","","-0.02","3","59","","29.61","29.52","","47","151","36","20","","","","","","","","","","","","","","","","","","","","","","","","","","","","","","","","","","","","","","","","","","","","","","","","","","","","","","","","","","","","","","","","","","","","","","","","","","","","","","","","","","","","","","","","","","","SYN004BUFR","","","","","","","","","",""
"01033099999","2022-10-03T08:00:00","70.25","19.5","24.0","TORSVAG FYR, NO","FM-12","4","","33","42","","","-0.02","2","71","","29.80","29.71","","38","174","","2","","","","","","","","","","","","","","","","","","","","","","","","","","","","","","","","","","","","","","","","","","","","","","","","","","","","","","","","","","","","","","","","","","","","","","","","","","","","","","","","","","","","","","","","","","","SYN004BUFR","","","","","","","","","",""
"01033099999","2022-10-03T18:00:00","70.25","19.5","24.0","TORSVAG FYR, NO","FM-12","4","","41","45","","","-0.01","3","86","","29.86","29.78","","43","014","","2","","","","","","","","","","","","","","","","","","","","","","","","","","","","","","","","","","","","","","","","","","","","","","","","","","","","","","","","","","","","","","","","","","","","","","","","","","","","","","","","","","","","","","","","","","","SYN004BUFR","","","","","","","","","",""
"01033099999","2022-10-06T07:00:00","70.25","19.5","24.0","TORSVAG FYR, NO","FM-12","4","","39","47","","","+0.12","6","74","","28.91","28.83","","43","138","14","5","","","","","","","","","","","","","","","","","","","","","","","","","","","","","","","","","","","","","","","","","","","","","","","","","","","","","","","","","","","","","","","","","","","","","","","","","","","","","","","","","","","","","","","","","","","SYN004BUFR","","","","","","","","","",""
"01033099999","2022-10-19T08:00:00","70.25","19.5","24.0","TORSVAG FYR, NO","FM-12","4","","41","45","","","+0.06","6","85","","29.68","29.59","","43","233","41","31","","","","","","","","","","","","","","","","","","","","","","","","","","","","","","","","","","","","","","","","","","","","","","","","","","","","","","","","","","","","","","","","","","","","","","","","","","","","","","","","","","","","","","","","","","","SYN004BUFR","","","","","","","","","",""
"01033099999","2022-10-19T09:00:00","70.25","19.5","24.0","TORSVAG FYR, NO","FM-12","4","","41","45","","","+0.04","6","84","","29.68","29.59","","43","253","38","25","","","","","","","","","","","","","","","","","","","","","","","","","","","","","","","","","","","","","","","","","","","","","","","","","","","","","","","","","","","","","","","","","","","","","","","","","","","","","","","","","","","","","","","","","","","SYN004BUFR","","","","","","","","","",""
"01033099999","2022-10-19T10:00:00","70.25","19.5","24.0","TORSVAG FYR, NO","FM-12","4","","41","45","","","+0.00","5","86","","29.69","29.60","","43","266","39","29","","","","","","","","","","","","","","","","","","","","","","","","","","","","","","","","","","","","","","","","","","","","","","","","","","","","","","","","","","","","","","","","","","","","","","","","","","","","","","","","","","","","","","","","","","","SYN004BUFR","","","","","","","","","",""
"01033099999","2022-10-20T12:00:00","70.25","19.5","24.0","TORSVAG FYR, NO","FM-12","4","","32","38","","","-0.02","2","81","","30.01","29.92","","36","006","19","8","","","","","","","","","","","","","","","","","","","","","","","","","","","","","","","","","","","","","","","","","","","","","","","","","","","","","","","","","","","","","","","","","","","","","","","","","","","","","","","","","","","","","","","","","","","SYN004BUFR","","","","","","","","","",""
"01033099999","2022-10-25T10:00:00","70.25","19.5","24.0","TORSVAG FYR, NO","FM-12","4","","25","37","","","+0.02","7","63","","29.75","29.67","","33","189","","2","","","","","","","","","","","","","","","","","","","","","","","","","","","","","","","","","","","","","","","","","","","","","","","","","","","","","","","","","","","","","","","","","","","","","","","","","","","","","","","","","","","","","","","","","","","SYN004BUFR","","","","","","","","","",""
"01033099999","2022-10-28T14:00:00","70.25","19.5","24.0","TORSVAG FYR, NO","FM-12","4","","40","44","","","+0.04","8","85","","29.39","29.31","","42","152","25","19","","","","","","","","","","","","","","","","","","","","","","","","","","","","","","","","","","","","","","","","","","","","","","","","","","","","","","","","","","","","","","","","","","","","","","","","","","","","","","","","","","","","","","","","","","","SYN004BUFR","","","","","","","","","",""
"01033099999","2022-11-01T03:00:00","70.25","19.5","24.0","TORSVAG FYR, NO","FM-12","4","","44","46","","","-0.01","3","92","","29.72","29.63","","45","193","19","15","","","","","","","","","","","","","","","","","","","","","","","","","","","","","","","","","","","","","","","","","","","","","","","","","","","","","","","","","","","","","","","","","","","","","","","","","","","","","","","","","","","","","","","","","","","SYN004BUFR","","","","","","","","","",""
"01033099999","2022-11-03T18:00:00","70.25","19.5","24.0","TORSVAG FYR, NO","FM-12","4","","40","45","","","+0.01","5","81","","29.65","29.57","","43","219","15","5","","","","","","","","","","","","","","","","","","","","","","","","","","","","","","","","","","","","","","","","","","","","","","","","","","","","","","","","","","","","","","","","","","","","","","","","","","","","","","","","","","","","","","","","","","","SYN004BUFR","","","","","","","","","",""
"01033099999","2022-11-05T17:00:00","70.25","19.5","24.0","TORSVAG FYR, NO","FM-12","4","","36","44","","","+0.03","7","76","","29.63","29.55","","40","360","","2","","","","","","","","","","","","","","","","","","","","","","","","","","","","","","","","","","","","","","","","","","","","","","","","","","","","","","","","","","","","","","","","","","","","","","","","","","","","","","","","","","","","","","","","","","","SYN004BUFR","","","","","","","","","",""
"01033099999","2022-11-11T17:00:00","70.25","19.5","24.0","TORSVAG FYR, NO","FM-12","4","","30","37","","","-0.00","0","74","","29.09","29.01","","34","159","12","7","","","","","","","","","","","","","","","","","","","","","","","","","","","","","","","","","","","","","","","","","","","","","","","","","","","","","","","","","","","","","","","","","","","","","","","","","","","","","","","","","","","","","","","","","","","SYN004BUFR","","","","","","","","","",""
"01033099999","2022-11-11T18:00:00","70.25","19.5","24.0","TORSVAG FYR, NO","FM-12","4","","30","37","","","+0.01","8","75","","29.08","29.00","","34","199","13","7","","","","","","","","","","","","","","","","","","","","","","","","","","","","","","","","","","","","","","","","","","","","","","","","","","","","","","","","","","","","","","","","","","","","","","","","","","","","","","","","","","","","","","","","","","","SYN004BUFR","","","","","","","","","",""
"01033099999","2022-11-11T19:00:00","70.25","19.5","24.0","TORSVAG FYR, NO","FM-12","4","","31","38","","","+0.01","7","76","","29.09","29.00","","35","170","13","7","","","","","","","","","","","","","","","","","","","","","","","","","","","","","","","","","","","","","","","","","","","","","","","","","","","","","","","","","","","","","","","","","","","","","","","","","","","","","","","","","","","","","","","","","","","SYN004BUFR","","","","","","","","","",""
"01033099999","2022-11-16T01:00:00","70.25","19.5","24.0","TORSVAG FYR, NO","FM-12","4","","32","36","","","+0.04","8","83","","30.14","30.05","","34","160","15","9","","","","","","","","","","","","","","","","","","","","","","","","","","","","","","","","","","","","","","","","","","","","","","","","","","","","","","","","","","","","","","","","","","","","","","","","","","","","","","","","","","","","","","","","","","","SYN004BUFR","","","","","","","","","",""
"01033099999","2022-12-09T06:00:00","70.25","19.5","24.0","TORSVAG FYR, NO","FM-12","4","","16","32","","","-0.04","1","53","","30.22","30.12","","27","086","30","10","","","","","","","","","","","","","","","","","","","","","","","","","","","","","","","","","","","","","","","","","","","","","","","","","","","","","","","","","","","","","","","","","","","","","","","","","","","","","","","","","","","","","","","","","","","SYN004BUFR","","","","","","","","","",""
"01033099999","2022-12-10T07:00:00","70.25","19.5","24.0","TORSVAG FYR, NO","FM-12","4","","10","24","","","+0.06","8","55","","30.18","30.09","","20","113","33","23","","","","","","","","","","","","","","","","","","","","","","","","","","","","","","","","","","","","","","","","","","","","","","","","","","","","","","","","","","","","","","","","","","","","","","","","","","","","","","","","","","","","","","","","","","","SYN004BUFR","","","","","","","","","",""
"01033099999","2022-12-16T10:00:00","70.25","19.5","24.0","TORSVAG FYR, NO","FM-12","4","","26","28","","","-0.04","1","92","","29.46","29.37","","27","049","31","11","","","","","","","","","","","","","","","","","","","","","","","","","","","","","","","","","","","","","","","","","","","","","","","","","","","","","","","","","","","","","","","","","","","","","","","","","","","","","","","","","","","","","","","","","","","SYN004BUFR","","","","","","","","","",""
"01033099999","2022-12-17T05:00:00","70.25","19.5","24.0","TORSVAG FYR, NO","FM-12","4","","25","29","","","-0.02","2","86","","29.57","29.48","","28","166","","6","","","","","","","","","","","","","","","","","","","","","","","","","","","","","","","","","","","","","","","","","","","","","","","","","","","","","","","","","","","","","","","","","","","","","","","","","","","","","","","","","","","","","","","","","","","SYN004BUFR","","","","","","","","","",""
"01033099999","2022-12-18T07:00:00","70.25","19.5","24.0","TORSVAG FYR, NO","FM-12","4","","20","30","","","+0.04","8","65","","29.69","29.60","","27","147","24","14","","","","","","","","","","","","","","","","","","","","","","","","","","","","","","","","","","","","","","","","","","","","","","","","","","","","","","","","","","","","","","","","","","","","","","","","","","","","","","","","","","","","","","","","","","","SYN004BUFR","","","","","","","","","",""
"01033099999","2022-12-18T19:00:00","70.25","19.5","24.0","TORSVAG FYR, NO","FM-12","4","","16","31","","","+0.01","7","53","","29.54","29.45","","26","096","15","2","","","","","","","","","","","","","","","","","","","","","","","","","","","","","","","","","","","","","","","","","","","","","","","","","","","","","","","","","","","","","","","","","","","","","","","","","","","","","","","","","","","","","","","","","","","SYN004BUFR","","","","","","","","","",""
"01033099999","2022-12-18T23:00:00","70.25","19.5","24.0","TORSVAG FYR, NO","FM-12","4","","18","31","","","-0.03","2","59","","29.57","29.49","","27","130","14","3","","","","","","","","","","","","","","","","","","","","","","","","","","","","","","","","","","","","","","","","","","","","","","","","","","","","","","","","","","","","","","","","","","","","","","","","","","","","","","","","","","","","","","","","","","","SYN004BUFR","","","","","","","","","",""
"01033099999","2022-12-19T07:00:00","70.25","19.5","24.0","TORSVAG FYR, NO","FM-12","4","","24","32","","","-0.05","3","72","","29.69","29.60","","29","155","12","6","","","","","","","","","","","","","","","","","","","","","","","","","","","","","","","","","","","","","","","","","","","","","","","","","","","","","","","","","","","","","","","","","","","","","","","","","","","","","","","","","","","","","","","","","","","SYN004BUFR","","","","","","","","","",""
"01033099999","2022-12-20T00:00:00","70.25","19.5","24.0","TORSVAG FYR, NO","FM-12","4","","28","30","","","0.00","4","93","","29.85","29.77","","29","216","26","8","","","","","","","","","","","","","","","","","","","","","","","","","","","","","","","","","","","","","","","","","","","","","","","","","","","","","","","","","","","","","","","","","","","","","","","","","","","","","","","","","","","","","","","","","","","SYN004BUFR","","","","","","","","","",""
"01033099999","2022-12-28T19:00:00","70.25","19.5","24.0","TORSVAG FYR, NO","FM-12","4","","20","32","","","+0.03","7","61","","29.39","29.31","","28","192","26","17","","","","","","","","","","","","","","","","","","","","","","","","","","","","","","","","","","","","","","","","","","","","","","","","","","","","","","","","","","","","","","","","","","","","","","","","","","","","","","","","","","","","","","","","","","","SYN004BUFR","","","","","","","","","",""
"01033099999","2022-12-29T07:00:00","70.25","19.5","24.0","TORSVAG FYR, NO","FM-12","4","","19","37","","","-0.03","2","47","","29.36","29.27","","31","210","23","15","","","","","","","","","","","","","","","","","","","","","","","","","","","","","","","","","","","","","","","","","","","","","","","","","","","","","","","","","","","","","","","","","","","","","","","","","","","","","","","","","","","","","","","","","","","SYN004BUFR","","","","","","","","","",""
"01033099999","2022-12-31T19:00:00","70.25","19.5","24.0","TORSVAG FYR, NO","FM-12","4","","24","39","","","+0.01","5","56","","28.79","28.70","","33","126","36","21","","","","","","","","","","","","","","","","","","","","","","","","","","","","","","","","","","","","","","","","","","","","","","","","","","","","","","","","","","","","","","","","","","","","","","","","","","","","","","","","","","","","","","","","","","","SYN004BUFR","","","","","","","","","",""
