"STATION","DATE","LATITUDE","LONGITUDE","ELEVATION","NAME","REPORT_TYPE","SOURCE","HourlyAltimeterSetting","HourlyDewPointTemperature","HourlyDryBulbTemperature","HourlyPrecipitation","HourlyPresentWeatherType","HourlyPressureChange","HourlyPressureTendency","HourlyRelativeHumidity","HourlySkyConditions","HourlySeaLevelPressure","HourlyStationPressure","HourlyVisibility","HourlyWetBulbTemperature","HourlyWindDirection","HourlyWindGustSpeed","HourlyWindSpeed","Sunrise","Sunset","DailyAverageDewPointTemperature","DailyAverageDryBulbTemperature","DailyAverageRelativeHumidity","DailyAverageSeaLevelPressure","DailyAverageStationPressure","DailyAverageWetBulbTemperature","DailyAverageWindSpeed","DailyCoolingDegreeDays","DailyDepartureFromNormalAverageTemperature","DailyHeatingDegreeDays","DailyMaximumDryBulbTemperature","DailyMinimumDryBulbTemperature","DailyPeakWindDirection","DailyPeakWindSpeed","DailyPrecipitation","DailySnowDepth","DailySnowfall","DailySustainedWindDirection","DailySustainedWindSpeed","DailyWeather","MonthlyAverageRH","MonthlyDaysWithGT001Precip","MonthlyDaysWithGT010Precip","MonthlyDaysWithGT32Temp","MonthlyDaysWithGT90Temp","MonthlyDaysWithLT0Temp","MonthlyDaysWithLT32Temp","MonthlyDepartureFromNormalAverageTemperature","MonthlyDepartureFromNormalCoolingDegreeDays","MonthlyDepartureFromNormalHeatingDegreeDays","MonthlyDepartureFromNormalMaximumTemperature","MonthlyDepartureFromNormalMinimumTemperature","MonthlyDepartureFromNormalPrecipitation","MonthlyDewpointTemperature","MonthlyGreatestPrecip","MonthlyGreatestPrecipDate","MonthlyGreatestSnowDepth","MonthlyGreatestSnowDepthDate","MonthlyGreatestSnowfall","MonthlyGreatestSnowfallDate","MonthlyMaxSeaLevelPressureValue","MonthlyMaxSeaLevelPressureValueDate","MonthlyMaxSeaLevelPressureValueTime","MonthlyMaximumTemperature","MonthlyMeanTemperature","MonthlyMinSeaLevelPressureValue","MonthlyMinSeaLevelPressureValueDate","MonthlyMinSeaLevelPressureValueTime","MonthlyMinimumTemperature","MonthlySeaLevelPressure","MonthlyStationPressure","MonthlyTotalLiquidPrecipitation","MonthlyTotalSnowfall","MonthlyWetBulb","AWND","CDSD","CLDD","DSNW","HDSD","HTDD","DYTS","DYHF","NormalsCoolingDegreeDay","NormalsHeatingDegreeDay","ShortDurationEndDate005","ShortDurationEndDate010","ShortDurationEndDate015","ShortDurationEndDate020","ShortDurationEndDate030","ShortDurationEndDate045","ShortDurationEndDate060","ShortDurationEndDate080","ShortDurationEndDate100","ShortDurationEndDate120","ShortDurationEndDate150","ShortDurationEndDate180","ShortDurationPrecipitationValue005","ShortDurationPrecipitationValue010","ShortDurationPrecipitationValue015","ShortDurationPrecipitationValue020","ShortDurationPrecipitationValue030","ShortDurationPrecipitationValue045","ShortDurationPrecipitationValue060","ShortDurationPrecipitationValue080","ShortDurationPrecipitationValue100","ShortDurationPrecipitationValue120","ShortDurationPrecipitationValue150","ShortDurationPrecipitationValue180","REM","BackupDirection","BackupDistance","BackupDistanceUnit","BackupElements","BackupElevation","BackupEquipment","BackupLatitude","BackupLongitude","BackupName","WindEquipmentChangeDate"
"01047099999","2022-01-11T07:00:00","69.0166667","23.0666667","307.0","KAUTOKEINO II, NO","FM-12","4","","2","6","","","+0.11","8","86","OVC:08 33","30.01","28.82","24.85","5","220","","10","","","","","","","","","","","","","","","","","","","","","","","","","","","","","","","","","","","","","","","","","","","","","","","","","","","","","","","","","","","","","","","","","","","","","","","","","","","","","","","","","","","","","","","","","","","SYN004BUFR","","","","","","","","","",""
"01047099999","2022-01-12T10:00:00","69.0166667","23.0666667","307.0","KAUTOKEINO II, NO","FM-12","4","","24","26","","","","","90","OVC:08 20","29.23","28.12","3.73","25","180","","15","","","","","","","","","","","","","","","","","","","","","","","","","","","","","","","","","","","","","","","","","","","","","","","","","","","","","","","","","","","","","","","","","","","","","","","","","","","","","","","","","","","","","","","","","","","SYN004BUFR","","","","","","","","","",""
"01047099999","2022-01-18T10:00:00","69.0166667","23.0666667","307.0","KAUTOKEINO II, NO","FM-12","4","","16","20","","","","","86","OVC:08 20","29.51","28.37","0.50","19","180","","10","","","","","","","","","","","","","","","","","","","","","","","","","","","","","","","","","","","","","","","","","","","","","","","","","","","","","","","","","","","","","","","","","","","","","","","","","","","","","","","","","","","","","","","","","","","SYN004BUFR","","","","","","","","","",""
"01047099999","2022-01-21T19:00:00","69.0166667","23.0666667","307.0","KAUTOKEINO II, NO","FM-12","4","","-12","-9","","","-0.03","2","85","","30.12","28.89","40.39","-9","180","","6","","","","","","","","","","","","","","","","","","","","","","","","","","","","","","","","","","","","","","","","","","","","","","","","","","","","","","","","","","","","","","","","","","","","","","","","","","","","","","","","","","","","","","","","","","","SYN004BUFR","","","","","","","","","",""
"01047099999","2022-01-22T19:00:00","69.0166667","23.0666667","307.0","KAUTOKEINO II, NO","FM-12","4","","13","16","","||BLSN","+0.09","8","90","OVC:08 20","29.63","28.48","3.11","15","180","","22","","","","","","","","","","","","","","","","","","","","","","","","","","","","","","","","","","","","","","","","","","","","","","","","","","","","","","","","","","","","","","","","","","","","","","","","","","","","","","","","","","","","","","","","","","","SYN004BUFR","","","","","","","","","",""
"01047099999","2022-01-23T10:00:00","69.0166667","23.0666667","307.0","KAUTOKEINO II, NO","FM-12","4","","20","24","","","-0.02","0","86","SCT:04 66","29.54","28.41","37.28","23","180","","2","","","","","","","","","","","","","","","","","","","","","","","","","","","","","","","","","","","","","","","","","","","","","","","","","","","","","","","","","","","","","","","","","","","","","","","","","","","","","","","","","","","","","","","","","","","SYN004BUFR","","","","","","","","","",""
"01047099999","2022-01-24T01:00:00","69.0166667","23.0666667","307.0","KAUTOKEINO II, NO","FM-12","4","","30","41","","","+0.16","8","64","82","29.04","27.97","37.28","36","180","","22","","","","","","","","","","","","","","","","","","","","","","","","","","","","","","","","","","","","","","","","","","","","","","","","","","","","","","","","","","","","","","","","","","","","","","","","","","","","","","","","","","","","","","","","","","","SYN004BUFR","","","","","","","","","",""
"01047099999","2022-01-27T01:00:00","69.0166667","23.0666667","307.0","KAUTOKEINO II, NO","FM-12","4","","0","2","","||FG","+0.03","6","88","VV:09","29.46","28.28","0.25","2","360","","0","","","","","","","","","","","","","","","","","","","","","","","","","","","","","","","","","","","","","","","","","","","","","","","","","","","","","","","","","","","","","","","","","","","","","","","","","","","","","","","","","","","","","","","","","","","SYN004BUFR","","","","","","","","","",""
"01047099999","2022-01-31T01:00:00","69.0166667","23.0666667","307.0","KAUTOKEINO II, NO","FM-12","4","","-20","-17","","","-0.02","2","85","","29.83","28.59","37.28","-17","360","","0","","","","","","","","","","","","","","","","","","","","","","","","","","","","","","","","","","","","","","","","","","","","","","","","","","","","","","","","","","","","","","","","","","","","","","","","","","","","","","","","","","","","","","","","","","","SYN004BUFR","","","","","","","","","",""
"01047099999","2022-02-02T10:00:00","69.0166667","23.0666667","307.0","KAUTOKEINO II, NO","FM-12","4","","-10","-7","","","","","84","OVC:08 20","29.94","28.72","1.55","-7","320","","6","","","","","","","","","","","","","","","","","","","","","","","","","","","","","","","","","","","","","","","","","","","","","","","","","","","","","","","","","","","","","","","","","","","","","","","","","","","","","","","","","","","","","","","","","","","SYN004BUFR","","","","","","","","","",""
"01047099999","2022-02-11T01:00:00","69.0166667","23.0666667","307.0","KAUTOKEINO II, NO","FM-12","4","","1","3","","","-0.04","2","91","BKN:06 66","29.19","28.02","37.28","3","180","","6","","","","","","","","","","","","","","","","","","","","","","","","","","","","","","","","","","","","","","","","","","","","","","","","","","","","","","","","","","","","","","","","","","","","","","","","","","","","","","","","","","","","","","","","","","","SYN004BUFR","","","","","","","","","",""
"01047099999","2022-02-18T01:00:00","69.0166667","23.0666667","307.0","KAUTOKEINO II, NO","FM-12","4","","17","20","","","+0.04","7","87","OVC:08 20","29.08","27.96","2.49","19","360","","15","","","","","","","","","","","","","","","","","","","","","","","","","","","","","","","","","","","","","","","","","","","","","","","","","","","","","","","","","","","","","","","","","","","","","","","","","","","","","","","","","","","","","","","","","","","SYN004BUFR","","","","","","","","","",""
"01047099999","2022-02-18T07:00:00","69.0166667","23.0666667","307.0","KAUTOKEINO II, NO","FM-12","4","","19","22","","","+0.02","7","88","OVC:08 20","29.03","27.91","12.43","21","360","","10","","","","","","","","","","","","","","","","","","","","","","","","","","","","","","","","","","","","","","","","","","","","","","","","","","","","","","","","","","","","","","","","","","","","","","","","","","","","","","","","","","","","","","","","","","","SYN004BUFR","","","","","","","","","",""
"01047099999","2022-02-18T10:00:00","69.0166667","23.0666667","307.0","KAUTOKEINO II, NO","FM-12","4","","20","23","","","+0.01","7","87","OVC:08 20","29.02","27.90","3.73","22","050","","10","","","","","","","","","","","","","","","","","","","","","","","","","","","","","","","","","","","","","","","","","","","","","","","","","","","","","","","","","","","","","","","","","","","","","","","","","","","","","","","","","","","","","","","","","","","SYN004BUFR","","","","","","","","","",""
"01047099999","2022-02-20T01:00:00","69.0166667","23.0666667","307.0","KAUTOKEINO II, NO","FM-12","4","","-3","0","","","-0.03","2","85","82","29.29","28.12","37.28","-1","270","","2","","","","","","","","","","","","","","","","","","","","","","","","","","","","","","","","","","","","","","","","","","","","","","","","","","","","","","","","","","","","","","","","","","","","","","","","","","","","","","","","","","","","","","","","","","","SYN004BUFR","","","","","","","","","",""
"01047099999","2022-02-20T07:00:00","69.0166667","23.0666667","307.0","KAUTOKEINO II, NO","FM-12","4","","-6","-3","","","-0.01","3","87","BKN:07 66","29.32","28.14","37.28","-3","360","","0","","","","","","","","","","","","","","","","","","","","","","","","","","","","","","","","","","","","","","","","","","","","","","","","","","","","","","","","","","","","","","","","","","","","","","","","","","","","","","","","","","","","","","","","","","","SYN004BUFR","","","","","","","","","",""
"01047099999","2022-02-20T10:00:00","69.0166667","23.0666667","307.0","KAUTOKEINO II, NO","FM-12","4","","0","3","","","-0.03","2","87","BKN:06 66","29.34","28.17","37.28","2","360","","0","","","","","","","","","","","","","","","","","","","","","","","","","","","","","","","","","","","","","","","","","","","","","","","","","","","","","","","","","","","","","","","","","","","","","","","","","","","","","","","","","","","","","","","","","","","SYN004BUFR","","","","","","","","","",""
"01047099999","2022-02-27T01:00:00","69.0166667","23.0666667","307.0","KAUTOKEINO II, NO","FM-12","4","","19","23","","||DRSN","+0.05","8","85","FEW:02 20","29.73","28.61","18.64","22","180","","22","","","","","","","","","","","","","","","","","","","","","","","","","","","","","","","","","","","","","","","","","","","","","","","","","","","","","","","","","","","","","","","","","","","","","","","","","","","","","","","","","","","","","","","","","","","SYN004BUFR","","","","","","","","","",""
"01047099999","2022-02-28T13:00:00","69.0166667","23.0666667","307.0","KAUTOKEINO II, NO","FM-12","4","","19","34","","","","","53","SCT:04 66","30.01","28.88","37.28","29","270","","6","","","","","","","","","","","","","","","","","","","","","","","","","","","","","","","","","","","","","","","","","","","","","","","","","","","","","","","","","","","","","","","","","","","","","","","","","","","","","","","","","","","","","","","","","","","SYN004BUFR","","","","","","","","","",""
"01047099999","2022-03-03T10:00:00","69.0166667","23.0666667","307.0","KAUTOKEINO II, NO","FM-12","4","","18","24","","","-0.03","1","77","BKN:05 66","30.07","28.92","40.39","22","360","","2","","","","","","","","","","","","","","","","","","","","","","","","","","","","","","","","","","","","","","","","","","","","","","","","","","","","","","","","","","","","","","","","","","","","","","","","","","","","","","","","","","","","","","","","","","","SYN004BUFR","","","","","","","","","",""
"01047099999","2022-03-07T16:00:00","69.0166667","23.0666667","307.0","KAUTOKEINO II, NO","FM-12","4","","19","21","","","+0.03","5","91","SCT:04 20","29.88","28.73","31.07","20","180","","22","","","","","","","","","","","","","","","","","","","","","","","","","","","","","","","","","","","","","","","","","","","","","","","","","","","","","","","","","","","","","","","","","","","","","","","","","","","","","","","","","","","","","","","","","","","SYN004BUFR","","","","","","","","","",""
"01047099999","2022-03-08T01:00:00","69.0166667","23.0666667","307.0","KAUTOKEINO II, NO","FM-12","4","","3","5","","","-0.02","0","91","","30.01","28.82","37.28","5","180","","6","","","","","","","","","","","","","","","","","","","","","","","","","","","","","","","","","","","","","","","","","","","","","","","","","","","","","","","","","","","","","","","","","","","","","","","","","","","","","","","","","","","","","","","","","","","SYN004BUFR","","","","","","","","","",""
"01047099999","2022-03-08T07:00:00","69.0166667","23.0666667","307.0","KAUTOKEINO II, NO","FM-12","4","","-9","-6","","","-0.04","3","86","BKN:05 66","30.10","28.87","37.28","-6","360","","0","","","","","","","","","","","","","","","","","","","","","","","","","","","","","","","","","","","","","","","","","","","","","","","","","","","","","","","","","","","","","","","","","","","","","","","","","","","","","","","","","","","","","","","","","","","SYN004BUFR","","","","","","","","","",""
"01047099999","2022-03-09T01:00:00","69.0166667","23.0666667","307.0","KAUTOKEINO II, NO","FM-12","4","","-11","-7","","","-0.02","1","85","BKN:06 7","30.31","29.08","31.07","-7","180","","2","","","","","","","","","","","","","","","","","","","","","","","","","","","","","","","","","","","","","","","","","","","","","","","","","","","","","","","","","","","","","","","","","","","","","","","","","","","","","","","","","","","","","","","","","","","SYN004BUFR","","","","","","","","","",""
"01047099999","2022-03-09T07:00:00","69.0166667","23.0666667","307.0","KAUTOKEINO II, NO","FM-12","4","","-4","-1","","","+0.01","5","87","OVC:08 7","30.29","29.08","9.32","-1","360","","0","","","","","","","","","","","","","","","","","","","","","","","","","","","","","","","","","","","","","","","","","","","","","","","","","","","","","","","","","","","","","","","","","","","","","","","","","","","","","","","","","","","","","","","","","","","SYN004BUFR","","","","","","","","","",""
"01047099999","2022-03-10T01:00:00","69.0166667","23.0666667","307.0","KAUTOKEINO II, NO","FM-12","4","","22","24","","","+0.02","8","91","OVC:08 20","30.08","28.93","31.07","23","140","","15","","","","","","","","","","","","","","","","","","","","","","","","","","","","","","","","","","","","","","","","","","","","","","","","","","","","","","","","","","","","","","","","","","","","","","","","","","","","","","","","","","","","","","","","","","","SYN004BUFR","","","","","","","","","",""
"01047099999","2022-03-10T07:00:00","69.0166667","23.0666667","307.0","KAUTOKEINO II, NO","FM-12","4","","22","24","","","+0.05","8","91","OVC:08 33","30.00","28.85","34.18","23","180","","10","","","","","","","","","","","","","","","","","","","","","","","","","","","","","","","","","","","","","","","","","","","","","","","","","","","","","","","","","","","","","","","","","","","","","","","","","","","","","","","","","","","","","","","","","","","SYN004BUFR","","","","","","","","","",""
"01047099999","2022-03-12T16:00:00","69.0166667","23.0666667","307.0","KAUTOKEINO II, NO","FM-12","4","","27","37","","","-0.01","2","69","FEW:02 66","30.20","29.09","37.28","33","140","","6","","","","","","","","","","","","","","","","","","","","","","","","","","","","","","","","","","","","","","","","","","","","","","","","","","","","","","","","","","","","","","","","","","","","","","","","","","","","","","","","","","","","","","","","","","","SYN004BUFR","","","","","","","","","",""
"01047099999","2022-03-12T19:00:00","69.0166667","23.0666667","307.0","KAUTOKEINO II, NO","FM-12","4","","22","26","","","-0.00","2","87","","30.23","29.09","37.28","25","160","","6","","","","","","","","","","","","","","","","","","","","","","","","","","","","","","","","","","","","","","","","","","","","","","","","","","","","","","","","","","","","","","","","","","","","","","","","","","","","","","","","","","","","","","","","","","","SYN004BUFR","","","","","","","","","",""
"01047099999","2022-03-13T01:00:00","69.0166667","23.0666667","307.0","KAUTOKEINO II, NO","FM-12","4","","9","10","","||FG","","","95","VV:09","30.27","29.09","0.19","10","360","","0","","","","","","","","","","","","","","","","","","","","","","","","","","","","","","","","","","","","","","","","","","","","","","","","","","","","","","","","","","","","","","","","","","","","","","","","","","","","","","","","","","","","","","","","","","","SYN004BUFR","","","","","","","","","",""
"01047099999","2022-03-15T01:00:00","69.0166667","23.0666667","307.0","KAUTOKEINO II, NO","FM-12","4","","10","12","","","-0.00","3","91","82","30.29","29.10","37.28","12","360","","0","","","","","","","","","","","","","","","","","","","","","","","","","","","","","","","","","","","","","","","","","","","","","","","","","","","","","","","","","","","","","","","","","","","","","","","","","","","","","","","","","","","","","","","","","","","SYN004BUFR","","","","","","","","","",""
"01047099999","2022-03-22T07:00:00","69.0166667","23.0666667","307.0","KAUTOKEINO II, NO","FM-12","4","","19","29","","","+0.04","8","65","BKN:05 66","30.24","29.10","37.28","26","180","","6","","","","","","","","","","","","","","","","","","","","","","","","","","","","","","","","","","","","","","","","","","","","","","","","","","","","","","","","","","","","","","","","","","","","","","","","","","","","","","","","","","","","","","","","","","","SYN004BUFR","","","","","","","","","",""
"01047099999","2022-03-26T01:00:00","69.0166667","23.0666667","307.0","KAUTOKEINO II, NO","FM-12","4","","11","18","","","","","74","OVC:08 20","29.83","28.67","37.28","16","360","","10","","","","","","","","","","","","","","","","","","","","","","","","","","","","","","","","","","","","","","","","","","","","","","","","","","","","","","","","","","","","","","","","","","","","","","","","","","","","","","","","","","","","","","","","","","","SYN004BUFR","","","","","","","","","",""
"01047099999","2022-03-31T16:00:00","69.0166667","23.0666667","307.0","KAUTOKEINO II, NO","FM-12","4","","12","24","","","-0.01","2","61","BKN:06 66","29.95","28.81","37.28","20","320","","10","","","","","","","","","","","","","","","","","","","","","","","","","","","","","","","","","","","","","","","","","","","","","","","","","","","","","","","","","","","","","","","","","","","","","","","","","","","","","","","","","","","","","","","","","","","SYN004BUFR","","","","","","","","","",""
"01047099999","2022-04-02T01:00:00","69.0166667","23.0666667","307.0","KAUTOKEINO II, NO","FM-12","4","","11","20","","","+0.08","8","68","OVC:08 33","29.66","28.51","37.28","17","220","","10","","","","","","","","","","","","","","","","","","","","","","","","","","","","","","","","","","","","","","","","","","","","","","","","","","","","","","","","","","","","","","","","","","","","","","","","","","","","","","","","","","","","","","","","","","","SYN004BUFR","","","","","","","","","",""
"01047099999","2022-04-03T01:00:00","69.0166667","23.0666667","307.0","KAUTOKEINO II, NO","FM-12","4","","12","15","","","-0.01","2","90","OVC:08 20","29.66","28.50","12.43","14","360","","2","","","","","","","","","","","","","","","","","","","","","","","","","","","","","","","","","","","","","","","","","","","","","","","","","","","","","","","","","","","","","","","","","","","","","","","","","","","","","","","","","","","","","","","","","","","SYN004BUFR","","","","","","","","","",""
"01047099999","2022-04-04T19:00:00","69.0166667","23.0666667","307.0","KAUTOKEINO II, NO","FM-12","4","","9","15","","","","","79","82","29.43","28.28","37.28","13","360","","2","","","","","","","","","","","","","","","","","","","","","","","","","","","","","","","","","","","","","","","","","","","","","","","","","","","","","","","","","","","","","","","","","","","","","","","","","","","","","","","","","","","","","","","","","","","SYN004BUFR","","","","","","","","","",""
"01047099999","2022-04-07T01:00:00","69.0166667","23.0666667","307.0","KAUTOKEINO II, NO","FM-12","4","","22","24","","","","","91","OVC:08 20","29.39","28.27","4.35","23","090","","10","","","","","","","","","","","","","","","","","","","","","","","","","","","","","","","","","","","","","","","","","","","","","","","","","","","","","","","","","","","","","","","","","","","","","","","","","","","","","","","","","","","","","","","","","","","SYN004BUFR","","","","","","","","","",""
"01047099999","2022-04-13T07:00:00","69.0166667","23.0666667","307.0","KAUTOKEINO II, NO","FM-12","4","","8","9","","","-0.02","0","92","BKN:05 10","30.25","29.06","2.49","9","000","","0","","","","","","","","","","","","","","","","","","","","","","","","","","","","","","","","","","","","","","","","","","","","","","","","","","","","","","","","","","","","","","","","","","","","","","","","","","","","","","","","","","","","","","","","","","","SYN004BUFR","","","","","","","","","",""
"01047099999","2022-04-15T16:00:00","69.0166667","23.0666667","307.0","KAUTOKEINO II, NO","FM-12","4","","21","36","","","-0.01","2","54","SCT:03 66","30.42","29.28","37.28","31","320","","10","","","","","","","","","","","","","","","","","","","","","","","","","","","","","","","","","","","","","","","","","","","","","","","","","","","","","","","","","","","","","","","","","","","","","","","","","","","","","","","","","","","","","","","","","","","SYN004BUFR","","","","","","","","","",""
"01047099999","2022-07-04T01:00:00","69.0166667","23.0666667","307.0","KAUTOKEINO II, NO","FM-12","4","","50","53","","","-0.01","0","91","OVC:08 10","29.88","28.81","37.28","51","050","","6","","","","","","","","","","","","","","","","","","","","","","","","","","","","","","","","","","","","","","","","","","","","","","","","","","","","","","","","","","","","","","","","","","","","","","","","","","","","","","","","","","","","","","","","","","","SYN004BUFR","","","","","","","","","",""
"01047099999","2022-07-04T07:00:00","69.0166667","23.0666667","307.0","KAUTOKEINO II, NO","FM-12","4","","54","57","","","0.00","4","91","BKN:06 20","29.88","28.81","37.28","55","050","","6","","","","","","","","","","","","","","","","","","","","","","","","","","","","","","","","","","","","","","","","","","","","","","","","","","","","","","","","","","","","","","","","","","","","","","","","","","","","","","","","","","","","","","","","","","","SYN004BUFR","","","","","","","","","",""
"01047099999","2022-07-04T10:00:00","69.0166667","23.0666667","307.0","KAUTOKEINO II, NO","FM-12","4","","53","68","","","+0.01","8","59","BKN:06 20","29.85","28.80","37.28","59","000","","0","","","","","","","","","","","","","","","","","","","","","","","","","","","","","","","","","","","","","","","","","","","","","","","","","","","","","","","","","","","","","","","","","","","","","","","","","","","","","","","","","","","","","","","","","","","SYN004BUFR","","","","","","","","","",""
"01047099999","2022-07-05T01:00:00","69.0166667","23.0666667","307.0","KAUTOKEINO II, NO","FM-12","4","","53","56","","","","","90","SCT:03 33","29.78","28.71","37.28","54","000","","0","","","","","","","","","","","","","","","","","","","","","","","","","","","","","","","","","","","","","","","","","","","","","","","","","","","","","","","","","","","","","","","","","","","","","","","","","","","","","","","","","","","","","","","","","","","SYN004BUFR","","","","","","","","","",""
"01047099999","2022-07-06T07:00:00","69.0166667","23.0666667","307.0","KAUTOKEINO II, NO","FM-12","4","","42","53","","","+0.02","8","66","SCT:04 20","29.47","28.41","34.18","48","090","","6","","","","","","","","","","","","","","","","","","","","","","","","","","","","","","","","","","","","","","","","","","","","","","","","","","","","","","","","","","","","","","","","","","","","","","","","","","","","","","","","","","","","","","","","","","","SYN004BUFR","","","","","","","","","",""
"01047099999","2022-07-08T07:00:00","69.0166667","23.0666667","307.0","KAUTOKEINO II, NO","FM-12","4","","44","49","","||RA","-0.04","2","83","OVC:08 33","29.67","28.59","18.64","47","320","","10","","","","","","","","","","","","","","","","","","","","","","","","","","","","","","","","","","","","","","","","","","","","","","","","","","","","","","","","","","","","","","","","","","","","","","","","","","","","","","","","","","","","","","","","","","","SYN004BUFR","","","","","","","","","",""
"01047099999","2022-07-11T01:00:00","69.0166667","23.0666667","307.0","KAUTOKEINO II, NO","FM-12","4","","51","54","","","-0.01","2","90","SCT:03 20","30.03","28.96","37.28","52","360","","6","","","","","","","","","","","","","","","","","","","","","","","","","","","","","","","","","","","","","","","","","","","","","","","","","","","","","","","","","","","","","","","","","","","","","","","","","","","","","","","","","","","","","","","","","","","SYN004BUFR","","","","","","","","","",""
"01047099999","2022-07-12T19:00:00","69.0166667","23.0666667","307.0","KAUTOKEINO II, NO","FM-12","4","","45","72","","","+0.04","7","37","FEW:02 33","29.88","28.84","37.28","57","180","","10","","","","","","","","","","","","","","","","","","","","","","","","","","","","","","","","","","","","","","","","","","","","","","","","","","","","","","","","","","","","","","","","","","","","","","","","","","","","","","","","","","","","","","","","","","","SYN004BUFR","","","","","","","","","",""
"01047099999","2022-07-17T01:00:00","69.0166667","23.0666667","307.0","KAUTOKEINO II, NO","FM-12","4","","45","48","","||RA","-0.01","3","91","BKN:06 10","29.72","28.63","6.21","47","360","","10","","","","","","","","","","","","","","","","","","","","","","","","","","","","","","","","","","","","","","","","","","","","","","","","","","","","","","","","","","","","","","","","","","","","","","","","","","","","","","","","","","","","","","","","","","","SYN004BUFR","","","","","","","","","",""
"01047099999","2022-07-17T07:00:00","69.0166667","23.0666667","307.0","KAUTOKEINO II, NO","FM-12","4","","47","49","","","-0.01","2","92","OVC:08 33","29.73","28.65","31.07","48","360","","6","","","","","","","","","","","","","","","","","","","","","","","","","","","","","","","","","","","","","","","","","","","","","","","","","","","","","","","","","","","","","","","","","","","","","","","","","","","","","","","","","","","","","","","","","","","SYN004BUFR","","","","","","","","","",""
"01047099999","2022-07-18T01:00:00","69.0166667","23.0666667","307.0","KAUTOKEINO II, NO","FM-12","4","","46","49","","","","","90","SCT:04 10","29.78","28.70","31.07","47","320","","10","","","","","","","","","","","","","","","","","","","","","","","","","","","","","","","","","","","","","","","","","","","","","","","","","","","","","","","","","","","","","","","","","","","","","","","","","","","","","","","","","","","","","","","","","","","SYN004BUFR","","","","","","","","","",""
"01047099999","2022-07-22T10:00:00","69.0166667","23.0666667","307.0","KAUTOKEINO II, NO","FM-12","4","","44","58","","","+0.02","8","58","BKN:05 20","29.83","28.76","37.28","51","090","","6","","","","","","","","","","","","","","","","","","","","","","","","","","","","","","","","","","","","","","","","","","","","","","","","","","","","","","","","","","","","","","","","","","","","","","","","","","","","","","","","","","","","","","","","","","","SYN004BUFR","","","","","","","","","",""
"01047099999","2022-08-15T07:00:00","69.0166667","23.0666667","307.0","KAUTOKEINO II, NO","FM-12","4","","46","48","","","","","94","BKN:07 66","30.04","28.95","37.28","47","000","","0","","","","","","","","","","","","","","","","","","","","","","","","","","","","","","","","","","","","","","","","","","","","","","","","","","","","","","","","","","","","","","","","","","","","","","","","","","","","","","","","","","","","","","","","","","","SYN004BUFR","","","","","","","","","",""
"01047099999","2022-08-15T10:00:00","69.0166667","23.0666667","307.0","KAUTOKEINO II, NO","FM-12","4","","47","56","","","","","74","SCT:03 20","30.03","28.95","37.28","51","180","","10","","","","","","","","","","","","","","","","","","","","","","","","","","","","","","","","","","","","","","","","","","","","","","","","","","","","","","","","","","","","","","","","","","","","","","","","","","","","","","","","","","","","","","","","","","","SYN004BUFR","","","","","","","","","",""
"01047099999","2022-08-18T07:00:00","69.0166667","23.0666667","307.0","KAUTOKEINO II, NO","FM-12","4","","46","49","","","-0.09","3","91","SCT:04 20","30.04","28.95","34.18","47","360","","2","","","","","","","","","","","","","","","","","","","","","","","","","","","","","","","","","","","","","","","","","","","","","","","","","","","","","","","","","","","","","","","","","","","","","","","","","","","","","","","","","","","","","","","","","","","SYN004BUFR","","","","","","","","","",""
"01047099999","2022-08-18T10:00:00","69.0166667","23.0666667","307.0","KAUTOKEINO II, NO","FM-12","4","","37","54","","","-0.08","1","52","BKN:07 20","30.11","29.03","37.28","46","360","","2","","","","","","","","","","","","","","","","","","","","","","","","","","","","","","","","","","","","","","","","","","","","","","","","","","","","","","","","","","","","","","","","","","","","","","","","","","","","","","","","","","","","","","","","","","","SYN004BUFR","","","","","","","","","",""
"01047099999","2022-08-18T13:00:00","69.0166667","23.0666667","307.0","KAUTOKEINO II, NO","FM-12","4","","37","58","","","-0.04","1","45","BKN:05 20","30.16","29.08","37.28","48","360","","2","","","","","","","","","","","","","","","","","","","","","","","","","","","","","","","","","","","","","","","","","","","","","","","","","","","","","","","","","","","","","","","","","","","","","","","","","","","","","","","","","","","","","","","","","","","SYN004BUFR","","","","","","","","","",""
"01047099999","2022-08-18T16:00:00","69.0166667","23.0666667","307.0","KAUTOKEINO II, NO","FM-12","4","","37","58","","","-0.01","3","44","FEW:01 33","30.15","29.08","37.28","48","140","","6","","","","","","","","","","","","","","","","","","","","","","","","","","","","","","","","","","","","","","","","","","","","","","","","","","","","","","","","","","","","","","","","","","","","","","","","","","","","","","","","","","","","","","","","","","","SYN004BUFR","","","","","","","","","",""
"01047099999","2022-08-22T01:00:00","69.0166667","23.0666667","307.0","KAUTOKEINO II, NO","FM-12","4","","57","60","","","+0.02","6","90","SCT:03 10","29.66","28.60","31.07","58","180","","10","","","","","","","","","","","","","","","","","","","","","","","","","","","","","","","","","","","","","","","","","","","","","","","","","","","","","","","","","","","","","","","","","","","","","","","","","","","","","","","","","","","","","","","","","","","SYN004BUFR","","","","","","","","","",""
"01047099999","2022-08-25T01:00:00","69.0166667","23.0666667","307.0","KAUTOKEINO II, NO","FM-12","4","","42","45","","","","","90","82","30.20","29.10","37.28","44","180","","6","","","","","","","","","","","","","","","","","","","","","","","","","","","","","","","","","","","","","","","","","","","","","","","","","","","","","","","","","","","","","","","","","","","","","","","","","","","","","","","","","","","","","","","","","","","SYN004BUFR","","","","","","","","","",""
"01047099999","2022-08-25T16:00:00","69.0166667","23.0666667","307.0","KAUTOKEINO II, NO","FM-12","4","","44","72","","","","","36","FEW:01 33","30.09","29.04","37.28","57","180","","10","","","","","","","","","","","","","","","","","","","","","","","","","","","","","","","","","","","","","","","","","","","","","","","","","","","","","","","","","","","","","","","","","","","","","","","","","","","","","","","","","","","","","","","","","","","SYN004BUFR","","","","","","","","","",""
"01047099999","2022-08-25T19:00:00","69.0166667","23.0666667","307.0","KAUTOKEINO II, NO","FM-12","4","","50","64","","","","","61","BKN:06 66","30.11","29.05","37.28","56","180","","6","","","","","","","","","","","","","","","","","","","","","","","","","","","","","","","","","","","","","","","","","","","","","","","","","","","","","","","","","","","","","","","","","","","","","","","","","","","","","","","","","","","","","","","","","","","SYN004BUFR","","","","","","","","","",""
"01047099999","2022-09-02T10:00:00","69.0166667","23.0666667","307.0","KAUTOKEINO II, NO","FM-12","4","","38","44","","","","","79","BKN:07 20","30.44","29.32","31.07","41","360","","10","","","","","","","","","","","","","","","","","","","","","","","","","","","","","","","","","","","","","","","","","","","","","","","","","","","","","","","","","","","","","","","","","","","","","","","","","","","","","","","","","","","","","","","","","","","SYN004BUFR","","","","","","","","","",""
"01047099999","2022-09-02T13:00:00","69.0166667","23.0666667","307.0","KAUTOKEINO II, NO","FM-12","4","","33","46","","","","","59","BKN:07 20","30.42","29.30","37.28","40","050","","10","","","","","","","","","","","","","","","","","","","","","","","","","","","","","","","","","","","","","","","","","","","","","","","","","","","","","","","","","","","","","","","","","","","","","","","","","","","","","","","","","","","","","","","","","","","SYN004BUFR","","","","","","","","","",""
"01047099999","2022-09-02T16:00:00","69.0166667","23.0666667","307.0","KAUTOKEINO II, NO","FM-12","4","","37","45","","||RA","","","74","SCT:04 20","30.40","29.28","12.43","41","050","","10","","","","","","","","","","","","","","","","","","","","","","","","","","","","","","","","","","","","","","","","","","","","","","","","","","","","","","","","","","","","","","","","","","","","","","","","","","","","","","","","","","","","","","","","","","","SYN004BUFR","","","","","","","","","",""
"01047099999","2022-09-06T13:00:00","69.0166667","23.0666667","307.0","KAUTOKEINO II, NO","FM-12","4","","38","48","","","-0.01","2","68","BKN:07 20","30.20","29.10","37.28","43","320","","10","","","","","","","","","","","","","","","","","","","","","","","","","","","","","","","","","","","","","","","","","","","","","","","","","","","","","","","","","","","","","","","","","","","","","","","","","","","","","","","","","","","","","","","","","","","SYN004BUFR","","","","","","","","","",""
"01047099999","2022-09-06T16:00:00","69.0166667","23.0666667","307.0","KAUTOKEINO II, NO","FM-12","4","","38","46","","","-0.02","2","71","BKN:07 20","30.22","29.12","37.28","42","360","","15","","","","","","","","","","","","","","","","","","","","","","","","","","","","","","","","","","","","","","","","","","","","","","","","","","","","","","","","","","","","","","","","","","","","","","","","","","","","","","","","","","","","","","","","","","","SYN004BUFR","","","","","","","","","",""
"01047099999","2022-09-18T01:00:00","69.0166667","23.0666667","307.0","KAUTOKEINO II, NO","FM-12","4","","","","","||RA","","","","OVC:08 10","29.62","28.53","12.43","","360","","10","","","","","","","","","","","","","","","","","","","","","","","","","","","","","","","","","","","","","","","","","","","","","","","","","","","","","","","","","","","","","","","","","","","","","","","","","","","","","","","","","","","","","","","","","","","SYN004BUFR","","","","","","","","","",""
"01047099999","2022-09-19T10:00:00","69.0166667","23.0666667","307.0","KAUTOKEINO II, NO","FM-12","4","","36","43","","","","","76","OVC:08 20","29.91","28.81","37.28","40","360","","15","","","","","","","","","","","","","","","","","","","","","","","","","","","","","","","","","","","","","","","","","","","","","","","","","","","","","","","","","","","","","","","","","","","","","","","","","","","","","","","","","","","","","","","","","","","SYN004BUFR","","","","","","","","","",""
"01047099999","2022-09-19T13:00:00","69.0166667","23.0666667","307.0","KAUTOKEINO II, NO","FM-12","4","","34","44","","","","","69","BKN:06 20","29.94","28.84","37.28","40","360","","22","","","","","","","","","","","","","","","","","","","","","","","","","","","","","","","","","","","","","","","","","","","","","","","","","","","","","","","","","","","","","","","","","","","","","","","","","","","","","","","","","","","","","","","","","","","SYN004BUFR","","","","","","","","","",""
"01047099999","2022-09-19T16:00:00","69.0166667","23.0666667","307.0","KAUTOKEINO II, NO","FM-12","4","","31","43","","","","","63","BKN:06 20","29.98","28.87","37.28","38","360","","15","","","","","","","","","","","","","","","","","","","","","","","","","","","","","","","","","","","","","","","","","","","","","","","","","","","","","","","","","","","","","","","","","","","","","","","","","","","","","","","","","","","","","","","","","","","SYN004BUFR","","","","","","","","","",""
"01047099999","2022-09-26T01:00:00","69.0166667","23.0666667","307.0","KAUTOKEINO II, NO","FM-12","4","","34","38","","","-0.01","3","84","SCT:03 66","29.84","28.73","37.28","36","180","","10","","","","","","","","","","","","","","","","","","","","","","","","","","","","","","","","","","","","","","","","","","","","","","","","","","","","","","","","","","","","","","","","","","","","","","","","","","","","","","","","","","","","","","","","","","","SYN004BUFR","","","","","","","","","",""
"01047099999","2022-09-26T07:00:00","69.0166667","23.0666667","307.0","KAUTOKEINO II, NO","FM-12","4","","34","38","","","+0.00","5","85","OVC:08 66","29.84","28.74","37.28","36","140","","6","","","","","","","","","","","","","","","","","","","","","","","","","","","","","","","","","","","","","","","","","","","","","","","","","","","","","","","","","","","","","","","","","","","","","","","","","","","","","","","","","","","","","","","","","","","SYN004BUFR","","","","","","","","","",""
"01047099999","2022-09-26T10:00:00","69.0166667","23.0666667","307.0","KAUTOKEINO II, NO","FM-12","4","","33","40","","","-0.01","2","76","BKN:05 20","29.85","28.75","37.28","37","140","","6","","","","","","","","","","","","","","","","","","","","","","","","","","","","","","","","","","","","","","","","","","","","","","","","","","","","","","","","","","","","","","","","","","","","","","","","","","","","","","","","","","","","","","","","","","","SYN004BUFR","","","","","","","","","",""
"01047099999","2022-09-26T13:00:00","69.0166667","23.0666667","307.0","KAUTOKEINO II, NO","FM-12","4","","34","41","","","0.00","4","76","BKN:06 20","29.84","28.75","34.18","38","180","","10","","","","","","","","","","","","","","","","","","","","","","","","","","","","","","","","","","","","","","","","","","","","","","","","","","","","","","","","","","","","","","","","","","","","","","","","","","","","","","","","","","","","","","","","","","","SYN004BUFR","","","","","","","","","",""
"01047099999","2022-09-28T07:00:00","69.0166667","23.0666667","307.0","KAUTOKEINO II, NO","FM-12","4","","40","42","","","0.00","4","91","OVC:08 33","30.00","28.90","1.24","41","000","","0","","","","","","","","","","","","","","","","","","","","","","","","","","","","","","","","","","","","","","","","","","","","","","","","","","","","","","","","","","","","","","","","","","","","","","","","","","","","","","","","","","","","","","","","","","","SYN004BUFR","","","","","","","","","",""
"01047099999","2022-10-05T01:00:00","69.0166667","23.0666667","307.0","KAUTOKEINO II, NO","FM-12","4","","37","39","","","","","91","OVC:08 10","29.70","28.60","31.07","38","180","","10","","","","","","","","","","","","","","","","","","","","","","","","","","","","","","","","","","","","","","","","","","","","","","","","","","","","","","","","","","","","","","","","","","","","","","","","","","","","","","","","","","","","","","","","","","","SYN004BUFR","","","","","","","","","",""
"01047099999","2022-10-06T10:00:00","69.0166667","23.0666667","307.0","KAUTOKEINO II, NO","FM-12","4","","40","42","","||RA","","","91","OVC:08 20","28.84","27.77","1.86","41","320","","10","","","","","","","","","","","","","","","","","","","","","","","","","","","","","","","","","","","","","","","","","","","","","","","","","","","","","","","","","","","","","","","","","","","","","","","","","","","","","","","","","","","","","","","","","","","SYN004BUFR","","","","","","","","","",""
"01047099999","2022-10-14T01:00:00","69.0166667","23.0666667","307.0","KAUTOKEINO II, NO","FM-12","4","","28","30","","","-0.03","2","93","82","29.75","28.63","37.28","29","140","","6","","","","","","","","","","","","","","","","","","","","","","","","","","","","","","","","","","","","","","","","","","","","","","","","","","","","","","","","","","","","","","","","","","","","","","","","","","","","","","","","","","","","","","","","","","","SYN004BUFR","","","","","","","","","",""
"01047099999","2022-10-17T10:00:00","69.0166667","23.0666667","307.0","KAUTOKEINO II, NO","FM-12","4","","34","38","","","-0.04","2","84","SCT:03 20","29.53","28.43","37.28","36","140","","6","","","","","","","","","","","","","","","","","","","","","","","","","","","","","","","","","","","","","","","","","","","","","","","","","","","","","","","","","","","","","","","","","","","","","","","","","","","","","","","","","","","","","","","","","","","SYN004BUFR","","","","","","","","","",""
"01047099999","2022-10-20T01:00:00","69.0166667","23.0666667","307.0","KAUTOKEINO II, NO","FM-12","4","","28","32","","","-0.03","3","85","BKN:05 20","29.89","28.77","37.28","30","270","","6","","","","","","","","","","","","","","","","","","","","","","","","","","","","","","","","","","","","","","","","","","","","","","","","","","","","","","","","","","","","","","","","","","","","","","","","","","","","","","","","","","","","","","","","","","","SYN004BUFR","","","","","","","","","",""
"01047099999","2022-10-20T10:00:00","69.0166667","23.0666667","307.0","KAUTOKEINO II, NO","FM-12","4","","22","30","","","-0.03","3","72","SCT:03 20","29.96","28.83","37.28","27","000","","0","","","","","","","","","","","","","","","","","","","","","","","","","","","","","","","","","","","","","","","","","","","","","","","","","","","","","","","","","","","","","","","","","","","","","","","","","","","","","","","","","","","","","","","","","","","SYN004BUFR","","","","","","","","","",""
"01047099999","2022-10-25T10:00:00","69.0166667","23.0666667","307.0","KAUTOKEINO II, NO","FM-12","4","","14","15","","","+0.02","8","93","OVC:08 33","29.92","28.76","37.28","15","140","","6","","","","","","","","","","","","","","","","","","","","","","","","","","","","","","","","","","","","","","","","","","","","","","","","","","","","","","","","","","","","","","","","","","","","","","","","","","","","","","","","","","","","","","","","","","","SYN004BUFR","","","","","","","","","",""
"01047099999","2022-10-28T01:00:00","69.0166667","23.0666667","307.0","KAUTOKEINO II, NO","FM-12","4","","26","27","","","","","94","OVC:08 20","29.71","28.59","1.24","27","180","","6","","","","","","","","","","","","","","","","","","","","","","","","","","","","","","","","","","","","","","","","","","","","","","","","","","","","","","","","","","","","","","","","","","","","","","","","","","","","","","","","","","","","","","","","","","","SYN004BUFR","","","","","","","","","",""
"01047099999","2022-11-01T01:00:00","69.0166667","23.0666667","307.0","KAUTOKEINO II, NO","FM-12","4","","23","25","","||FZRA","-0.01","2","94","OVC:08 20","29.82","28.68","18.64","24","220","","6","","","","","","","","","","","","","","","","","","","","","","","","","","","","","","","","","","","","","","","","","","","","","","","","","","","","","","","","","","","","","","","","","","","","","","","","","","","","","","","","","","","","","","","","","","","SYN004BUFR","","","","","","","","","",""
"01047099999","2022-11-02T13:00:00","69.0166667","23.0666667","307.0","KAUTOKEINO II, NO","FM-12","4","","32","34","","||DZ","","","92","OVC:08 3","29.81","28.69","1.86","33","180","","10","","","","","","","","","","","","","","","","","","","","","","","","","","","","","","","","","","","","","","","","","","","","","","","","","","","","","","","","","","","","","","","","","","","","","","","","","","","","","","","","","","","","","","","","","","","SYN004BUFR","","","","","","","","","",""
"01047099999","2022-11-03T01:00:00","69.0166667","23.0666667","307.0","KAUTOKEINO II, NO","FM-12","4","","32","34","","||DZ","","","93","OVC:08 7","29.86","28.74","3.11","33","180","","10","","","","","","","","","","","","","","","","","","","","","","","","","","","","","","","","","","","","","","","","","","","","","","","","","","","","","","","","","","","","","","","","","","","","","","","","","","","","","","","","","","","","","","","","","","","SYN004BUFR","","","","","","","","","",""
"01047099999","2022-11-06T07:00:00","69.0166667","23.0666667","307.0","KAUTOKEINO II, NO","FM-12","4","","34","36","","||RA","","","89","OVC:08 20","29.60","28.49","12.43","35","140","","6","","","","","","","","","","","","","","","","","","","","","","","","","","","","","","","","","","","","","","","","","","","","","","","","","","","","","","","","","","","","","","","","","","","","","","","","","","","","","","","","","","","","","","","","","","","SYN004BUFR","","","","","","","","","",""
"01047099999","2022-11-06T10:00:00","69.0166667","23.0666667","307.0","KAUTOKEINO II, NO","FM-12","4","","33","36","","||RA","","","90","OVC:08 10","29.57","28.47","6.21","35","180","","6","","","","","","","","","","","","","","","","","","","","","","","","","","","","","","","","","","","","","","","","","","","","","","","","","","","","","","","","","","","","","","","","","","","","","","","","","","","","","","","","","","","","","","","","","","","SYN004BUFR","","","","","","","","","",""
"01047099999","2022-11-12T01:00:00","69.0166667","23.0666667","307.0","KAUTOKEINO II, NO","FM-12","4","","16","18","","","+0.04","7","91","OVC:08 20","29.17","28.05","37.28","17","050","","2","","","","","","","","","","","","","","","","","","","","","","","","","","","","","","","","","","","","","","","","","","","","","","","","","","","","","","","","","","","","","","","","","","","","","","","","","","","","","","","","","","","","","","","","","","","SYN004BUFR","","","","","","","","","",""
"01047099999","2022-11-13T01:00:00","69.0166667","23.0666667","307.0","KAUTOKEINO II, NO","FM-12","4","","32","34","","","-0.09","1","91","OVC:08 20","30.11","28.98","37.28","33","000","","0","","","","","","","","","","","","","","","","","","","","","","","","","","","","","","","","","","","","","","","","","","","","","","","","","","","","","","","","","","","","","","","","","","","","","","","","","","","","","","","","","","","","","","","","","","","SYN004BUFR","","","","","","","","","",""
"01047099999","2022-11-14T01:00:00","69.0166667","23.0666667","307.0","KAUTOKEINO II, NO","FM-12","4","","20","22","","","","","92","OVC:08 3","30.24","29.08","4.35","21","070","","6","","","","","","","","","","","","","","","","","","","","","","","","","","","","","","","","","","","","","","","","","","","","","","","","","","","","","","","","","","","","","","","","","","","","","","","","","","","","","","","","","","","","","","","","","","","SYN004BUFR","","","","","","","","","",""
"01047099999","2022-11-19T01:00:00","69.0166667","23.0666667","307.0","KAUTOKEINO II, NO","FM-12","4","","-5","-2","","","","","89","","30.49","29.26","37.28","-2","180","","2","","","","","","","","","","","","","","","","","","","","","","","","","","","","","","","","","","","","","","","","","","","","","","","","","","","","","","","","","","","","","","","","","","","","","","","","","","","","","","","","","","","","","","","","","","","SYN004BUFR","","","","","","","","","",""
"01047099999","2022-11-22T07:00:00","69.0166667","23.0666667","307.0","KAUTOKEINO II, NO","FM-12","4","","-12","-9","","","-0.01","3","88","","30.32","29.08","31.07","-9","180","","6","","","","","","","","","","","","","","","","","","","","","","","","","","","","","","","","","","","","","","","","","","","","","","","","","","","","","","","","","","","","","","","","","","","","","","","","","","","","","","","","","","","","","","","","","","","SYN004BUFR","","","","","","","","","",""
"01047099999","2022-11-22T10:00:00","69.0166667","23.0666667","307.0","KAUTOKEINO II, NO","FM-12","4","","-5","-2","","||FG","","","89","VV:09","30.33","29.11","0.06","-2","320","","2","","","","","","","","","","","","","","","","","","","","","","","","","","","","","","","","","","","","","","","","","","","","","","","","","","","","","","","","","","","","","","","","","","","","","","","","","","","","","","","","","","","","","","","","","","","SYN004BUFR","","","","","","","","","",""
"01047099999","2022-11-23T01:00:00","69.0166667","23.0666667","307.0","KAUTOKEINO II, NO","FM-12","4","","4","6","","","","","89","OVC:08 10","30.32","29.12","0.93","6","000","","0","","","","","","","","","","","","","","","","","","","","","","","","","","","","","","","","","","","","","","","","","","","","","","","","","","","","","","","","","","","","","","","","","","","","","","","","","","","","","","","","","","","","","","","","","","","SYN004BUFR","","","","","","","","","",""
"01047099999","2022-11-29T01:00:00","69.0166667","23.0666667","307.0","KAUTOKEINO II, NO","FM-12","4","","27","31","","","-0.01","2","87","OVC:08 20","30.40","29.25","12.43","30","220","","10","","","","","","","","","","","","","","","","","","","","","","","","","","","","","","","","","","","","","","","","","","","","","","","","","","","","","","","","","","","","","","","","","","","","","","","","","","","","","","","","","","","","","","","","","","","SYN004BUFR","","","","","","","","","",""
"01047099999","2022-11-29T07:00:00","69.0166667","23.0666667","307.0","KAUTOKEINO II, NO","FM-12","4","","26","31","","","0.00","4","82","OVC:08 33","30.40","29.25","34.18","29","220","","10","","","","","","","","","","","","","","","","","","","","","","","","","","","","","","","","","","","","","","","","","","","","","","","","","","","","","","","","","","","","","","","","","","","","","","","","","","","","","","","","","","","","","","","","","","","SYN004BUFR","","","","","","","","","",""
"01047099999","2022-12-02T01:00:00","69.0166667","23.0666667","307.0","KAUTOKEINO II, NO","FM-12","4","","","","","||FG","-0.02","2","","VV:09","30.71","29.54","0.12","","000","","0","","","","","","","","","","","","","","","","","","","","","","","","","","","","","","","","","","","","","","","","","","","","","","","","","","","","","","","","","","","","","","","","","","","","","","","","","","","","","","","","","","","","","","","","","","","SYN004BUFR","","","","","","","","","",""
"01047099999","2022-12-02T07:00:00","69.0166667","23.0666667","307.0","KAUTOKEINO II, NO","FM-12","4","","","","","","-0.03","3","","OVC:08 7","30.76","29.58","1.86","","000","","0","","","","","","","","","","","","","","","","","","","","","","","","","","","","","","","","","","","","","","","","","","","","","","","","","","","","","","","","","","","","","","","","","","","","","","","","","","","","","","","","","","","","","","","","","","","SYN004BUFR","","","","","","","","","",""
"01047099999","2022-12-02T10:00:00","69.0166667","23.0666667","307.0","KAUTOKEINO II, NO","FM-12","4","","20","21","","","-0.05","3","95","OVC:08 7","30.82","29.64","6.21","21","000","","0","","","","","","","","","","","","","","","","","","","","","","","","","","","","","","","","","","","","","","","","","","","","","","","","","","","","","","","","","","","","","","","","","","","","","","","","","","","","","","","","","","","","","","","","","","","SYN004BUFR","","","","","","","","","",""
"01047099999","2022-12-07T01:00:00","69.0166667","23.0666667","307.0","KAUTOKEINO II, NO","FM-12","4","","-6","-2","","","-0.03","2","85","BKN:06 66","29.72","28.52","37.28","-3","160","","6","","","","","","","","","","","","","","","","","","","","","","","","","","","","","","","","","","","","","","","","","","","","","","","","","","","","","","","","","","","","","","","","","","","","","","","","","","","","","","","","","","","","","","","","","","","SYN004BUFR","","","","","","","","","",""
"01047099999","2022-12-07T07:00:00","69.0166667","23.0666667","307.0","KAUTOKEINO II, NO","FM-12","4","","6","9","","","0.00","4","85","OVC:08 33","29.69","28.52","31.07","8","000","","0","","","","","","","","","","","","","","","","","","","","","","","","","","","","","","","","","","","","","","","","","","","","","","","","","","","","","","","","","","","","","","","","","","","","","","","","","","","","","","","","","","","","","","","","","","","SYN004BUFR","","","","","","","","","",""
"01047099999","2022-12-09T01:00:00","69.0166667","23.0666667","307.0","KAUTOKEINO II, NO","FM-12","4","","20","24","","","-0.03","0","86","OVC:08 20","30.15","29.00","1.86","23","050","","15","","","","","","","","","","","","","","","","","","","","","","","","","","","","","","","","","","","","","","","","","","","","","","","","","","","","","","","","","","","","","","","","","","","","","","","","","","","","","","","","","","","","","","","","","","","SYN004BUFR","","","","","","","","","",""
"01047099999","2022-12-09T07:00:00","69.0166667","23.0666667","307.0","KAUTOKEINO II, NO","FM-12","4","","20","24","","","+0.02","5","86","OVC:08 20","30.13","28.98","18.64","23","360","","10","","","","","","","","","","","","","","","","","","","","","","","","","","","","","","","","","","","","","","","","","","","","","","","","","","","","","","","","","","","","","","","","","","","","","","","","","","","","","","","","","","","","","","","","","","","SYN004BUFR","","","","","","","","","",""
"01047099999","2022-12-10T07:00:00","69.0166667","23.0666667","307.0","KAUTOKEINO II, NO","FM-12","4","","1","6","","","","","81","BKN:06 66","30.31","29.10","31.07","5","000","","0","","","","","","","","","","","","","","","","","","","","","","","","","","","","","","","","","","","","","","","","","","","","","","","","","","","","","","","","","","","","","","","","","","","","","","","","","","","","","","","","","","","","","","","","","","","SYN004BUFR","","","","","","","","","",""
"01047099999","2022-12-10T10:00:00","69.0166667","23.0666667","307.0","KAUTOKEINO II, NO","FM-12","4","","2","6","","","","","82","OVC:08 20","30.30","29.10","24.85","5","360","","6","","","","","","","","","","","","","","","","","","","","","","","","","","","","","","","","","","","","","","","","","","","","","","","","","","","","","","","","","","","","","","","","","","","","","","","","","","","","","","","","","","","","","","","","","","","SYN004BUFR","","","","","","","","","",""
"01047099999","2022-12-12T01:00:00","69.0166667","23.0666667","307.0","KAUTOKEINO II, NO","FM-12","4","","-11","-7","","","","","82","OVC:08 20","30.50","29.26","3.73","-7","180","","6","","","","","","","","","","","","","","","","","","","","","","","","","","","","","","","","","","","","","","","","","","","","","","","","","","","","","","","","","","","","","","","","","","","","","","","","","","","","","","","","","","","","","","","","","","","SYN004BUFR","","","","","","","","","",""
"01047099999","2022-12-14T10:00:00","69.0166667","23.0666667","307.0","KAUTOKEINO II, NO","FM-12","4","","-1","2","","","+0.01","7","86","OVC:08 20","29.44","28.26","4.35","1","320","","6","","","","","","","","","","","","","","","","","","","","","","","","","","","","","","","","","","","","","","","","","","","","","","","","","","","","","","","","","","","","","","","","","","","","","","","","","","","","","","","","","","","","","","","","","","","SYN004BUFR","","","","","","","","","",""
"01047099999","2022-12-15T07:00:00","69.0166667","23.0666667","307.0","KAUTOKEINO II, NO","FM-12","4","","-17","-14","","","","","86","","29.31","28.10","37.28","-14","000","","0","","","","","","","","","","","","","","","","","","","","","","","","","","","","","","","","","","","","","","","","","","","","","","","","","","","","","","","","","","","","","","","","","","","","","","","","","","","","","","","","","","","","","","","","","","","SYN004BUFR","","","","","","","","","",""
"01047099999","2022-12-15T10:00:00","69.0166667","23.0666667","307.0","KAUTOKEINO II, NO","FM-12","4","","-12","-9","","","","","86","OVC:08 20","29.31","28.11","0.93","-9","180","","6","","","","","","","","","","","","","","","","","","","","","","","","","","","","","","","","","","","","","","","","","","","","","","","","","","","","","","","","","","","","","","","","","","","","","","","","","","","","","","","","","","","","","","","","","","","SYN004BUFR","","","","","","","","","",""
"01047099999","2022-12-17T01:00:00","69.0166667","23.0666667","307.0","KAUTOKEINO II, NO","FM-12","4","","-14","-10","","","","","83","SCT:03 66","29.70","28.48","37.28","-10","180","","6","","","","","","","","","","","","","","","","","","","","","","","","","","","","","","","","","","","","","","","","","","","","","","","","","","","","","","","","","","","","","","","","","","","","","","","","","","","","","","","","","","","","","","","","","","","SYN004BUFR","","","","","","","","","",""
"01047099999","2022-12-18T01:00:00","69.0166667","23.0666667","307.0","KAUTOKEINO II, NO","FM-12","4","","-25","-21","","","-0.04","3","83","SCT:03 20","29.98","28.72","37.28","-21","000","","0","","","","","","","","","","","","","","","","","","","","","","","","","","","","","","","","","","","","","","","","","","","","","","","","","","","","","","","","","","","","","","","","","","","","","","","","","","","","","","","","","","","","","","","","","","","SYN004BUFR","","","","","","","","","",""
"01047099999","2022-12-20T01:00:00","69.0166667","23.0666667","307.0","KAUTOKEINO II, NO","FM-12","4","","-19","-15","","","","","82","","30.03","28.78","37.28","-15","220","","2","","","","","","","","","","","","","","","","","","","","","","","","","","","","","","","","","","","","","","","","","","","","","","","","","","","","","","","","","","","","","","","","","","","","","","","","","","","","","","","","","","","","","","","","","","","SYN004BUFR","","","","","","","","","",""
"01047099999","2022-12-20T07:00:00","69.0166667","23.0666667","307.0","KAUTOKEINO II, NO","FM-12","4","","-24","-20","","","","","80","FEW:02 66","30.02","28.76","31.07","-20","000","","0","","","","","","","","","","","","","","","","","","","","","","","","","","","","","","","","","","","","","","","","","","","","","","","","","","","","","","","","","","","","","","","","","","","","","","","","","","","","","","","","","","","","","","","","","","","SYN004BUFR","","","","","","","","","",""
"01047099999","2022-12-20T10:00:00","69.0166667","23.0666667","307.0","KAUTOKEINO II, NO","FM-12","4","","-18","-14","","||FG","+0.01","7","81","VV:09","30.00","28.76","0.25","-14","180","","2","","","","","","","","","","","","","","","","","","","","","","","","","","","","","","","","","","","","","","","","","","","","","","","","","","","","","","","","","","","","","","","","","","","","","","","","","","","","","","","","","","","","","","","","","","","SYN004BUFR","","","","","","","","","",""
