"STATION","DATE","LATITUDE","LONGITUDE","ELEVATION","NAME","REPORT_TYPE","SOURCE","HourlyAltimeterSetting","HourlyDewPointTemperature","HourlyDryBulbTemperature","HourlyPrecipitation","HourlyPresentWeatherType","HourlyPressureChange","HourlyPressureTendency","HourlyRelativeHumidity","HourlySkyConditions","HourlySeaLevelPressure","HourlyStationPressure","HourlyVisibility","HourlyWetBulbTemperature","HourlyWindDirection","HourlyWindGustSpeed","HourlyWindSpeed","Sunrise","Sunset","DailyAverageDewPointTemperature","DailyAverageDryBulbTemperature","DailyAverageRelativeHumidity","DailyAverageSeaLevelPressure","DailyAverageStationPressure","DailyAverageWetBulbTemperature","DailyAverageWindSpeed","DailyCoolingDegreeDays","DailyDepartureFromNormalAverageTemperature","DailyHeatingDegreeDays","DailyMaximumDryBulbTemperature","DailyMinimumDryBulbTemperature","DailyPeakWindDirection","DailyPeakWindSpeed","DailyPrecipitation","DailySnowDepth","DailySnowfall","DailySustainedWindDirection","DailySustainedWindSpeed","DailyWeather","MonthlyAverageRH","MonthlyDaysWithGT001Precip","MonthlyDaysWithGT010Precip","MonthlyDaysWithGT32Temp","MonthlyDaysWithGT90Temp","MonthlyDaysWithLT0Temp","MonthlyDaysWithLT32Temp","MonthlyDepartureFromNormalAverageTemperature","MonthlyDepartureFromNormalCoolingDegreeDays","MonthlyDepartureFromNormalHeatingDegreeDays","MonthlyDepartureFromNormalMaximumTemperature","MonthlyDepartureFromNormalMinimumTemperature","MonthlyDepartureFromNormalPrecipitation","MonthlyDewpointTemperature","MonthlyGreatestPrecip","MonthlyGreatestPrecipDate","MonthlyGreatestSnowDepth","MonthlyGreatestSnowDepthDate","MonthlyGreatestSnowfall","MonthlyGreatestSnowfallDate","MonthlyMaxSeaLevelPressureValue","MonthlyMaxSeaLevelPressureValueDate","MonthlyMaxSeaLevelPressureValueTime","MonthlyMaximumTemperature","MonthlyMeanTemperature","MonthlyMinSeaLevelPressureValue","MonthlyMinSeaLevelPressureValueDate","MonthlyMinSeaLevelPressureValueTime","MonthlyMinimumTemperature","MonthlySeaLevelPressure","MonthlyStationPressure","MonthlyTotalLiquidPrecipitation","MonthlyTotalSnowfall","MonthlyWetBulb","AWND","CDSD","CLDD","DSNW","HDSD","HTDD","DYTS","DYHF","NormalsCoolingDegreeDay","NormalsHeatingDegreeDay","ShortDurationEndDate005","ShortDurationEndDate010","ShortDurationEndDate015","ShortDurationEndDate020","ShortDurationEndDate030","ShortDurationEndDate045","ShortDurationEndDate060","ShortDurationEndDate080","ShortDurationEndDate100","ShortDurationEndDate120","ShortDurationEndDate150","ShortDurationEndDate180","ShortDurationPrecipitationValue005","ShortDurationPrecipitationValue010","ShortDurationPrecipitationValue015","ShortDurationPrecipitationValue020","ShortDurationPrecipitationValue030","ShortDurationPrecipitationValue045","ShortDurationPrecipitationValue060","ShortDurationPrecipitationValue080","ShortDurationPrecipitationValue100","ShortDurationPrecipitationValue120","ShortDurationPrecipitationValue150","ShortDurationPrecipitationValue180","REM","BackupDirection","BackupDistance","BackupDistanceUnit","BackupElements","BackupElevation","BackupEquipment","BackupLatitude","BackupLongitude","BackupName","WindEquipmentChangeDate"
"01043099999","2022-02-17T15:00:00","70.4166666","22.8166666","10.0","ROGNSUNDET, NO","FM-12","4","","","26","","","","","","","","","","","127","24","17","","","","","","","","","","","","","","","","","","","","","","","","","","","","","","","","","","","","","","","","","","","","","","","","","","","","","","","","","","","","","","","","","","","","","","","","","","","","","","","","","","","","","","","","","","","SYN004BUFR","","","","","","","","","",""
"01043099999","2022-02-17T17:00:00","70.4166666","22.8166666","10.0","ROGNSUNDET, NO","FM-12","4","","","25","","","","","","","","","","","134","19","13","","","","","","","","","","","","","","","","","","","","","","","","","","","","","","","","","","","","","","","","","","","","","","","","","","","","","","","","","","","","","","","","","","","","","","","","","","","","","","","","","","","","","","","","","","","SYN004BUFR","","","","","","","","","",""
"01043099999","2022-02-17T18:00:00","70.4166666","22.8166666","10.0","ROGNSUNDET, NO","FM-12","4","","","25","","","","","","","","","","","134","24","15","","","","","","","","","","","","","","","","","","","","","","","","","","","","","","","","","","","","","","","","","","","","","","","","","","","","","","","","","","","","","","","","","","","","","","","","","","","","","","","","","","","","","","","","","","","SYN004BUFR","","","","","","","","","",""
"01043099999","2022-02-20T10:00:00","70.4166666","22.8166666","10.0","ROGNSUNDET, NO","FM-12","4","","","25","","","","","","","","","","","146","14","12","","","","","","","","","","","","","","","","","","","","","","","","","","","","","","","","","","","","","","","","","","","","","","","","","","","","","","","","","","","","","","","","","","","","","","","","","","","","","","","","","","","","","","","","","","","SYN004BUFR","","","","","","","","","",""
"01043099999","2022-03-04T17:00:00","70.4166666","22.8166666","10.0","ROGNSUNDET, NO","FM-12","4","","","31","","","","","","","","","","","133","12","9","","","","","","","","","","","","","","","","","","","","","","","","","","","","","","","","","","","","","","","","","","","","","","","","","","","","","","","","","","","","","","","","","","","","","","","","","","","","","","","","","","","","","","","","","","","SYN004BUFR","","","","","","","","","",""
"01043099999","2022-03-07T16:00:00","70.4166666","22.8166666","10.0","ROGNSUNDET, NO","FM-12","4","","","31","","","","","","","","","","","162","17","14","","","","","","","","","","","","","","","","","","","","","","","","","","","","","","","","","","","","","","","","","","","","","","","","","","","","","","","","","","","","","","","","","","","","","","","","","","","","","","","","","","","","","","","","","","","SYN004BUFR","","","","","","","","","",""
"01043099999","2022-03-31T00:00:00","70.4166666","22.8166666","10.0","ROGNSUNDET, NO","FM-12","4","","","28","","","","","","","","","","","","25","19","","","","","","","","","","","","","","","","","","","","","","","","","","","","","","","","","","","","","","","","","","","","","","","","","","","","","","","","","","","","","","","","","","","","","","","","","","","","","","","","","","","","","","","","","","","SYN004BUFR","","","","","","","","","",""
"01043099999","2022-10-19T09:00:00","70.4166666","22.8166666","10.0","ROGNSUNDET, NO","FM-12","4","","","45","","","","","","","","","","","254","39","31","","","","","","","","","","","","","","","","","","","","","","","","","","","","","","","","","","","","","","","","","","","","","","","","","","","","","","","","","","","","","","","","","","","","","","","","","","","","","","","","","","","","","","","","","","","SYN004BUFR","","","","","","","","","",""
"01043099999","2022-10-20T12:00:00","70.4166666","22.8166666","10.0","ROGNSUNDET, NO","FM-12","4","","","38","","","","","","","","","","","347","25","21","","","","","","","","","","","","","","","","","","","","","","","","","","","","","","","","","","","","","","","","","","","","","","","","","","","","","","","","","","","","","","","","","","","","","","","","","","","","","","","","","","","","","","","","","","","SYN004BUFR","","","","","","","","","",""
"01043099999","2022-10-25T10:00:00","70.4166666","22.8166666","10.0","ROGNSUNDET, NO","FM-12","4","","","34","","","","","","","","","","","137","26","18","","","","","","","","","","","","","","","","","","","","","","","","","","","","","","","","","","","","","","","","","","","","","","","","","","","","","","","","","","","","","","","","","","","","","","","","","","","","","","","","","","","","","","","","","","","SYN004BUFR","","","","","","","","","",""
"01043099999","2022-11-07T04:00:00","70.4166666","22.8166666","10.0","ROGNSUNDET, NO","FM-12","4","","","40","","","","","","","","","","","295","18","13","","","","","","","","","","","","","","","","","","","","","","","","","","","","","","","","","","","","","","","","","","","","","","","","","","","","","","","","","","","","","","","","","","","","","","","","","","","","","","","","","","","","","","","","","","","SYN004BUFR","","","","","","","","","",""
"01043099999","2022-11-07T05:00:00","70.4166666","22.8166666","10.0","ROGNSUNDET, NO","FM-12","4","","","39","","","","","","","","","","","268","21","17","","","","","","","","","","","","","","","","","","","","","","","","","","","","","","","","","","","","","","","","","","","","","","","","","","","","","","","","","","","","","","","","","","","","","","","","","","","","","","","","","","","","","","","","","","","SYN004BUFR","","","","","","","","","",""
"01043099999","2022-11-07T06:00:00","70.4166666","22.8166666","10.0","ROGNSUNDET, NO","FM-12","4","","","40","","","","","","","","","","","327","24","17","","","","","","","","","","","","","","","","","","","","","","","","","","","","","","","","","","","","","","","","","","","","","","","","","","","","","","","","","","","","","","","","","","","","","","","","","","","","","","","","","","","","","","","","","","","SYN004BUFR","","","","","","","","","",""
"01043099999","2022-11-07T08:00:00","70.4166666","22.8166666","10.0","ROGNSUNDET, NO","FM-12","4","","","39","","","","","","","","","","","322","36","29","","","","","","","","","","","","","","","","","","","","","","","","","","","","","","","","","","","","","","","","","","","","","","","","","","","","","","","","","","","","","","","","","","","","","","","","","","","","","","","","","","","","","","","","","","","SYN004BUFR","","","","","","","","","",""
"01043099999","2022-11-07T09:00:00","70.4166666","22.8166666","10.0","ROGNSUNDET, NO","FM-12","4","","","39","","","","","","","","","","","329","32","28","","","","","","","","","","","","","","","","","","","","","","","","","","","","","","","","","","","","","","","","","","","","","","","","","","","","","","","","","","","","","","","","","","","","","","","","","","","","","","","","","","","","","","","","","","","SYN004BUFR","","","","","","","","","",""
"01043099999","2022-11-07T11:00:00","70.4166666","22.8166666","10.0","ROGNSUNDET, NO","FM-12","4","","","39","","","","","","","","","","","269","28","23","","","","","","","","","","","","","","","","","","","","","","","","","","","","","","","","","","","","","","","","","","","","","","","","","","","","","","","","","","","","","","","","","","","","","","","","","","","","","","","","","","","","","","","","","","","SYN004BUFR","","","","","","","","","",""
"01043099999","2022-11-07T12:00:00","70.4166666","22.8166666","10.0","ROGNSUNDET, NO","FM-12","4","","","37","","","","","","","","","","","360","30","22","","","","","","","","","","","","","","","","","","","","","","","","","","","","","","","","","","","","","","","","","","","","","","","","","","","","","","","","","","","","","","","","","","","","","","","","","","","","","","","","","","","","","","","","","","","SYN004BUFR","","","","","","","","","",""
"01043099999","2022-11-07T13:00:00","70.4166666","22.8166666","10.0","ROGNSUNDET, NO","FM-12","4","","","39","","","","","","","","","","","336","23","14","","","","","","","","","","","","","","","","","","","","","","","","","","","","","","","","","","","","","","","","","","","","","","","","","","","","","","","","","","","","","","","","","","","","","","","","","","","","","","","","","","","","","","","","","","","SYN004BUFR","","","","","","","","","",""
"01043099999","2022-11-07T14:00:00","70.4166666","22.8166666","10.0","ROGNSUNDET, NO","FM-12","4","","","38","","","","","","","","","","","322","22","18","","","","","","","","","","","","","","","","","","","","","","","","","","","","","","","","","","","","","","","","","","","","","","","","","","","","","","","","","","","","","","","","","","","","","","","","","","","","","","","","","","","","","","","","","","","SYN004BUFR","","","","","","","","","",""
"01043099999","2022-12-07T01:00:00","70.4166666","22.8166666","10.0","ROGNSUNDET, NO","FM-12","4","","","34","","","","","","","","","","","","11","5","","","","","","","","","","","","","","","","","","","","","","","","","","","","","","","","","","","","","","","","","","","","","","","","","","","","","","","","","","","","","","","","","","","","","","","","","","","","","","","","","","","","","","","","","","","SYN004BUFR","","","","","","","","","",""
"01043099999","2022-12-16T01:00:00","70.4166666","22.8166666","10.0","ROGNSUNDET, NO","FM-12","4","","","32","","","","","","","","","","","","36","21","","","","","","","","","","","","","","","","","","","","","","","","","","","","","","","","","","","","","","","","","","","","","","","","","","","","","","","","","","","","","","","","","","","","","","","","","","","","","","","","","","","","","","","","","","","SYN004BUFR","","","","","","","","","",""
